order_id,date_key,customer_key,product_key,sales_rep_key,region_key,quantity,unit_price,gross_amount,discount_amount,net_amount,cost_amount
100001,20250509,235,2,4,8,16,576.14,9218.24,460.91,8757.33,3093.85
100002,20251121,295,4,23,3,5,4210.9,21054.5,0.0,21054.5,7375.66
100003,20241223,124,10,14,10,6,4677.47,28064.82,2806.48,25258.34,9272.91
100004,20250108,35,9,18,5,17,2112.21,35907.57,3590.76,32316.81,14591.83
100005,20230211,200,8,2,5,13,8152.69,105984.97,21196.99,84787.98,33977.09
100006,20230203,183,2,12,5,8,576.14,4609.12,460.91,4148.21,1973.1
100007,20241111,69,1,12,4,18,7004.72,126084.96,0.0,126084.96,60339.11
100008,20250809,246,11,6,9,5,4866.69,24333.45,0.0,24333.45,12294.19
100009,20250726,19,5,7,1,2,12606.96,25213.92,2521.39,22692.53,11962.55
100010,20241008,159,9,13,4,18,2112.21,38019.78,1900.99,36118.79,12906.12
100011,20240127,147,6,25,10,2,8457.66,16915.32,2537.3,14378.02,5986.79
100012,20230912,189,7,13,1,15,11044.9,165673.5,24851.02,140822.48,60177.52
100013,20240118,255,12,16,3,12,1192.37,14308.44,2146.27,12162.17,5519.86
100014,20230619,218,2,14,2,20,576.14,11522.8,2304.56,9218.24,3559.08
100015,20240824,165,2,3,10,11,576.14,6337.54,633.75,5703.79,2345.96
100016,20250522,86,12,15,7,12,1192.37,14308.44,715.42,13593.02,6733.48
100017,20241223,223,5,21,10,2,12606.96,25213.92,0.0,25213.92,12039.71
100018,20250114,263,12,22,10,6,1192.37,7154.22,1430.84,5723.38,2166.62
100019,20250616,18,3,3,7,8,1648.77,13190.16,1319.02,11871.14,5024.65
100020,20250223,291,1,20,9,5,7004.72,35023.6,3502.36,31521.24,17014.05
100021,20250131,228,2,19,7,5,576.14,2880.7,144.03,2736.67,1175.69
100022,20240724,128,2,1,8,6,576.14,3456.84,172.84,3284.0,1403.57
100023,20230830,135,5,23,2,15,12606.96,189104.4,0.0,189104.4,89328.27
100024,20251002,103,2,5,10,3,576.14,1728.42,86.42,1642.0,869.83
100025,20250630,45,11,11,3,12,4866.69,58400.28,5840.03,52560.25,24177.69
100026,20240817,154,3,23,9,6,1648.77,9892.62,989.26,8903.36,4022.1
100027,20230906,103,3,8,10,16,1648.77,26380.32,0.0,26380.32,12156.16
100028,20250125,240,9,5,3,20,2112.21,42244.2,6336.63,35907.57,13039.82
100029,20250326,246,9,14,9,14,2112.21,29570.94,2957.09,26613.85,9707.41
100030,20241011,38,8,15,5,17,8152.69,138595.73,0.0,138595.73,72844.81
100031,20240108,67,7,17,1,2,11044.9,22089.8,2208.98,19880.82,9018.35
100032,20240914,85,3,11,4,8,1648.77,13190.16,0.0,13190.16,7098.69
100033,20240804,41,5,7,9,18,12606.96,226925.28,0.0,226925.28,107790.52
100034,20251228,48,9,21,5,6,2112.21,12673.26,633.66,12039.6,5612.01
100035,20231217,173,10,2,2,1,4677.47,4677.47,0.0,4677.47,2524.47
100036,20240626,108,10,14,8,20,4677.47,93549.4,4677.47,88871.93,39957.5
100037,20240816,155,8,8,10,13,8152.69,105984.97,0.0,105984.97,38641.55
100038,20230503,81,8,14,4,16,8152.69,130443.04,6522.15,123920.89,51803.7
100039,20231022,161,12,11,7,12,1192.37,14308.44,2861.69,11446.75,4305.73
100040,20250128,264,9,4,6,11,2112.21,23234.31,0.0,23234.31,8701.35
100041,20250709,127,3,4,8,2,1648.77,3297.54,0.0,3297.54,1407.49
100042,20250506,128,3,11,8,19,1648.77,31326.63,3132.66,28193.97,10938.32
100043,20231123,256,9,15,2,16,2112.21,33795.36,5069.3,28726.06,12911.62
100044,20230704,202,9,15,4,8,2112.21,16897.68,0.0,16897.68,7106.81
100045,20230414,145,8,20,8,16,8152.69,130443.04,0.0,130443.04,45868.4
100046,20230809,221,3,9,1,12,1648.77,19785.24,1978.52,17806.72,7535.58
100047,20250331,27,10,18,9,7,4677.47,32742.29,0.0,32742.29,13349.7
100048,20250302,259,8,25,2,18,8152.69,146748.42,0.0,146748.42,80391.45
100049,20230901,66,2,13,3,12,576.14,6913.68,691.37,6222.31,2599.79
100050,20250118,74,4,20,7,17,4210.9,71585.3,3579.27,68006.03,24349.63
100051,20230321,71,12,11,4,16,1192.37,19077.92,953.9,18124.02,6883.29
100052,20251121,72,6,20,1,11,8457.66,93034.26,0.0,93034.26,50994.23
100053,20240904,173,9,17,2,18,2112.21,38019.78,1900.99,36118.79,16708.01
100054,20250830,9,6,11,9,4,8457.66,33830.64,6766.13,27064.51,12632.1
100055,20230224,243,5,21,10,19,12606.96,239532.24,11976.61,227555.63,112476.2
100056,20250910,88,9,21,6,20,2112.21,42244.2,4224.42,38019.78,16197.87
100057,20240511,17,10,23,8,4,4677.47,18709.88,0.0,18709.88,8198.81
100058,20250507,78,7,23,8,7,11044.9,77314.3,3865.72,73448.58,37091.13
100059,20250823,32,12,5,4,17,1192.37,20270.29,0.0,20270.29,8412.37
100060,20250906,270,7,11,10,6,11044.9,66269.4,3313.47,62955.93,28747.28
100061,20241226,136,10,16,3,7,4677.47,32742.29,6548.46,26193.83,10629.49
100062,20240903,116,5,25,4,10,12606.96,126069.6,12606.96,113462.64,55375.21
100063,20250928,163,8,12,2,18,8152.69,146748.42,22012.26,124736.16,63500.82
100064,20240714,148,2,19,3,18,576.14,10370.52,0.0,10370.52,5662.64
100065,20241207,75,5,2,1,10,12606.96,126069.6,25213.92,100855.68,36893.6
100066,20250624,132,12,16,7,7,1192.37,8346.59,0.0,8346.59,3820.36
100067,20240710,71,2,20,4,19,576.14,10946.66,0.0,10946.66,3942.47
100068,20251223,116,11,8,4,2,4866.69,9733.38,0.0,9733.38,4049.66
100069,20250825,52,11,25,3,5,4866.69,24333.45,0.0,24333.45,11195.1
100070,20231120,209,11,16,9,16,4866.69,77867.04,7786.7,70080.34,35123.02
100071,20240811,165,5,21,10,2,12606.96,25213.92,3782.09,21431.83,7884.6
100072,20240420,274,12,24,3,2,1192.37,2384.74,357.71,2027.03,780.43
100073,20231227,19,7,16,1,6,11044.9,66269.4,9940.41,56328.99,30554.32
100074,20240815,20,1,10,6,19,7004.72,133089.68,6654.48,126435.2,67730.19
100075,20241117,146,8,21,6,18,8152.69,146748.42,7337.42,139411.0,73588.37
100076,20231002,259,8,9,2,7,8152.69,57068.83,5706.88,51361.95,21373.6
100077,20250728,132,12,6,7,1,1192.37,1192.37,119.24,1073.13,545.31
100078,20240131,90,10,21,8,13,4677.47,60807.11,6080.71,54726.4,24794.13
100079,20230627,206,11,4,3,6,4866.69,29200.14,5840.03,23360.11,10406.71
100080,20240523,4,5,13,3,8,12606.96,100855.68,5042.78,95812.9,38650.82
100081,20241106,155,10,24,10,19,4677.47,88871.93,0.0,88871.93,42724.0
100082,20240428,32,11,4,4,15,4866.69,73000.35,0.0,73000.35,31469.23
100083,20251026,160,12,4,3,10,1192.37,11923.7,0.0,11923.7,4699.96
100084,20231001,245,3,15,7,20,1648.77,32975.4,0.0,32975.4,16170.75
100085,20250822,276,11,7,6,8,4866.69,38933.52,3893.35,35040.17,16439.55
100086,20230617,270,8,17,10,12,8152.69,97832.28,0.0,97832.28,45280.08
100087,20230507,281,9,7,7,19,2112.21,40131.99,2006.6,38125.39,14598.5
100088,20251201,227,2,22,7,7,576.14,4032.98,403.3,3629.68,1625.25
100089,20251111,229,1,15,5,5,7004.72,35023.6,1751.18,33272.42,14685.11
100090,20230429,287,8,22,4,10,8152.69,81526.9,8152.69,73374.21,31491.46
100091,20230107,112,10,3,4,2,4677.47,9354.94,467.75,8887.19,4355.41
100092,20230504,36,8,2,10,10,8152.69,81526.9,4076.34,77450.56,39019.16
100093,20250510,192,7,15,1,13,11044.9,143583.7,0.0,143583.7,69860.09
100094,20230930,179,2,6,5,18,576.14,10370.52,0.0,10370.52,3893.81
100095,20240401,2,1,10,5,15,7004.72,105070.8,10507.08,94563.72,43394.26
100096,20251225,195,4,8,9,15,4210.9,63163.5,0.0,63163.5,25589.43
100097,20230820,17,11,14,8,20,4866.69,97333.8,9733.38,87600.42,46143.64
100098,20230202,124,4,3,10,4,4210.9,16843.6,842.18,16001.42,7029.24
100099,20230410,126,12,2,1,13,1192.37,15500.81,775.04,14725.77,6743.7
100100,20230426,72,9,10,1,8,2112.21,16897.68,1689.77,15207.91,7547.74
100101,20241015,296,10,25,8,11,4677.47,51452.17,0.0,51452.17,27025.34
100102,20251203,114,7,10,6,9,11044.9,99404.1,0.0,99404.1,53648.8
100103,20231225,219,9,16,9,2,2112.21,4224.42,844.88,3379.54,1819.26
100104,20250219,269,6,23,9,14,8457.66,118407.24,5920.36,112486.88,46117.11
100105,20240112,276,8,8,6,8,8152.69,65221.52,0.0,65221.52,32057.38
100106,20250806,30,9,14,9,14,2112.21,29570.94,1478.55,28092.39,10585.73
100107,20240512,131,4,11,10,3,4210.9,12632.7,1894.9,10737.8,5577.5
100108,20230709,275,12,7,6,2,1192.37,2384.74,0.0,2384.74,1155.97
100109,20230322,38,4,25,5,19,4210.9,80007.1,8000.71,72006.39,33250.4
100110,20250908,107,6,10,6,1,8457.66,8457.66,0.0,8457.66,3281.61
100111,20230829,246,4,23,9,20,4210.9,84218.0,8421.8,75796.2,32541.31
100112,20240505,283,6,25,3,10,8457.66,84576.6,0.0,84576.6,38628.67
100113,20250105,158,5,12,3,17,12606.96,214318.32,32147.75,182170.57,80738.14
100114,20250819,164,4,12,9,11,4210.9,46319.9,2316.0,44003.9,20352.02
100115,20240329,75,1,9,1,18,7004.72,126084.96,18912.74,107172.22,49923.88
100116,20250505,152,3,7,9,11,1648.77,18136.47,0.0,18136.47,8414.56
100117,20240518,256,9,21,2,11,2112.21,23234.31,0.0,23234.31,11949.83
100118,20251001,236,3,24,6,12,1648.77,19785.24,0.0,19785.24,9775.15
100119,20250927,95,9,21,6,2,2112.21,4224.42,211.22,4013.2,2078.09
100120,20230602,25,1,14,7,5,7004.72,35023.6,3502.36,31521.24,12491.45
100121,20231106,5,4,17,10,15,4210.9,63163.5,0.0,63163.5,29912.15
100122,20250916,250,1,1,8,18,7004.72,126084.96,6304.25,119780.71,42207.15
100123,20251220,141,9,10,4,1,2112.21,2112.21,105.61,2006.6,982.37
100124,20250531,92,2,4,8,17,576.14,9794.38,0.0,9794.38,3804.0
100125,20251214,130,6,9,10,13,8457.66,109949.58,0.0,109949.58,59577.23
100126,20250729,290,4,23,8,8,4210.9,33687.2,0.0,33687.2,17369.54
100127,20230615,17,2,13,8,13,576.14,7489.82,0.0,7489.82,3334.48
100128,20230120,88,2,16,6,14,576.14,8065.96,403.3,7662.66,3189.61
100129,20230715,271,1,8,3,7,7004.72,49033.04,7354.96,41678.08,20357.97
100130,20250831,139,1,3,2,9,7004.72,63042.48,9456.37,53586.11,24794.4
100131,20230309,92,6,1,8,7,8457.66,59203.62,2960.18,56243.44,28147.08
100132,20250326,40,5,6,2,19,12606.96,239532.24,0.0,239532.24,123821.43
100133,20250307,277,6,13,5,5,8457.66,42288.3,4228.83,38059.47,18567.77
100134,20230610,257,12,12,7,2,1192.37,2384.74,0.0,2384.74,945.38
100135,20230605,175,10,25,9,20,4677.47,93549.4,18709.88,74839.52,32131.65
100136,20241030,16,11,9,4,15,4866.69,73000.35,3650.02,69350.33,29207.74
100137,20250207,222,3,22,8,19,1648.77,31326.63,3132.66,28193.97,10351.1
100138,20240827,127,12,3,8,3,1192.37,3577.11,0.0,3577.11,1523.85
100139,20231112,200,6,12,5,4,8457.66,33830.64,0.0,33830.64,18220.91
100140,20250629,185,5,4,5,5,12606.96,63034.8,0.0,63034.8,27495.52
100141,20251115,209,2,1,9,3,576.14,1728.42,0.0,1728.42,637.12
100142,20241026,198,1,10,7,14,7004.72,98066.08,0.0,98066.08,35984.36
100143,20240512,293,9,6,2,13,2112.21,27458.73,0.0,27458.73,11087.39
100144,20240703,253,3,3,6,6,1648.77,9892.62,494.63,9397.99,4080.8
100145,20250918,40,6,9,2,8,8457.66,67661.28,6766.13,60895.15,27351.7
100146,20240205,235,2,5,8,10,576.14,5761.4,0.0,5761.4,2472.44
100147,20250217,169,8,11,8,14,8152.69,114137.66,11413.77,102723.89,53611.77
100148,20231006,154,6,20,9,7,8457.66,59203.62,2960.18,56243.44,21683.39
100149,20250326,164,5,24,9,16,12606.96,201711.36,40342.27,161369.09,81716.48
100150,20241029,193,5,13,3,12,12606.96,151283.52,0.0,151283.52,70009.49
100151,20240104,282,1,24,4,15,7004.72,105070.8,15760.62,89310.18,35003.31
100152,20240819,36,7,22,10,16,11044.9,176718.4,0.0,176718.4,72554.66
100153,20240601,79,12,14,8,13,1192.37,15500.81,0.0,15500.81,8496.62
100154,20250908,299,7,18,6,17,11044.9,187763.3,28164.49,159598.81,83618.09
100155,20250506,279,1,12,7,18,7004.72,126084.96,6304.25,119780.71,63828.77
100156,20230812,128,11,22,8,12,4866.69,58400.28,0.0,58400.28,27596.21
100157,20250329,170,7,4,3,1,11044.9,11044.9,0.0,11044.9,4356.11
100158,20251128,286,10,23,10,19,4677.47,88871.93,0.0,88871.93,37754.92
100159,20250806,257,3,12,7,1,1648.77,1648.77,82.44,1566.33,640.76
100160,20230625,60,12,5,2,12,1192.37,14308.44,0.0,14308.44,6310.97
100161,20240228,267,8,12,1,16,8152.69,130443.04,0.0,130443.04,64490.88
100162,20250715,164,2,10,9,2,576.14,1152.28,115.23,1037.05,386.84
100163,20241203,56,11,6,2,8,4866.69,38933.52,1946.68,36986.84,17028.08
100164,20241108,287,7,15,4,8,11044.9,88359.2,8835.92,79523.28,37849.27
100165,20240117,222,7,1,8,20,11044.9,220898.0,33134.7,187763.3,82599.89
100166,20250529,200,1,23,5,7,7004.72,49033.04,0.0,49033.04,24539.33
100167,20230509,296,2,18,8,6,576.14,3456.84,0.0,3456.84,1346.14
100168,20230822,135,11,16,2,17,4866.69,82733.73,16546.75,66186.98,27314.1
100169,20250306,201,10,4,8,12,4677.47,56129.64,0.0,56129.64,24785.28
100170,20231220,153,10,19,2,3,4677.47,14032.41,1403.24,12629.17,5211.26
100171,20240503,157,2,6,8,12,576.14,6913.68,691.37,6222.31,2813.51
100172,20250506,71,10,13,4,14,4677.47,65484.58,0.0,65484.58,31242.71
100173,20231221,285,3,16,3,10,1648.77,16487.7,0.0,16487.7,6808.04
100174,20250712,28,6,1,4,16,8457.66,135322.56,0.0,135322.56,69426.32
100175,20251101,254,7,22,7,16,11044.9,176718.4,8835.92,167882.48,86959.49
100176,20250927,86,2,19,7,1,576.14,576.14,57.61,518.53,204.36
100177,20230308,141,4,18,4,10,4210.9,42109.0,0.0,42109.0,18589.62
100178,20251011,282,9,4,4,19,2112.21,40131.99,0.0,40131.99,20267.56
100179,20250121,278,1,25,2,15,7004.72,105070.8,5253.54,99817.26,54695.38
100180,20230729,127,5,2,8,15,12606.96,189104.4,0.0,189104.4,98795.69
100181,20230628,225,2,25,9,8,576.14,4609.12,0.0,4609.12,2293.14
100182,20241219,220,3,20,1,5,1648.77,8243.85,824.39,7419.46,3804.0
100183,20230502,292,6,18,5,9,8457.66,76118.94,3805.95,72312.99,27744.72
100184,20240822,149,10,9,10,17,4677.47,79516.99,15903.4,63613.59,30907.29
100185,20230715,70,7,2,9,9,11044.9,99404.1,14910.61,84493.49,31716.97
100186,20230929,128,3,23,8,11,1648.77,18136.47,1813.65,16322.82,8198.87
100187,20250315,251,3,19,4,9,1648.77,14838.93,741.95,14096.98,5991.7
100188,20230604,48,7,17,5,9,11044.9,99404.1,9940.41,89463.69,47009.9
100189,20250720,250,6,19,8,1,8457.66,8457.66,1268.65,7189.01,3734.21
100190,20230710,235,11,22,8,12,4866.69,58400.28,8760.04,49640.24,25273.61
100191,20250325,112,7,7,4,16,11044.9,176718.4,0.0,176718.4,91128.15
100192,20241122,281,10,5,7,19,4677.47,88871.93,13330.79,75541.14,38349.27
100193,20230410,24,2,21,4,15,576.14,8642.1,0.0,8642.1,4631.19
100194,20231120,226,8,1,2,14,8152.69,114137.66,0.0,114137.66,55667.03
100195,20230928,155,3,9,10,3,1648.77,4946.31,494.63,4451.68,1781.02
100196,20250131,85,1,13,4,10,7004.72,70047.2,7004.72,63042.48,31587.21
100197,20250529,47,12,4,6,1,1192.37,1192.37,0.0,1192.37,435.92
100198,20240408,266,11,15,1,1,4866.69,4866.69,0.0,4866.69,2037.76
100199,20230904,217,12,5,3,16,1192.37,19077.92,0.0,19077.92,8138.91
100200,20230729,53,6,12,4,10,8457.66,84576.6,0.0,84576.6,42685.14
100201,20230930,74,2,17,7,19,576.14,10946.66,0.0,10946.66,5254.44
100202,20250620,180,12,7,7,5,1192.37,5961.85,894.28,5067.57,2398.05
100203,20250625,112,2,4,4,5,576.14,2880.7,288.07,2592.63,1213.13
100204,20250225,180,7,11,7,5,11044.9,55224.5,0.0,55224.5,26448.34
100205,20240523,284,10,20,9,20,4677.47,93549.4,0.0,93549.4,50353.51
100206,20230224,155,4,17,10,20,4210.9,84218.0,4210.9,80007.1,39969.05
100207,20240828,28,4,16,4,13,4210.9,54741.7,0.0,54741.7,24629.19
100208,20230526,271,1,12,3,11,7004.72,77051.92,0.0,77051.92,40233.65
100209,20250511,188,9,22,1,6,2112.21,12673.26,1267.33,11405.93,6169.36
100210,20230530,9,10,3,9,1,4677.47,4677.47,0.0,4677.47,1674.37
100211,20230504,204,9,10,8,17,2112.21,35907.57,3590.76,32316.81,14048.6
100212,20250403,43,11,18,1,18,4866.69,87600.42,4380.02,83220.4,33745.34
100213,20240926,41,9,7,9,5,2112.21,10561.05,528.05,10033.0,4295.59
100214,20230516,159,12,14,4,8,1192.37,9538.96,0.0,9538.96,3503.11
100215,20250608,60,8,20,2,20,8152.69,163053.8,0.0,163053.8,78790.19
100216,20231226,62,1,23,4,5,7004.72,35023.6,3502.36,31521.24,12065.28
100217,20241211,268,9,24,2,9,2112.21,19009.89,0.0,19009.89,7136.05
100218,20240704,61,1,11,7,14,7004.72,98066.08,0.0,98066.08,35575.86
100219,20230607,255,8,17,3,12,8152.69,97832.28,0.0,97832.28,51055.92
100220,20231208,189,3,9,1,4,1648.77,6595.08,989.26,5605.82,2717.84
100221,20230825,117,12,17,4,1,1192.37,1192.37,0.0,1192.37,623.12
100222,20240515,24,8,12,4,13,8152.69,105984.97,15897.75,90087.22,34754.95
100223,20230314,284,12,24,9,14,1192.37,16693.18,0.0,16693.18,6671.47
100224,20241017,139,2,19,2,12,576.14,6913.68,0.0,6913.68,3350.82
100225,20230418,92,4,17,8,2,4210.9,8421.8,1684.36,6737.44,2450.98
100226,20250810,145,5,11,8,3,12606.96,37820.88,1891.04,35929.84,12632.71
100227,20240215,150,10,10,6,20,4677.47,93549.4,0.0,93549.4,39632.65
100228,20251007,101,12,18,5,8,1192.37,9538.96,0.0,9538.96,5117.46
100229,20230218,120,9,12,9,1,2112.21,2112.21,422.44,1689.77,591.91
100230,20250209,158,2,7,3,17,576.14,9794.38,1958.88,7835.5,3400.32
100231,20230503,73,12,9,2,3,1192.37,3577.11,0.0,3577.11,1417.59
100232,20251130,212,12,12,10,15,1192.37,17885.55,3577.11,14308.44,5250.92
100233,20230715,259,3,21,2,13,1648.77,21434.01,0.0,21434.01,9936.04
100234,20250609,67,4,10,1,9,4210.9,37898.1,5684.71,32213.39,17240.88
100235,20250315,168,6,15,10,9,8457.66,76118.94,0.0,76118.94,41006.11
100236,20231006,300,2,5,8,4,576.14,2304.56,0.0,2304.56,1021.41
100237,20250412,62,9,12,4,7,2112.21,14785.47,739.27,14046.2,6217.82
100238,20230903,47,3,22,6,10,1648.77,16487.7,1648.77,14838.93,7261.81
100239,20230324,111,6,5,7,3,8457.66,25372.98,2537.3,22835.68,12415.3
100240,20250322,263,1,22,10,10,7004.72,70047.2,0.0,70047.2,38395.34
100241,20230305,208,8,18,4,18,8152.69,146748.42,0.0,146748.42,64922.77
100242,20231014,63,1,2,10,8,7004.72,56037.76,0.0,56037.76,28844.58
100243,20250201,44,10,19,1,9,4677.47,42097.23,6314.58,35782.65,13060.58
100244,20230513,102,11,15,2,5,4866.69,24333.45,0.0,24333.45,12640.13
100245,20241110,63,1,15,10,2,7004.72,14009.44,0.0,14009.44,6511.26
100246,20250319,255,1,13,3,14,7004.72,98066.08,0.0,98066.08,38534.4
100247,20240119,141,5,15,4,5,12606.96,63034.8,0.0,63034.8,29868.11
100248,20240518,152,8,14,9,18,8152.69,146748.42,7337.42,139411.0,51239.72
100249,20250223,71,7,7,4,17,11044.9,187763.3,0.0,187763.3,103047.78
100250,20230209,196,12,12,8,16,1192.37,19077.92,953.9,18124.02,8100.28
100251,20251025,165,7,9,10,6,11044.9,66269.4,0.0,66269.4,31108.4
100252,20230302,144,1,16,5,17,7004.72,119080.24,0.0,119080.24,55586.39
100253,20240421,82,2,8,8,8,576.14,4609.12,0.0,4609.12,2365.66
100254,20230425,113,10,13,8,12,4677.47,56129.64,8419.45,47710.19,26159.9
100255,20231222,91,4,19,6,11,4210.9,46319.9,4631.99,41687.91,20407.29
100256,20230227,181,10,19,10,5,4677.47,23387.35,1169.37,22217.98,8612.73
100257,20251005,278,5,6,2,16,12606.96,201711.36,0.0,201711.36,72864.92
100258,20240324,11,9,16,9,1,2112.21,2112.21,0.0,2112.21,998.71
100259,20230925,175,12,6,9,11,1192.37,13116.07,0.0,13116.07,4978.1
100260,20231018,57,9,12,9,3,2112.21,6336.63,0.0,6336.63,3411.54
100261,20250321,52,6,10,3,11,8457.66,93034.26,0.0,93034.26,35492.64
100262,20250613,250,11,11,8,6,4866.69,29200.14,2920.01,26280.13,12151.81
100263,20241231,115,11,19,6,6,4866.69,29200.14,0.0,29200.14,14506.6
100264,20240826,66,3,24,3,1,1648.77,1648.77,247.32,1401.45,756.42
100265,20250312,291,1,6,9,20,7004.72,140094.4,0.0,140094.4,71694.9
100266,20240328,290,2,16,8,5,576.14,2880.7,0.0,2880.7,1053.07
100267,20241211,164,3,21,9,3,1648.77,4946.31,494.63,4451.68,2154.63
100268,20241118,229,1,9,5,7,7004.72,49033.04,0.0,49033.04,17826.4
100269,20240609,56,12,1,2,2,1192.37,2384.74,0.0,2384.74,1184.06
100270,20231207,212,8,13,10,12,8152.69,97832.28,4891.61,92940.67,34414.6
100271,20250908,296,11,25,8,8,4866.69,38933.52,0.0,38933.52,14200.69
100272,20230310,151,1,11,3,9,7004.72,63042.48,12608.5,50433.98,18400.34
100273,20231215,193,3,24,3,3,1648.77,4946.31,247.32,4698.99,2488.7
100274,20230710,174,10,20,7,16,4677.47,74839.52,7483.95,67355.57,29384.86
100275,20231204,223,3,2,10,4,1648.77,6595.08,0.0,6595.08,3593.53
100276,20250418,284,12,24,9,18,1192.37,21462.66,0.0,21462.66,8720.38
100277,20240501,50,1,13,7,19,7004.72,133089.68,6654.48,126435.2,56666.95
100278,20230422,185,1,14,5,3,7004.72,21014.16,0.0,21014.16,10137.32
100279,20250910,103,2,1,10,7,576.14,4032.98,0.0,4032.98,1646.92
100280,20230617,243,2,10,10,13,576.14,7489.82,374.49,7115.33,3763.84
100281,20240626,47,11,18,6,13,4866.69,63266.97,0.0,63266.97,33347.93
100282,20250126,96,8,2,5,9,8152.69,73374.21,3668.71,69705.5,28069.02
100283,20240704,289,1,5,8,4,7004.72,28018.88,0.0,28018.88,11733.14
100284,20250427,117,9,2,4,13,2112.21,27458.73,2745.87,24712.86,10718.62
100285,20250830,294,4,16,2,10,4210.9,42109.0,0.0,42109.0,22341.16
100286,20230313,258,10,17,6,19,4677.47,88871.93,8887.19,79984.74,37917.14
100287,20230904,230,3,6,2,7,1648.77,11541.39,1154.14,10387.25,3897.68
100288,20250517,41,11,14,9,7,4866.69,34066.83,6813.37,27253.46,12957.53
100289,20240612,164,12,3,9,3,1192.37,3577.11,0.0,3577.11,1536.27
100290,20241029,142,9,15,1,1,2112.21,2112.21,211.22,1900.99,902.23
100291,20251206,215,2,14,5,5,576.14,2880.7,0.0,2880.7,1346.98
100292,20230725,55,10,25,4,4,4677.47,18709.88,1870.99,16838.89,8815.08
100293,20241205,211,5,13,10,16,12606.96,201711.36,10085.57,191625.79,85198.61
100294,20231219,142,7,5,1,20,11044.9,220898.0,11044.9,209853.1,102561.98
100295,20230321,203,6,23,7,8,8457.66,67661.28,0.0,67661.28,30112.22
100296,20240704,191,1,11,10,10,7004.72,70047.2,0.0,70047.2,36324.33
100297,20230721,117,3,10,4,15,1648.77,24731.55,2473.16,22258.39,9218.84
100298,20250503,46,4,15,1,7,4210.9,29476.3,4421.44,25054.86,10809.52
100299,20250919,265,6,2,8,17,8457.66,143780.22,14378.02,129402.2,46988.97
100300,20251103,207,3,25,7,17,1648.77,28029.09,4204.36,23824.73,8476.59
100301,20240130,103,1,8,10,2,7004.72,14009.44,700.47,13308.97,7101.75
100302,20240212,141,6,15,4,17,8457.66,143780.22,0.0,143780.22,76867.02
100303,20230304,124,6,16,10,20,8457.66,169153.2,8457.66,160695.54,87113.71
100304,20250829,283,6,12,3,6,8457.66,50745.96,5074.6,45671.36,18347.65
100305,20230705,146,1,13,6,2,7004.72,14009.44,0.0,14009.44,6506.71
100306,20240314,114,11,8,6,7,4866.69,34066.83,0.0,34066.83,14713.51
100307,20230211,5,8,5,10,6,8152.69,48916.14,2445.81,46470.33,16343.28
100308,20240531,157,12,23,8,9,1192.37,10731.33,536.57,10194.76,4335.78
100309,20241215,236,5,7,6,15,12606.96,189104.4,0.0,189104.4,85877.52
100310,20250324,300,2,1,8,17,576.14,9794.38,1958.88,7835.5,4257.0
100311,20250205,288,11,20,8,20,4866.69,97333.8,0.0,97333.8,47390.14
100312,20250913,33,6,9,10,11,8457.66,93034.26,13955.14,79079.12,31807.95
100313,20240903,97,3,17,8,8,1648.77,13190.16,1978.52,11211.64,5730.11
100314,20250407,164,11,5,9,1,4866.69,4866.69,486.67,4380.02,2406.79
100315,20240615,215,7,13,5,2,11044.9,22089.8,1104.49,20985.31,11519.9
100316,20240124,176,12,23,10,8,1192.37,9538.96,953.9,8585.06,4100.76
100317,20250901,184,9,10,9,6,2112.21,12673.26,1267.33,11405.93,5991.52
100318,20240106,151,2,16,3,5,576.14,2880.7,288.07,2592.63,1283.45
100319,20240110,172,11,3,1,8,4866.69,38933.52,0.0,38933.52,19421.67
100320,20240920,216,6,12,3,9,8457.66,76118.94,3805.95,72312.99,32016.73
100321,20230830,241,1,21,1,19,7004.72,133089.68,6654.48,126435.2,59946.84
100322,20250825,100,9,4,8,13,2112.21,27458.73,1372.94,26085.79,11285.27
100323,20231105,71,4,11,4,14,4210.9,58952.6,11790.52,47162.08,24928.41
100324,20250726,74,6,23,7,6,8457.66,50745.96,5074.6,45671.36,20438.67
100325,20231229,161,11,2,7,1,4866.69,4866.69,243.33,4623.36,1811.79
100326,20231212,296,3,16,8,3,1648.77,4946.31,0.0,4946.31,2160.26
100327,20250529,207,7,16,7,13,11044.9,143583.7,0.0,143583.7,65582.79
100328,20250203,8,6,25,10,17,8457.66,143780.22,0.0,143780.22,69783.68
100329,20240524,116,12,12,4,10,1192.37,11923.7,0.0,11923.7,5087.96
100330,20240918,86,2,2,7,10,576.14,5761.4,864.21,4897.19,2160.57
100331,20251201,269,6,14,9,5,8457.66,42288.3,0.0,42288.3,22424.5
100332,20250105,97,3,13,8,1,1648.77,1648.77,0.0,1648.77,816.86
100333,20230926,109,12,1,8,19,1192.37,22655.03,1132.75,21522.28,8062.94
100334,20230318,193,11,9,3,18,4866.69,87600.42,4380.02,83220.4,39012.46
100335,20230409,56,11,1,2,2,4866.69,9733.38,973.34,8760.04,3796.21
100336,20250217,64,9,9,9,16,2112.21,33795.36,3379.54,30415.82,11895.6
100337,20230120,155,7,22,10,4,11044.9,44179.6,4417.96,39761.64,16063.52
100338,20231008,215,2,17,5,20,576.14,11522.8,0.0,11522.8,4295.73
100339,20230806,255,4,20,3,7,4210.9,29476.3,2947.63,26528.67,13696.75
100340,20240218,184,12,14,9,10,1192.37,11923.7,0.0,11923.7,5480.46
100341,20240301,247,6,8,10,1,8457.66,8457.66,0.0,8457.66,3110.73
100342,20230815,294,11,16,2,5,4866.69,24333.45,3650.02,20683.43,10463.86
100343,20230603,52,5,21,3,8,12606.96,100855.68,5042.78,95812.9,52261.93
100344,20240624,238,1,4,9,6,7004.72,42028.32,6304.25,35724.07,18592.58
100345,20250107,161,7,24,7,4,11044.9,44179.6,0.0,44179.6,22162.29
100346,20230404,5,3,22,10,6,1648.77,9892.62,0.0,9892.62,5232.26
100347,20240703,48,6,11,5,6,8457.66,50745.96,0.0,50745.96,21823.3
100348,20250723,140,7,23,10,16,11044.9,176718.4,17671.84,159046.56,76305.66
100349,20231208,58,3,23,3,2,1648.77,3297.54,659.51,2638.03,1368.79
100350,20230801,214,10,16,1,19,4677.47,88871.93,8887.19,79984.74,30894.27
100351,20250216,184,10,1,9,5,4677.47,23387.35,1169.37,22217.98,9945.31
100352,20250422,226,1,3,2,9,7004.72,63042.48,6304.25,56738.23,19998.64
100353,20251210,296,12,19,8,8,1192.37,9538.96,1907.79,7631.17,3693.25
100354,20241123,266,9,23,1,20,2112.21,42244.2,0.0,42244.2,20376.18
100355,20240524,247,6,22,10,13,8457.66,109949.58,0.0,109949.58,56655.65
100356,20230422,6,11,6,9,17,4866.69,82733.73,8273.37,74460.36,38747.25
100357,20231205,39,8,11,9,8,8152.69,65221.52,0.0,65221.52,26455.9
100358,20251104,115,9,21,6,13,2112.21,27458.73,1372.94,26085.79,10356.06
100359,20250729,228,10,15,7,3,4677.47,14032.41,2104.86,11927.55,5241.13
100360,20230901,255,12,21,3,1,1192.37,1192.37,0.0,1192.37,515.66
100361,20230101,47,10,20,6,10,4677.47,46774.7,7016.2,39758.5,18386.97
100362,20250723,175,6,2,9,8,8457.66,67661.28,6766.13,60895.15,25356.41
100363,20250826,187,12,15,10,4,1192.37,4769.48,0.0,4769.48,2297.85
100364,20230105,175,6,21,9,10,8457.66,84576.6,4228.83,80347.77,34129.97
100365,20230806,24,3,16,4,5,1648.77,8243.85,824.39,7419.46,3698.62
100366,20250418,55,5,20,4,7,12606.96,88248.72,0.0,88248.72,47305.13
100367,20250315,111,8,7,7,11,8152.69,89679.59,0.0,89679.59,38821.76
100368,20230910,231,8,22,3,19,8152.69,154901.11,30980.22,123920.89,46709.15
100369,20251018,3,9,24,3,2,2112.21,4224.42,211.22,4013.2,1752.01
100370,20250916,261,3,23,5,19,1648.77,31326.63,0.0,31326.63,16072.09
100371,20230801,199,11,20,7,20,4866.69,97333.8,14600.07,82733.73,37298.19
100372,20250226,215,10,23,5,8,4677.47,37419.76,0.0,37419.76,20308.4
100373,20240825,232,3,5,6,14,1648.77,23082.78,1154.14,21928.64,11562.69
100374,20251115,154,12,18,9,11,1192.37,13116.07,1311.61,11804.46,6340.2
100375,20240321,103,4,20,10,10,4210.9,42109.0,4210.9,37898.1,20246.62
100376,20230929,92,9,18,8,11,2112.21,23234.31,2323.43,20910.88,10500.5
100377,20250910,299,10,22,6,14,4677.47,65484.58,6548.46,58936.12,31163.84
100378,20251229,147,7,1,10,17,11044.9,187763.3,0.0,187763.3,80019.85
100379,20230419,29,4,9,1,6,4210.9,25265.4,5053.08,20212.32,9836.89
100380,20231027,32,12,10,4,7,1192.37,8346.59,834.66,7511.93,2677.71
100381,20250715,53,10,22,4,18,4677.47,84194.46,12629.17,71565.29,35674.05
100382,20250307,122,9,23,9,10,2112.21,21122.1,2112.21,19009.89,6832.08
100383,20250220,199,7,22,7,11,11044.9,121493.9,24298.78,97195.12,35064.15
100384,20240529,104,10,25,7,15,4677.47,70162.05,7016.21,63145.84,33612.36
100385,20250123,280,12,20,6,7,1192.37,8346.59,834.66,7511.93,4077.91
100386,20240825,230,3,22,2,3,1648.77,4946.31,0.0,4946.31,1903.14
100387,20251118,62,7,2,4,14,11044.9,154628.6,0.0,154628.6,62291.81
100388,20231126,300,5,1,8,11,12606.96,138676.56,6933.83,131742.73,70811.57
100389,20230323,79,6,20,8,2,8457.66,16915.32,1691.53,15223.79,7232.42
100390,20240908,252,10,18,1,12,4677.47,56129.64,0.0,56129.64,27589.76
100391,20251212,113,3,17,8,3,1648.77,4946.31,494.63,4451.68,1699.98
100392,20250406,48,6,8,5,7,8457.66,59203.62,5920.36,53283.26,22177.2
100393,20240824,112,10,17,4,16,4677.47,74839.52,14967.9,59871.62,30818.18
100394,20230119,59,11,12,6,15,4866.69,73000.35,0.0,73000.35,34927.23
100395,20240514,21,11,11,9,13,4866.69,63266.97,9490.05,53776.92,28985.63
100396,20250301,132,9,24,7,10,2112.21,21122.1,0.0,21122.1,9576.2
100397,20250206,264,9,15,6,16,2112.21,33795.36,0.0,33795.36,17899.93
100398,20240130,165,9,3,10,4,2112.21,8448.84,0.0,8448.84,4572.98
100399,20251228,4,11,3,3,7,4866.69,34066.83,3406.68,30660.15,15474.68
100400,20250518,54,4,18,8,14,4210.9,58952.6,2947.63,56004.97,30127.89
100401,20231111,13,8,23,2,11,8152.69,89679.59,0.0,89679.59,32701.63
100402,20231231,129,9,3,8,19,2112.21,40131.99,4013.2,36118.79,19222.32
100403,20250414,199,8,21,7,13,8152.69,105984.97,5299.25,100685.72,35580.14
100404,20230831,274,1,21,3,20,7004.72,140094.4,0.0,140094.4,69933.75
100405,20230404,38,6,17,5,4,8457.66,33830.64,0.0,33830.64,16481.47
100406,20230627,145,8,13,8,13,8152.69,105984.97,10598.5,95386.47,33973.21
100407,20231117,274,4,5,3,13,4210.9,54741.7,5474.17,49267.53,25613.87
100408,20240827,74,5,22,7,12,12606.96,151283.52,30256.7,121026.82,42629.28
100409,20231017,64,1,1,9,19,7004.72,133089.68,6654.48,126435.2,57835.31
100410,20230624,157,4,24,8,12,4210.9,50530.8,0.0,50530.8,26838.2
100411,20251115,73,3,6,2,8,1648.77,13190.16,659.51,12530.65,5019.13
100412,20230823,93,11,19,10,2,4866.69,9733.38,1460.01,8273.37,4438.45
100413,20250802,282,2,10,4,3,576.14,1728.42,0.0,1728.42,673.19
100414,20250924,170,6,5,3,8,8457.66,67661.28,0.0,67661.28,32064.89
100415,20240201,163,8,15,2,11,8152.69,89679.59,4483.98,85195.61,35026.91
100416,20231109,290,10,12,8,11,4677.47,51452.17,10290.43,41161.74,15794.91
100417,20241003,127,4,23,8,14,4210.9,58952.6,0.0,58952.6,24871.94
100418,20241110,246,8,15,9,12,8152.69,97832.28,9783.23,88049.05,39392.64
100419,20230811,90,11,20,8,3,4866.69,14600.07,1460.01,13140.06,6855.73
100420,20231014,276,4,9,6,3,4210.9,12632.7,1263.27,11369.43,6007.85
100421,20251104,16,10,19,4,13,4677.47,60807.11,6080.71,54726.4,21482.97
100422,20230317,283,5,18,3,18,12606.96,226925.28,11346.26,215579.02,108875.91
100423,20250119,201,4,25,8,19,4210.9,80007.1,8000.71,72006.39,29393.0
100424,20250809,257,9,3,7,13,2112.21,27458.73,0.0,27458.73,9668.72
100425,20240504,85,9,5,4,15,2112.21,31683.15,0.0,31683.15,14677.9
100426,20231027,248,6,2,10,8,8457.66,67661.28,6766.13,60895.15,24135.79
100427,20240625,190,4,2,4,7,4210.9,29476.3,1473.82,28002.48,14233.44
100428,20250305,241,8,2,1,2,8152.69,16305.38,3261.08,13044.3,5410.96
100429,20251203,141,12,9,4,19,1192.37,22655.03,1132.75,21522.28,8281.13
100430,20250214,188,10,21,1,3,4677.47,14032.41,701.62,13330.79,5669.13
100431,20240401,265,7,12,8,12,11044.9,132538.8,6626.94,125911.86,56209.83
100432,20230114,257,3,15,7,6,1648.77,9892.62,0.0,9892.62,4480.45
100433,20240729,109,3,6,8,6,1648.77,9892.62,0.0,9892.62,4881.62
100434,20230831,118,7,11,2,4,11044.9,44179.6,2208.98,41970.62,18708.95
100435,20240307,83,11,14,5,1,4866.69,4866.69,0.0,4866.69,1827.82
100436,20231126,69,11,17,4,2,4866.69,9733.38,1460.01,8273.37,3138.69
100437,20231207,133,3,17,7,13,1648.77,21434.01,1071.7,20362.31,9422.07
100438,20230208,146,2,7,6,15,576.14,8642.1,432.11,8209.99,3647.56
100439,20250913,88,4,14,6,20,4210.9,84218.0,0.0,84218.0,39290.16
100440,20240108,262,5,6,2,11,12606.96,138676.56,20801.48,117875.08,55319.56
100441,20230521,118,7,13,2,5,11044.9,55224.5,0.0,55224.5,21563.49
100442,20251029,215,3,20,5,4,1648.77,6595.08,0.0,6595.08,3497.51
100443,20230321,273,9,25,4,4,2112.21,8448.84,0.0,8448.84,4071.31
100444,20230103,221,9,14,1,12,2112.21,25346.52,3801.98,21544.54,10546.67
100445,20250528,118,8,25,2,13,8152.69,105984.97,0.0,105984.97,54150.29
100446,20230720,218,3,9,2,16,1648.77,26380.32,2638.03,23742.29,12631.3
100447,20230621,146,10,18,6,14,4677.47,65484.58,0.0,65484.58,22991.24
100448,20230115,296,9,4,8,17,2112.21,35907.57,0.0,35907.57,17268.28
100449,20241008,210,6,4,4,5,8457.66,42288.3,2114.42,40173.88,18764.18
100450,20240619,275,7,19,6,12,11044.9,132538.8,6626.94,125911.86,69044.99
100451,20250324,105,7,18,4,18,11044.9,198808.2,9940.41,188867.79,80087.99
100452,20250917,130,5,19,10,12,12606.96,151283.52,15128.35,136155.17,58495.79
100453,20231010,61,12,8,7,15,1192.37,17885.55,1788.56,16096.99,8689.94
100454,20230725,110,9,13,5,11,2112.21,23234.31,2323.43,20910.88,9886.77
100455,20230417,83,7,21,5,1,11044.9,11044.9,1104.49,9940.41,5115.84
100456,20250823,223,2,3,10,9,576.14,5185.26,0.0,5185.26,1897.85
100457,20230319,197,7,20,2,17,11044.9,187763.3,0.0,187763.3,101900.26
100458,20230428,90,11,16,8,15,4866.69,73000.35,0.0,73000.35,37968.47
100459,20251127,147,4,2,10,20,4210.9,84218.0,4210.9,80007.1,39178.67
100460,20231214,19,6,8,1,1,8457.66,8457.66,1691.53,6766.13,2485.66
100461,20240719,205,6,22,7,13,8457.66,109949.58,5497.48,104452.1,40742.8
100462,20230201,36,2,18,10,10,576.14,5761.4,576.14,5185.26,2394.67
100463,20241213,178,5,8,5,20,12606.96,252139.2,50427.84,201711.36,88944.99
100464,20250407,295,1,9,3,6,7004.72,42028.32,2101.42,39926.9,14824.58
100465,20230529,258,5,11,6,4,12606.96,50427.84,5042.78,45385.06,24568.83
100466,20240527,227,7,19,7,16,11044.9,176718.4,17671.84,159046.56,79761.0
100467,20250728,236,10,1,6,16,4677.47,74839.52,0.0,74839.52,27204.98
100468,20240327,118,6,14,2,12,8457.66,101491.92,5074.6,96417.32,33933.56
100469,20240623,128,5,3,8,13,12606.96,163890.48,16389.05,147501.43,75847.44
100470,20230605,284,3,16,9,11,1648.77,18136.47,0.0,18136.47,9591.71
100471,20240705,94,12,22,3,7,1192.37,8346.59,417.33,7929.26,3091.88
100472,20240510,136,4,8,3,7,4210.9,29476.3,2947.63,26528.67,13722.4
100473,20241230,80,2,4,8,3,576.14,1728.42,172.84,1555.58,750.85
100474,20230114,278,1,16,2,12,7004.72,84056.64,4202.83,79853.81,35811.88
100475,20240716,252,3,25,1,17,1648.77,28029.09,0.0,28029.09,11055.19
100476,20230920,28,9,14,4,16,2112.21,33795.36,5069.3,28726.06,10241.2
100477,20241212,202,11,25,4,6,4866.69,29200.14,1460.01,27740.13,10376.85
100478,20251127,236,6,23,6,1,8457.66,8457.66,0.0,8457.66,3316.68
100479,20230726,167,6,20,7,9,8457.66,76118.94,0.0,76118.94,30643.19
100480,20240705,242,10,11,8,12,4677.47,56129.64,0.0,56129.64,24404.53
100481,20250508,191,6,13,10,9,8457.66,76118.94,3805.95,72312.99,33573.62
100482,20240413,52,12,9,3,8,1192.37,9538.96,476.95,9062.01,4723.68
100483,20240206,75,12,5,1,16,1192.37,19077.92,1907.79,17170.13,6616.02
100484,20251020,69,11,17,4,18,4866.69,87600.42,8760.04,78840.38,39977.32
100485,20240906,129,9,19,8,2,2112.21,4224.42,0.0,4224.42,2061.98
100486,20230503,111,5,16,7,4,12606.96,50427.84,2521.39,47906.45,19973.7
100487,20250109,185,9,18,5,9,2112.21,19009.89,0.0,19009.89,8218.97
100488,20241220,102,10,19,2,18,4677.47,84194.46,0.0,84194.46,42607.6
100489,20241228,167,11,17,7,16,4866.69,77867.04,7786.7,70080.34,30792.32
100490,20230610,196,10,10,8,15,4677.47,70162.05,3508.1,66653.95,25259.83
100491,20231210,173,7,21,2,20,11044.9,220898.0,11044.9,209853.1,109077.48
100492,20230527,41,3,11,9,8,1648.77,13190.16,0.0,13190.16,6339.23
100493,20240701,203,5,15,7,12,12606.96,151283.52,15128.35,136155.17,61839.93
100494,20250711,212,3,6,10,1,1648.77,1648.77,0.0,1648.77,654.44
100495,20240530,41,4,6,9,13,4210.9,54741.7,0.0,54741.7,19858.02
100496,20250827,281,1,1,7,13,7004.72,91061.36,4553.07,86508.29,47510.59
100497,20230801,135,10,5,2,3,4677.47,14032.41,1403.24,12629.17,6656.76
100498,20240925,118,4,24,2,10,4210.9,42109.0,2105.45,40003.55,15012.63
100499,20251214,88,1,2,6,12,7004.72,84056.64,12608.5,71448.14,29653.85
100500,20250902,240,9,9,3,18,2112.21,38019.78,1900.99,36118.79,19645.32
100501,20231229,234,11,24,5,19,4866.69,92467.11,4623.36,87843.75,41985.56
100502,20251229,159,6,16,4,18,8457.66,152237.88,0.0,152237.88,56009.96
100503,20240922,188,7,9,1,5,11044.9,55224.5,0.0,55224.5,19329.59
100504,20231007,177,5,16,2,18,12606.96,226925.28,0.0,226925.28,121272.88
100505,20250904,154,1,25,9,14,7004.72,98066.08,9806.61,88259.47,41429.06
100506,20230115,281,6,7,7,14,8457.66,118407.24,17761.09,100646.15,44024.77
100507,20240526,84,12,24,2,13,1192.37,15500.81,1550.08,13950.73,5498.24
100508,20230612,217,11,8,3,17,4866.69,82733.73,8273.37,74460.36,39612.23
100509,20240710,146,11,24,6,18,4866.69,87600.42,8760.04,78840.38,34104.83
100510,20230521,94,3,10,3,4,1648.77,6595.08,329.75,6265.33,2966.92
100511,20240711,252,4,11,1,1,4210.9,4210.9,0.0,4210.9,2290.49
100512,20230215,96,2,10,5,9,576.14,5185.26,0.0,5185.26,2269.5
100513,20230117,120,2,5,9,1,576.14,576.14,28.81,547.33,228.99
100514,20240930,256,6,15,2,2,8457.66,16915.32,0.0,16915.32,8774.13
100515,20231027,29,5,25,1,13,12606.96,163890.48,0.0,163890.48,72772.18
100516,20240129,129,7,1,8,4,11044.9,44179.6,8835.92,35343.68,17422.19
100517,20250227,227,4,24,7,2,4210.9,8421.8,0.0,8421.8,4186.18
100518,20230712,267,11,7,1,16,4866.69,77867.04,0.0,77867.04,42222.84
100519,20241023,82,11,24,8,2,4866.69,9733.38,973.34,8760.04,4028.88
100520,20230908,130,8,21,10,10,8152.69,81526.9,0.0,81526.9,43005.76
100521,20240322,58,4,21,3,14,4210.9,58952.6,0.0,58952.6,22606.68
100522,20240719,300,2,13,8,8,576.14,4609.12,0.0,4609.12,1651.9
100523,20250831,80,6,25,8,3,8457.66,25372.98,0.0,25372.98,11417.43
100524,20241124,31,1,12,2,5,7004.72,35023.6,3502.36,31521.24,16022.03
100525,20230915,250,4,11,8,18,4210.9,75796.2,7579.62,68216.58,34199.67
100526,20250617,99,1,23,4,13,7004.72,91061.36,0.0,91061.36,34325.25
100527,20230322,249,12,15,3,18,1192.37,21462.66,0.0,21462.66,10503.99
100528,20240124,291,3,18,9,12,1648.77,19785.24,0.0,19785.24,8778.29
100529,20231125,36,9,5,10,15,2112.21,31683.15,0.0,31683.15,12757.85
100530,20250121,233,1,25,7,17,7004.72,119080.24,0.0,119080.24,46096.78
100531,20230208,187,10,8,10,11,4677.47,51452.17,5145.22,46306.95,22304.11
100532,20250304,98,9,22,4,16,2112.21,33795.36,3379.54,30415.82,11583.14
100533,20240802,166,7,21,9,11,11044.9,121493.9,0.0,121493.9,55236.0
100534,20230517,23,3,6,9,2,1648.77,3297.54,0.0,3297.54,1474.24
100535,20230722,17,10,21,8,13,4677.47,60807.11,6080.71,54726.4,24909.5
100536,20240608,26,6,8,5,20,8457.66,169153.2,16915.32,152237.88,53681.7
100537,20240303,252,2,15,1,2,576.14,1152.28,0.0,1152.28,574.64
100538,20250501,189,12,2,1,20,1192.37,23847.4,0.0,23847.4,8540.48
100539,20230525,156,2,7,5,17,576.14,9794.38,0.0,9794.38,4848.55
100540,20251224,198,4,7,7,17,4210.9,71585.3,7158.53,64426.77,29894.38
100541,20240102,286,12,18,10,14,1192.37,16693.18,1669.32,15023.86,7560.86
100542,20250103,235,12,22,8,14,1192.37,16693.18,2503.98,14189.2,5439.6
100543,20240105,282,7,17,4,11,11044.9,121493.9,12149.39,109344.51,49946.4
100544,20250626,181,6,18,10,11,8457.66,93034.26,9303.43,83730.83,36210.96
100545,20250531,166,10,8,9,19,4677.47,88871.93,4443.6,84428.33,35883.11
100546,20240604,185,8,15,5,13,8152.69,105984.97,0.0,105984.97,37829.49
100547,20240805,9,9,5,9,10,2112.21,21122.1,0.0,21122.1,11551.23
100548,20240315,162,1,25,3,9,7004.72,63042.48,9456.37,53586.11,24234.55
100549,20231113,49,1,15,4,12,7004.72,84056.64,0.0,84056.64,33874.63
100550,20240526,120,5,10,9,3,12606.96,37820.88,1891.04,35929.84,16664.73
100551,20240321,40,12,11,2,16,1192.37,19077.92,0.0,19077.92,9827.82
100552,20230715,154,1,24,9,19,7004.72,133089.68,0.0,133089.68,67346.62
100553,20241115,179,7,14,5,4,11044.9,44179.6,6626.94,37552.66,14846.2
100554,20230124,196,1,10,8,17,7004.72,119080.24,0.0,119080.24,54537.08
100555,20231103,168,9,23,10,8,2112.21,16897.68,0.0,16897.68,8190.76
100556,20250315,229,10,19,5,17,4677.47,79516.99,0.0,79516.99,34700.19
100557,20250318,76,3,11,3,3,1648.77,4946.31,247.32,4698.99,2345.09
100558,20250328,135,2,13,2,17,576.14,9794.38,489.72,9304.66,4555.32
100559,20231004,247,9,7,10,16,2112.21,33795.36,0.0,33795.36,15690.04
100560,20251209,127,4,3,8,9,4210.9,37898.1,3789.81,34108.29,14144.11
100561,20230703,58,11,14,3,14,4866.69,68133.66,0.0,68133.66,26442.53
100562,20241206,13,5,6,2,12,12606.96,151283.52,7564.18,143719.34,78762.77
100563,20250624,75,8,2,1,8,8152.69,65221.52,0.0,65221.52,27703.76
100564,20230625,58,12,2,3,8,1192.37,9538.96,1430.84,8108.12,4340.65
100565,20240812,8,6,23,10,4,8457.66,33830.64,0.0,33830.64,15028.86
100566,20241110,108,12,18,8,7,1192.37,8346.59,0.0,8346.59,3794.8
100567,20240613,281,8,20,7,5,8152.69,40763.45,4076.34,36687.11,17743.8
100568,20250210,299,11,17,6,2,4866.69,9733.38,0.0,9733.38,3523.7
100569,20240216,139,1,15,2,1,7004.72,7004.72,0.0,7004.72,3376.8
100570,20250107,56,1,10,2,13,7004.72,91061.36,0.0,91061.36,38804.91
100571,20230723,162,8,20,3,18,8152.69,146748.42,0.0,146748.42,57198.87
100572,20250726,288,12,1,8,2,1192.37,2384.74,0.0,2384.74,1087.16
100573,20241114,251,7,24,4,6,11044.9,66269.4,0.0,66269.4,32264.07
100574,20241228,155,4,17,10,9,4210.9,37898.1,3789.81,34108.29,16206.84
100575,20250303,16,9,9,4,8,2112.21,16897.68,0.0,16897.68,8946.22
100576,20231009,45,12,13,3,17,1192.37,20270.29,4054.06,16216.23,7662.0
100577,20240410,214,4,19,1,5,4210.9,21054.5,1052.73,20001.77,8250.26
100578,20241105,230,9,5,2,7,2112.21,14785.47,1478.55,13306.92,6203.77
100579,20240219,71,5,23,4,17,12606.96,214318.32,32147.75,182170.57,79428.71
100580,20231025,290,3,11,8,3,1648.77,4946.31,247.32,4698.99,2536.14
100581,20230831,95,6,5,6,1,8457.66,8457.66,845.77,7611.89,4004.05
100582,20250427,211,5,15,10,9,12606.96,113462.64,0.0,113462.64,43976.61
100583,20230927,95,1,25,6,20,7004.72,140094.4,7004.72,133089.68,62701.33
100584,20240417,119,4,22,10,1,4210.9,4210.9,0.0,4210.9,2053.35
100585,20250903,69,9,20,4,16,2112.21,33795.36,3379.54,30415.82,12920.39
100586,20250304,252,8,5,1,6,8152.69,48916.14,0.0,48916.14,17435.96
100587,20230131,139,7,8,2,7,11044.9,77314.3,7731.43,69582.87,25274.4
100588,20250618,251,12,11,4,15,1192.37,17885.55,2682.83,15202.72,6620.95
100589,20230327,195,12,11,9,13,1192.37,15500.81,775.04,14725.77,7340.7
100590,20251211,20,9,4,6,15,2112.21,31683.15,1584.16,30098.99,15818.63
100591,20240518,266,9,13,1,2,2112.21,4224.42,211.22,4013.2,1818.88
100592,20230411,98,5,15,4,13,12606.96,163890.48,24583.57,139306.91,70313.13
100593,20240808,237,3,14,7,10,1648.77,16487.7,824.39,15663.31,5653.03
100594,20251124,73,8,21,2,15,8152.69,122290.35,0.0,122290.35,55046.75
100595,20240104,300,12,18,8,5,1192.37,5961.85,0.0,5961.85,2472.33
100596,20230221,92,8,19,8,7,8152.69,57068.83,8560.32,48508.51,17852.87
100597,20241025,84,12,24,2,4,1192.37,4769.48,0.0,4769.48,2342.98
100598,20250113,44,9,23,1,13,2112.21,27458.73,2745.87,24712.86,13469.45
100599,20231124,194,9,13,4,2,2112.21,4224.42,422.44,3801.98,2024.37
100600,20231104,84,3,6,2,2,1648.77,3297.54,164.88,3132.66,1290.35
100601,20250702,148,11,6,3,4,4866.69,19466.76,2920.01,16546.75,8969.77
100602,20230108,130,1,15,10,16,7004.72,112075.52,16811.33,95264.19,43697.71
100603,20230112,253,4,7,6,19,4210.9,80007.1,8000.71,72006.39,31736.65
100604,20250623,41,10,20,9,1,4677.47,4677.47,0.0,4677.47,2149.15
100605,20240301,26,3,5,5,2,1648.77,3297.54,329.75,2967.79,1060.52
100606,20230308,296,10,10,8,11,4677.47,51452.17,7717.83,43734.34,15735.89
100607,20250503,92,3,22,8,10,1648.77,16487.7,824.39,15663.31,7648.44
100608,20231230,234,12,19,5,12,1192.37,14308.44,2146.27,12162.17,4483.28
100609,20240904,166,6,13,9,3,8457.66,25372.98,2537.3,22835.68,11844.0
100610,20230513,150,8,5,6,4,8152.69,32610.76,3261.08,29349.68,11883.21
100611,20251215,212,9,7,10,7,2112.21,14785.47,739.27,14046.2,5223.23
100612,20251219,45,8,24,3,20,8152.69,163053.8,24458.07,138595.73,75847.3
100613,20240811,219,10,11,9,9,4677.47,42097.23,2104.86,39992.37,21956.01
100614,20241225,67,10,19,1,16,4677.47,74839.52,3741.98,71097.54,33868.84
100615,20251005,93,10,8,10,10,4677.47,46774.7,9354.94,37419.76,13108.75
100616,20230219,239,11,4,5,7,4866.69,34066.83,3406.68,30660.15,16856.87
100617,20250427,24,6,12,4,18,8457.66,152237.88,15223.79,137014.09,53773.59
100618,20240217,145,5,3,8,10,12606.96,126069.6,0.0,126069.6,57991.85
100619,20230113,59,11,11,6,11,4866.69,53533.59,0.0,53533.59,24828.04
100620,20230301,90,4,11,8,11,4210.9,46319.9,6947.98,39371.92,17552.85
100621,20250829,19,11,5,1,16,4866.69,77867.04,0.0,77867.04,34426.86
100622,20241117,237,7,24,7,2,11044.9,22089.8,2208.98,19880.82,8148.53
100623,20241008,285,9,1,3,7,2112.21,14785.47,739.27,14046.2,5848.05
100624,20241225,34,3,9,6,1,1648.77,1648.77,0.0,1648.77,700.81
100625,20251230,85,10,20,4,13,4677.47,60807.11,0.0,60807.11,22703.49
100626,20240923,162,12,2,3,9,1192.37,10731.33,536.57,10194.76,4581.64
100627,20240501,191,8,10,10,7,8152.69,57068.83,2853.44,54215.39,20873.06
100628,20250205,20,4,3,6,15,4210.9,63163.5,3158.18,60005.32,30591.02
100629,20251021,79,4,11,8,16,4210.9,67374.4,6737.44,60636.96,27573.18
100630,20241101,74,2,17,7,5,576.14,2880.7,0.0,2880.7,1029.3
100631,20250304,268,2,1,2,10,576.14,5761.4,864.21,4897.19,2386.94
100632,20230628,171,8,2,6,4,8152.69,32610.76,1630.54,30980.22,14926.17
100633,20241001,12,10,25,6,10,4677.47,46774.7,2338.74,44435.96,17417.52
100634,20240215,99,5,9,4,18,12606.96,226925.28,0.0,226925.28,99443.91
100635,20230829,140,3,6,10,9,1648.77,14838.93,0.0,14838.93,8037.65
100636,20251118,53,4,18,4,12,4210.9,50530.8,2526.54,48004.26,19403.82
100637,20240803,294,4,6,2,3,4210.9,12632.7,0.0,12632.7,6675.73
100638,20250627,26,3,1,5,16,1648.77,26380.32,3957.05,22423.27,8074.42
100639,20250224,28,2,14,4,13,576.14,7489.82,0.0,7489.82,3514.41
100640,20250702,183,5,11,5,7,12606.96,88248.72,8824.87,79423.85,38454.97
100641,20251228,41,8,19,9,5,8152.69,40763.45,0.0,40763.45,20808.52
100642,20250817,50,8,10,7,15,8152.69,122290.35,6114.52,116175.83,62675.66
100643,20231022,133,6,13,7,6,8457.66,50745.96,5074.6,45671.36,22060.92
100644,20241027,233,8,1,7,3,8152.69,24458.07,1222.9,23235.17,9765.47
100645,20250802,88,5,25,6,12,12606.96,151283.52,7564.18,143719.34,53963.57
100646,20230730,208,12,4,4,11,1192.37,13116.07,655.8,12460.27,4537.84
100647,20240910,273,8,13,4,19,8152.69,154901.11,7745.06,147156.05,69777.72
100648,20231122,247,7,3,10,11,11044.9,121493.9,0.0,121493.9,59387.67
100649,20250601,223,10,11,10,18,4677.47,84194.46,8419.45,75775.01,29144.36
100650,20230609,294,8,4,2,19,8152.69,154901.11,7745.06,147156.05,61080.89
100651,20230719,228,3,10,7,13,1648.77,21434.01,0.0,21434.01,7968.07
100652,20250215,168,8,21,10,2,8152.69,16305.38,0.0,16305.38,8371.29
100653,20230101,76,11,5,3,15,4866.69,73000.35,3650.02,69350.33,29681.7
100654,20250704,101,4,22,5,11,4210.9,46319.9,0.0,46319.9,23570.78
100655,20240915,223,12,12,10,3,1192.37,3577.11,178.86,3398.25,1604.99
100656,20251111,207,3,10,7,2,1648.77,3297.54,0.0,3297.54,1516.13
100657,20230419,1,12,18,9,12,1192.37,14308.44,0.0,14308.44,5815.55
100658,20230305,121,7,23,4,19,11044.9,209853.1,0.0,209853.1,86800.59
100659,20250222,208,7,14,4,18,11044.9,198808.2,0.0,198808.2,76477.94
100660,20231012,97,9,13,8,12,2112.21,25346.52,2534.65,22811.87,8687.98
100661,20230915,69,1,3,4,1,7004.72,7004.72,0.0,7004.72,3691.33
100662,20250613,70,2,5,9,14,576.14,8065.96,1209.89,6856.07,3624.92
100663,20250521,93,8,17,10,14,8152.69,114137.66,5706.88,108430.78,47710.54
100664,20241228,116,3,14,4,20,1648.77,32975.4,0.0,32975.4,14826.78
100665,20240429,257,5,14,7,18,12606.96,226925.28,11346.26,215579.02,76895.39
100666,20230319,291,8,23,9,12,8152.69,97832.28,0.0,97832.28,43663.19
100667,20230613,73,12,24,2,17,1192.37,20270.29,4054.06,16216.23,8865.96
100668,20240726,239,9,3,5,17,2112.21,35907.57,5386.14,30521.43,11222.4
100669,20250825,40,11,21,2,18,4866.69,87600.42,8760.04,78840.38,32521.65
100670,20230419,176,9,25,10,1,2112.21,2112.21,105.61,2006.6,908.05
100671,20250818,294,12,11,2,14,1192.37,16693.18,0.0,16693.18,9107.0
100672,20240826,149,3,2,10,20,1648.77,32975.4,3297.54,29677.86,14702.24
100673,20240617,32,11,16,4,19,4866.69,92467.11,0.0,92467.11,33318.12
100674,20240820,14,5,16,4,3,12606.96,37820.88,0.0,37820.88,13818.71
100675,20240723,130,3,20,10,9,1648.77,14838.93,0.0,14838.93,5956.22
100676,20230817,90,10,24,8,5,4677.47,23387.35,2338.74,21048.61,8923.63
100677,20231226,134,12,8,5,16,1192.37,19077.92,0.0,19077.92,8689.57
100678,20230309,176,2,5,10,20,576.14,11522.8,1728.42,9794.38,3729.99
100679,20251012,212,7,8,10,15,11044.9,165673.5,16567.35,149106.15,57175.75
100680,20241207,28,11,9,4,4,4866.69,19466.76,0.0,19466.76,8619.94
100681,20250902,155,8,24,10,18,8152.69,146748.42,0.0,146748.42,71422.75
100682,20250309,243,5,5,10,17,12606.96,214318.32,32147.75,182170.57,64191.92
100683,20250708,196,11,11,8,17,4866.69,82733.73,8273.37,74460.36,26671.96
100684,20251224,182,7,20,10,9,11044.9,99404.1,0.0,99404.1,40101.36
100685,20230721,131,11,19,10,13,4866.69,63266.97,3163.35,60103.62,29153.76
100686,20240510,100,9,11,8,6,2112.21,12673.26,0.0,12673.26,4462.45
100687,20230118,35,1,14,5,4,7004.72,28018.88,1400.94,26617.94,12965.6
100688,20241220,113,12,10,8,9,1192.37,10731.33,0.0,10731.33,3806.83
100689,20230708,30,10,22,9,7,4677.47,32742.29,6548.46,26193.83,12510.61
100690,20230903,45,10,5,3,13,4677.47,60807.11,6080.71,54726.4,29003.87
100691,20240114,57,12,6,9,9,1192.37,10731.33,0.0,10731.33,5173.53
100692,20230605,233,5,25,7,14,12606.96,176497.44,17649.74,158847.7,76805.38
100693,20241024,132,3,25,7,3,1648.77,4946.31,0.0,4946.31,1792.93
100694,20250306,171,1,9,6,9,7004.72,63042.48,0.0,63042.48,22939.88
100695,20240215,202,3,21,4,16,1648.77,26380.32,0.0,26380.32,12085.52
100696,20250602,112,10,21,4,4,4677.47,18709.88,2806.48,15903.4,7841.65
100697,20230731,18,2,3,7,19,576.14,10946.66,1094.67,9851.99,4979.66
100698,20230208,255,3,21,3,1,1648.77,1648.77,247.32,1401.45,676.79
100699,20240629,78,12,11,8,13,1192.37,15500.81,775.04,14725.77,6671.9
100700,20251001,245,7,13,7,3,11044.9,33134.7,1656.73,31477.97,11038.11
100701,20250914,63,10,18,10,12,4677.47,56129.64,0.0,56129.64,23044.9
100702,20230424,47,6,18,6,11,8457.66,93034.26,0.0,93034.26,41114.43
100703,20240816,104,3,18,7,2,1648.77,3297.54,659.51,2638.03,1271.92
100704,20240904,200,2,21,5,12,576.14,6913.68,345.68,6568.0,3461.62
100705,20250615,98,3,2,4,7,1648.77,11541.39,0.0,11541.39,6339.42
100706,20240503,251,7,3,4,18,11044.9,198808.2,9940.41,188867.79,84978.57
100707,20250709,9,1,11,9,2,7004.72,14009.44,0.0,14009.44,6923.5
100708,20250410,61,4,21,7,17,4210.9,71585.3,3579.27,68006.03,33024.79
100709,20231102,297,4,3,9,2,4210.9,8421.8,842.18,7579.62,3393.99
100710,20230209,242,10,2,8,8,4677.47,37419.76,3741.98,33677.78,12666.47
100711,20231219,26,5,4,5,15,12606.96,189104.4,9455.22,179649.18,92891.28
100712,20230511,55,2,16,4,20,576.14,11522.8,1152.28,10370.52,4087.17
100713,20240220,219,6,24,9,13,8457.66,109949.58,0.0,109949.58,59941.28
100714,20231009,165,4,25,10,2,4210.9,8421.8,421.09,8000.71,3337.1
100715,20230905,141,3,25,4,14,1648.77,23082.78,0.0,23082.78,9786.76
100716,20231204,225,4,19,9,2,4210.9,8421.8,0.0,8421.8,4280.05
100717,20250209,81,1,16,4,3,7004.72,21014.16,0.0,21014.16,8109.0
100718,20230702,146,7,23,6,16,11044.9,176718.4,17671.84,159046.56,62224.11
100719,20240708,268,8,14,2,8,8152.69,65221.52,9783.23,55438.29,26172.84
100720,20230319,93,12,16,10,20,1192.37,23847.4,4769.48,19077.92,9070.37
100721,20240908,179,7,1,5,18,11044.9,198808.2,0.0,198808.2,74255.17
100722,20251221,49,10,12,4,18,4677.47,84194.46,4209.72,79984.74,35420.7
100723,20240302,142,1,7,1,4,7004.72,28018.88,2801.89,25216.99,12281.9
100724,20250829,255,3,6,3,2,1648.77,3297.54,0.0,3297.54,1394.33
100725,20240305,223,5,11,10,20,12606.96,252139.2,25213.92,226925.28,113844.24
100726,20230330,54,12,2,8,18,1192.37,21462.66,0.0,21462.66,10883.68
100727,20250920,264,2,3,6,8,576.14,4609.12,460.91,4148.21,1943.61
100728,20241029,215,4,24,5,11,4210.9,46319.9,0.0,46319.9,17232.23
100729,20240411,51,4,24,3,14,4210.9,58952.6,8842.89,50109.71,21301.96
100730,20240327,38,8,19,5,16,8152.69,130443.04,0.0,130443.04,57026.18
100731,20240318,233,3,13,7,12,1648.77,19785.24,0.0,19785.24,9773.2
100732,20250104,139,4,11,2,5,4210.9,21054.5,0.0,21054.5,9763.67
100733,20240728,70,2,15,9,15,576.14,8642.1,432.11,8209.99,4121.97
100734,20240326,152,10,6,9,20,4677.47,93549.4,14032.41,79516.99,37025.04
100735,20240415,45,7,17,3,16,11044.9,176718.4,26507.76,150210.64,59076.12
100736,20250827,237,5,1,7,14,12606.96,176497.44,17649.74,158847.7,63432.78
100737,20241101,223,10,8,10,19,4677.47,88871.93,13330.79,75541.14,40244.61
100738,20230111,214,1,2,1,16,7004.72,112075.52,11207.55,100867.97,45475.64
100739,20250521,272,7,16,6,4,11044.9,44179.6,2208.98,41970.62,16708.6
100740,20230126,209,4,5,9,12,4210.9,50530.8,0.0,50530.8,24230.94
100741,20230705,9,8,22,9,10,8152.69,81526.9,0.0,81526.9,36023.2
100742,20230219,233,8,25,7,5,8152.69,40763.45,6114.52,34648.93,14936.19
100743,20250128,238,12,21,9,1,1192.37,1192.37,178.86,1013.51,369.06
100744,20241112,272,1,10,6,14,7004.72,98066.08,9806.61,88259.47,43212.81
100745,20240229,42,10,11,6,2,4677.47,9354.94,467.75,8887.19,4727.99
100746,20250115,27,2,13,9,12,576.14,6913.68,345.68,6568.0,2352.49
100747,20250120,90,11,18,8,3,4866.69,14600.07,730.0,13870.07,7000.43
100748,20231011,172,4,18,1,4,4210.9,16843.6,842.18,16001.42,7960.32
100749,20240305,116,6,12,4,9,8457.66,76118.94,3805.95,72312.99,31426.2
100750,20230422,33,6,12,10,15,8457.66,126864.9,6343.24,120521.66,54877.91
100751,20230909,241,12,18,1,18,1192.37,21462.66,3219.4,18243.26,8034.25
100752,20250123,34,4,15,6,3,4210.9,12632.7,0.0,12632.7,6690.14
100753,20240813,40,2,6,2,9,576.14,5185.26,0.0,5185.26,1968.28
100754,20231105,105,9,21,4,1,2112.21,2112.21,0.0,2112.21,1148.86
100755,20230928,243,6,14,10,15,8457.66,126864.9,12686.49,114178.41,40453.01
100756,20240123,33,1,8,10,17,7004.72,119080.24,5954.01,113126.23,48908.81
100757,20241203,168,8,19,10,17,8152.69,138595.73,13859.57,124736.16,54765.57
100758,20240914,291,3,10,9,6,1648.77,9892.62,989.26,8903.36,3520.0
100759,20250131,148,1,5,3,12,7004.72,84056.64,0.0,84056.64,45495.05
100760,20231126,275,5,6,6,6,12606.96,75641.76,7564.18,68077.58,33260.79
100761,20231111,83,4,4,5,2,4210.9,8421.8,1684.36,6737.44,3132.27
100762,20250621,134,6,6,5,7,8457.66,59203.62,2960.18,56243.44,20075.41
100763,20241011,177,3,12,2,15,1648.77,24731.55,1236.58,23494.97,8987.28
100764,20240909,63,1,13,10,16,7004.72,112075.52,11207.55,100867.97,54424.1
100765,20241017,80,1,24,8,18,7004.72,126084.96,25216.99,100867.97,41986.91
100766,20240828,243,5,25,10,19,12606.96,239532.24,23953.22,215579.02,109927.03
100767,20250624,174,12,4,7,16,1192.37,19077.92,2861.69,16216.23,6127.86
100768,20230828,158,1,13,3,20,7004.72,140094.4,14009.44,126084.96,55375.83
100769,20230709,168,1,20,10,7,7004.72,49033.04,2451.65,46581.39,18373.04
100770,20240723,101,1,3,5,18,7004.72,126084.96,12608.5,113476.46,55082.91
100771,20230628,263,7,7,10,16,11044.9,176718.4,0.0,176718.4,83237.12
100772,20230425,185,7,5,5,14,11044.9,154628.6,0.0,154628.6,65650.08
100773,20240805,177,6,10,2,15,8457.66,126864.9,19029.73,107835.17,39631.55
100774,20250628,213,8,10,4,6,8152.69,48916.14,4891.61,44024.53,23952.52
100775,20250518,213,3,19,4,20,1648.77,32975.4,0.0,32975.4,12911.74
100776,20250830,269,6,3,9,19,8457.66,160695.54,16069.55,144625.99,53177.48
100777,20250418,140,7,6,10,18,11044.9,198808.2,9940.41,188867.79,87555.95
100778,20231008,103,3,13,10,10,1648.77,16487.7,824.39,15663.31,5614.46
100779,20240910,300,5,16,8,18,12606.96,226925.28,22692.53,204232.75,80652.34
100780,20230106,79,5,10,8,16,12606.96,201711.36,0.0,201711.36,97463.44
100781,20240812,214,3,16,1,8,1648.77,13190.16,0.0,13190.16,6633.91
100782,20251006,35,10,24,5,12,4677.47,56129.64,2806.48,53323.16,24694.75
100783,20240612,244,12,4,10,12,1192.37,14308.44,715.42,13593.02,6321.47
100784,20240615,84,10,2,2,5,4677.47,23387.35,0.0,23387.35,12293.88
100785,20231005,183,3,2,5,9,1648.77,14838.93,0.0,14838.93,7081.87
100786,20241230,25,5,10,7,17,12606.96,214318.32,10715.92,203602.4,74389.26
100787,20240201,94,2,20,3,6,576.14,3456.84,172.84,3284.0,1722.42
100788,20240908,139,11,23,2,12,4866.69,58400.28,0.0,58400.28,27215.08
100789,20231022,7,3,17,2,10,1648.77,16487.7,0.0,16487.7,7369.67
100790,20241127,84,2,7,2,5,576.14,2880.7,144.03,2736.67,1412.98
100791,20251212,273,12,18,4,4,1192.37,4769.48,238.47,4531.01,2415.96
100792,20230827,68,1,16,10,12,7004.72,84056.64,0.0,84056.64,35515.08
100793,20250624,268,6,6,2,10,8457.66,84576.6,0.0,84576.6,43380.59
100794,20240331,66,12,5,3,8,1192.37,9538.96,0.0,9538.96,3738.97
100795,20230610,218,12,25,2,4,1192.37,4769.48,0.0,4769.48,2408.29
100796,20250602,22,4,4,4,2,4210.9,8421.8,842.18,7579.62,3431.26
100797,20230502,241,2,9,1,2,576.14,1152.28,0.0,1152.28,557.15
100798,20230717,64,10,7,9,19,4677.47,88871.93,13330.79,75541.14,29231.12
100799,20241220,15,2,5,6,9,576.14,5185.26,777.79,4407.47,1849.23
100800,20231125,257,12,20,7,8,1192.37,9538.96,476.95,9062.01,3295.56
100801,20230129,271,4,23,3,7,4210.9,29476.3,5895.26,23581.04,9063.48
100802,20230109,51,4,17,3,16,4210.9,67374.4,0.0,67374.4,31522.87
100803,20250619,55,3,12,4,13,1648.77,21434.01,1071.7,20362.31,9221.08
100804,20250414,58,6,4,3,15,8457.66,126864.9,0.0,126864.9,47851.22
100805,20250109,148,9,24,3,2,2112.21,4224.42,0.0,4224.42,1895.68
100806,20250227,146,8,20,6,10,8152.69,81526.9,8152.69,73374.21,38023.84
100807,20240407,284,7,10,9,14,11044.9,154628.6,0.0,154628.6,56272.72
100808,20250901,189,3,1,1,16,1648.77,26380.32,2638.03,23742.29,10191.95
100809,20251206,44,2,5,1,13,576.14,7489.82,374.49,7115.33,3330.77
100810,20230728,87,2,12,10,7,576.14,4032.98,0.0,4032.98,1891.44
100811,20250407,63,4,14,10,16,4210.9,67374.4,0.0,67374.4,33195.28
100812,20240713,205,6,16,7,20,8457.66,169153.2,33830.64,135322.56,74089.73
100813,20251113,143,3,25,10,15,1648.77,24731.55,0.0,24731.55,9896.03
100814,20251015,119,11,5,10,1,4866.69,4866.69,0.0,4866.69,1754.78
100815,20230520,256,11,1,2,6,4866.69,29200.14,0.0,29200.14,14186.62
100816,20231109,156,10,20,5,4,4677.47,18709.88,1870.99,16838.89,8119.98
100817,20251130,253,8,7,6,10,8152.69,81526.9,8152.69,73374.21,32875.32
100818,20240619,278,6,18,2,18,8457.66,152237.88,0.0,152237.88,76544.14
100819,20250531,61,7,15,7,11,11044.9,121493.9,18224.08,103269.82,45284.98
100820,20230315,17,3,18,8,10,1648.77,16487.7,2473.16,14014.54,5365.17
100821,20250601,69,5,23,4,13,12606.96,163890.48,8194.52,155695.96,57899.65
100822,20251001,284,11,18,9,19,4866.69,92467.11,4623.36,87843.75,40623.44
100823,20231117,260,1,13,6,9,7004.72,63042.48,3152.12,59890.36,32590.79
100824,20241223,146,6,2,6,1,8457.66,8457.66,422.88,8034.78,3018.18
100825,20250120,179,12,19,5,1,1192.37,1192.37,119.24,1073.13,509.77
100826,20250218,50,7,12,7,12,11044.9,132538.8,6626.94,125911.86,45490.68
100827,20240515,127,4,21,8,10,4210.9,42109.0,2105.45,40003.55,21285.0
100828,20230515,157,2,11,8,6,576.14,3456.84,0.0,3456.84,1435.36
100829,20250801,217,10,17,3,14,4677.47,65484.58,0.0,65484.58,32034.51
100830,20230215,163,7,19,2,13,11044.9,143583.7,0.0,143583.7,53060.66
100831,20250927,52,12,22,3,7,1192.37,8346.59,0.0,8346.59,3760.59
100832,20241126,86,10,10,7,12,4677.47,56129.64,11225.93,44903.71,17528.24
100833,20230604,275,4,10,6,9,4210.9,37898.1,0.0,37898.1,20815.36
100834,20250403,116,10,24,4,3,4677.47,14032.41,1403.24,12629.17,5880.63
100835,20241120,140,2,19,10,17,576.14,9794.38,489.72,9304.66,3646.94
100836,20230607,155,9,10,10,14,2112.21,29570.94,2957.09,26613.85,10982.75
100837,20250428,206,5,20,3,17,12606.96,214318.32,10715.92,203602.4,102348.57
100838,20240105,10,11,23,3,17,4866.69,82733.73,12410.06,70323.67,32726.43
100839,20240312,240,5,21,3,18,12606.96,226925.28,22692.53,204232.75,106314.36
100840,20250607,290,12,21,8,2,1192.37,2384.74,119.24,2265.5,957.98
100841,20231030,124,3,24,10,10,1648.77,16487.7,1648.77,14838.93,6411.19
100842,20230512,105,7,9,4,10,11044.9,110449.0,5522.45,104926.55,42105.9
100843,20240428,208,4,4,4,5,4210.9,21054.5,0.0,21054.5,8403.22
100844,20240927,238,8,18,9,14,8152.69,114137.66,5706.88,108430.78,57590.96
100845,20240218,82,5,5,8,1,12606.96,12606.96,0.0,12606.96,6438.47
100846,20231227,22,12,16,4,1,1192.37,1192.37,0.0,1192.37,631.12
100847,20241004,153,2,14,2,12,576.14,6913.68,691.37,6222.31,3280.05
100848,20250323,72,4,4,1,19,4210.9,80007.1,8000.71,72006.39,38637.7
100849,20251204,298,9,9,4,16,2112.21,33795.36,5069.3,28726.06,11421.92
100850,20230908,161,6,19,7,13,8457.66,109949.58,10994.96,98954.62,49357.75
100851,20250516,112,3,4,4,6,1648.77,9892.62,0.0,9892.62,4005.62
100852,20250416,131,10,2,10,16,4677.47,74839.52,3741.98,71097.54,34832.36
100853,20230820,163,9,14,2,16,2112.21,33795.36,3379.54,30415.82,16505.54
100854,20231024,186,8,23,4,12,8152.69,97832.28,9783.23,88049.05,31188.28
100855,20230313,28,12,22,4,8,1192.37,9538.96,0.0,9538.96,4072.54
100856,20250113,63,9,8,10,15,2112.21,31683.15,0.0,31683.15,16854.1
100857,20250315,131,5,3,10,8,12606.96,100855.68,0.0,100855.68,52634.9
100858,20231125,225,11,11,9,14,4866.69,68133.66,6813.37,61320.29,24822.9
100859,20230614,252,8,24,1,14,8152.69,114137.66,17120.65,97017.01,40411.9
100860,20250515,52,3,23,3,9,1648.77,14838.93,741.95,14096.98,5925.97
100861,20241031,233,12,1,7,2,1192.37,2384.74,119.24,2265.5,876.18
100862,20250627,70,1,13,9,7,7004.72,49033.04,2451.65,46581.39,19226.21
100863,20230618,57,3,8,9,17,1648.77,28029.09,2802.91,25226.18,12701.92
100864,20230924,211,6,15,10,16,8457.66,135322.56,20298.38,115024.18,43329.83
100865,20231222,168,5,7,10,3,12606.96,37820.88,1891.04,35929.84,13882.49
100866,20250211,293,4,1,2,1,4210.9,4210.9,631.63,3579.27,1715.98
100867,20240413,46,8,7,1,9,8152.69,73374.21,7337.42,66036.79,25341.7
100868,20250401,220,10,9,1,5,4677.47,23387.35,0.0,23387.35,9906.51
100869,20230829,8,12,17,10,14,1192.37,16693.18,1669.32,15023.86,8047.64
100870,20251009,61,4,23,7,7,4210.9,29476.3,0.0,29476.3,15398.05
100871,20240629,148,12,16,3,13,1192.37,15500.81,0.0,15500.81,8080.07
100872,20240317,145,12,22,8,7,1192.37,8346.59,417.33,7929.26,3423.1
100873,20231026,15,5,9,6,8,12606.96,100855.68,5042.78,95812.9,50921.26
100874,20250127,299,11,21,6,15,4866.69,73000.35,0.0,73000.35,32395.83
100875,20241024,204,11,7,8,13,4866.69,63266.97,6326.7,56940.27,28311.89
100876,20240608,38,2,18,5,2,576.14,1152.28,0.0,1152.28,617.87
100877,20250822,182,10,22,10,20,4677.47,93549.4,9354.94,84194.46,43105.09
100878,20230111,130,9,20,10,13,2112.21,27458.73,0.0,27458.73,11778.13
100879,20250129,68,9,2,10,19,2112.21,40131.99,0.0,40131.99,15409.61
100880,20251006,174,8,5,7,3,8152.69,24458.07,0.0,24458.07,11154.95
100881,20231018,134,2,11,5,2,576.14,1152.28,230.46,921.82,414.67
100882,20240729,185,7,10,5,9,11044.9,99404.1,4970.21,94433.89,47435.35
100883,20240624,265,6,14,8,6,8457.66,50745.96,0.0,50745.96,27855.12
100884,20231106,285,11,21,3,15,4866.69,73000.35,0.0,73000.35,27720.0
100885,20240415,94,1,16,3,9,7004.72,63042.48,0.0,63042.48,27954.71
100886,20230826,254,1,15,7,12,7004.72,84056.64,16811.33,67245.31,31078.83
100887,20250726,253,2,24,6,5,576.14,2880.7,0.0,2880.7,1062.16
100888,20240804,93,3,24,10,17,1648.77,28029.09,2802.91,25226.18,11670.88
100889,20240310,299,1,17,6,19,7004.72,133089.68,0.0,133089.68,71080.89
100890,20240519,256,11,4,2,11,4866.69,53533.59,0.0,53533.59,26031.38
100891,20230907,202,6,19,4,4,8457.66,33830.64,3383.06,30447.58,11593.07
100892,20230616,236,12,22,6,16,1192.37,19077.92,953.9,18124.02,9805.83
100893,20230112,169,1,21,8,20,7004.72,140094.4,28018.88,112075.52,46509.45
100894,20230922,109,1,21,8,10,7004.72,70047.2,0.0,70047.2,25294.53
100895,20230525,281,10,13,7,3,4677.47,14032.41,0.0,14032.41,5410.93
100896,20250327,46,1,7,1,6,7004.72,42028.32,0.0,42028.32,18092.32
100897,20231112,62,5,16,4,14,12606.96,176497.44,17649.74,158847.7,84878.67
100898,20230926,184,11,4,9,12,4866.69,58400.28,2920.01,55480.27,24850.98
100899,20250305,244,5,19,10,20,12606.96,252139.2,12606.96,239532.24,120077.06
100900,20250124,96,7,21,5,14,11044.9,154628.6,0.0,154628.6,69995.46
100901,20250807,115,11,22,6,5,4866.69,24333.45,3650.02,20683.43,9420.39
100902,20251210,43,5,15,1,14,12606.96,176497.44,0.0,176497.44,90068.22
100903,20240907,77,3,22,4,10,1648.77,16487.7,1648.77,14838.93,6746.05
100904,20240828,292,1,18,5,3,7004.72,21014.16,3152.12,17862.04,8085.84
100905,20251111,218,7,4,2,15,11044.9,165673.5,16567.35,149106.15,69139.87
100906,20240602,182,5,19,10,3,12606.96,37820.88,3782.09,34038.79,12024.33
100907,20250805,92,3,13,8,2,1648.77,3297.54,0.0,3297.54,1732.37
100908,20240901,161,10,24,7,15,4677.47,70162.05,7016.21,63145.84,27783.51
100909,20240626,175,3,7,9,6,1648.77,9892.62,0.0,9892.62,5405.7
100910,20240615,55,7,18,4,1,11044.9,11044.9,0.0,11044.9,4123.45
100911,20231218,245,8,23,7,13,8152.69,105984.97,15897.75,90087.22,48931.84
100912,20250923,156,10,20,5,12,4677.47,56129.64,5612.96,50516.68,27411.78
100913,20250319,155,2,5,10,5,576.14,2880.7,0.0,2880.7,1072.72
100914,20230202,97,1,7,8,16,7004.72,112075.52,5603.78,106471.74,51100.89
100915,20250611,276,4,3,6,10,4210.9,42109.0,4210.9,37898.1,14387.37
100916,20250514,12,2,6,6,5,576.14,2880.7,288.07,2592.63,1138.3
100917,20250920,242,1,15,8,19,7004.72,133089.68,0.0,133089.68,54429.19
100918,20250313,27,6,1,9,4,8457.66,33830.64,1691.53,32139.11,15832.32
100919,20250501,254,12,19,7,20,1192.37,23847.4,2384.74,21462.66,11800.28
100920,20230317,250,7,16,8,17,11044.9,187763.3,9388.16,178375.14,84246.41
100921,20250926,119,12,2,10,17,1192.37,20270.29,0.0,20270.29,9431.37
100922,20230511,138,11,14,4,16,4866.69,77867.04,0.0,77867.04,36950.97
100923,20241211,230,12,14,2,1,1192.37,1192.37,0.0,1192.37,590.51
100924,20250819,177,8,8,2,17,8152.69,138595.73,0.0,138595.73,73707.15
100925,20241125,240,3,10,3,13,1648.77,21434.01,4286.8,17147.21,8858.53
100926,20250107,242,3,20,8,7,1648.77,11541.39,0.0,11541.39,5768.97
100927,20250915,67,3,7,1,6,1648.77,9892.62,494.63,9397.99,3478.95
100928,20250501,253,5,8,6,7,12606.96,88248.72,4412.44,83836.28,46097.57
100929,20250104,134,6,22,5,6,8457.66,50745.96,0.0,50745.96,26483.93
100930,20251028,17,2,11,8,14,576.14,8065.96,0.0,8065.96,3188.78
100931,20240403,250,5,11,8,12,12606.96,151283.52,15128.35,136155.17,68624.79
100932,20240701,78,12,17,8,20,1192.37,23847.4,2384.74,21462.66,10544.2
100933,20250615,235,2,4,8,20,576.14,11522.8,576.14,10946.66,5710.63
100934,20230728,288,1,17,8,4,7004.72,28018.88,0.0,28018.88,10468.19
100935,20240225,186,3,24,4,10,1648.77,16487.7,1648.77,14838.93,7454.97
100936,20251017,51,3,21,3,12,1648.77,19785.24,0.0,19785.24,7470.01
100937,20240218,225,7,25,9,1,11044.9,11044.9,0.0,11044.9,5653.1
100938,20241130,147,9,6,10,3,2112.21,6336.63,0.0,6336.63,3124.21
100939,20250429,185,11,22,5,8,4866.69,38933.52,0.0,38933.52,19494.07
100940,20250513,117,3,14,4,14,1648.77,23082.78,3462.42,19620.36,10391.2
100941,20251123,186,1,15,4,5,7004.72,35023.6,3502.36,31521.24,15556.52
100942,20251125,36,2,11,10,11,576.14,6337.54,316.88,6020.66,3037.27
100943,20250607,32,7,25,4,2,11044.9,22089.8,2208.98,19880.82,9508.86
100944,20230429,267,5,14,1,13,12606.96,163890.48,24583.57,139306.91,68282.41
100945,20240915,161,6,1,7,9,8457.66,76118.94,11417.84,64701.1,30544.11
100946,20231028,207,8,21,7,7,8152.69,57068.83,8560.32,48508.51,23035.33
100947,20250624,177,11,13,2,7,4866.69,34066.83,5110.02,28956.81,10622.98
100948,20241116,200,12,24,5,5,1192.37,5961.85,298.09,5663.76,2594.9
100949,20240313,48,9,18,5,10,2112.21,21122.1,1056.11,20065.99,10061.27
100950,20231124,12,1,18,6,19,7004.72,133089.68,0.0,133089.68,68733.61
100951,20240914,217,9,4,3,2,2112.21,4224.42,422.44,3801.98,1528.21
100952,20251105,182,2,2,10,4,576.14,2304.56,115.23,2189.33,1016.92
100953,20230111,233,6,8,7,19,8457.66,160695.54,8034.78,152660.76,80737.36
100954,20251228,120,6,10,9,10,8457.66,84576.6,8457.66,76118.94,39050.22
100955,20231014,194,9,24,4,8,2112.21,16897.68,0.0,16897.68,7659.56
100956,20240130,185,8,4,5,5,8152.69,40763.45,4076.34,36687.11,18919.08
100957,20230617,48,1,14,5,5,7004.72,35023.6,1751.18,33272.42,14614.34
100958,20250126,270,7,19,10,18,11044.9,198808.2,9940.41,188867.79,81016.07
100959,20240624,300,8,21,8,14,8152.69,114137.66,22827.53,91310.13,44541.41
100960,20250929,214,3,5,1,17,1648.77,28029.09,0.0,28029.09,13796.76
100961,20230922,263,9,4,10,7,2112.21,14785.47,739.27,14046.2,5007.77
100962,20231118,287,6,4,4,20,8457.66,169153.2,25372.98,143780.22,53495.91
100963,20250126,293,5,2,2,17,12606.96,214318.32,0.0,214318.32,90933.86
100964,20250205,156,5,16,5,1,12606.96,12606.96,1260.7,11346.26,4293.74
100965,20250513,25,5,10,7,7,12606.96,88248.72,0.0,88248.72,43941.87
100966,20230105,63,9,12,10,3,2112.21,6336.63,950.49,5386.14,2334.97
100967,20240926,290,8,11,8,13,8152.69,105984.97,5299.25,100685.72,49739.42
100968,20230929,71,9,21,4,15,2112.21,31683.15,3168.32,28514.83,13785.33
100969,20231102,167,2,20,7,20,576.14,11522.8,576.14,10946.66,4341.06
100970,20250320,174,9,2,7,15,2112.21,31683.15,3168.32,28514.83,13663.83
100971,20231206,13,10,21,2,10,4677.47,46774.7,2338.74,44435.96,16652.66
100972,20230624,99,10,18,4,19,4677.47,88871.93,8887.19,79984.74,43308.42
100973,20251204,97,8,17,8,1,8152.69,8152.69,0.0,8152.69,4379.92
100974,20240104,10,5,7,3,8,12606.96,100855.68,10085.57,90770.11,46999.26
100975,20250628,44,9,20,1,11,2112.21,23234.31,1161.72,22072.59,7923.99
100976,20230217,175,7,6,9,14,11044.9,154628.6,0.0,154628.6,70445.75
100977,20250221,132,2,4,7,4,576.14,2304.56,115.23,2189.33,891.21
100978,20240110,131,2,5,10,10,576.14,5761.4,1152.28,4609.12,2238.75
100979,20230501,167,3,1,7,2,1648.77,3297.54,0.0,3297.54,1219.26
100980,20231019,212,6,9,10,13,8457.66,109949.58,16492.44,93457.14,49522.97
100981,20230417,104,4,25,7,20,4210.9,84218.0,4210.9,80007.1,35890.86
100982,20251030,198,2,9,7,2,576.14,1152.28,0.0,1152.28,530.77
100983,20230515,248,1,14,10,8,7004.72,56037.76,8405.66,47632.1,16848.64
100984,20230727,127,9,21,8,5,2112.21,10561.05,0.0,10561.05,4555.5
100985,20230621,257,4,5,7,12,4210.9,50530.8,2526.54,48004.26,18416.24
100986,20240517,276,7,18,6,15,11044.9,165673.5,0.0,165673.5,84912.43
100987,20240815,86,1,2,7,16,7004.72,112075.52,0.0,112075.52,44850.13
100988,20250217,180,11,7,7,19,4866.69,92467.11,9246.71,83220.4,33809.31
100989,20231127,274,10,3,3,10,4677.47,46774.7,0.0,46774.7,22904.91
100990,20231014,285,5,14,3,7,12606.96,88248.72,4412.44,83836.28,45395.96
100991,20241013,176,11,9,10,15,4866.69,73000.35,0.0,73000.35,35219.41
100992,20241020,175,4,15,9,20,4210.9,84218.0,0.0,84218.0,44871.66
100993,20231001,2,10,16,5,1,4677.47,4677.47,701.62,3975.85,1926.46
100994,20250426,285,12,23,3,16,1192.37,19077.92,1907.79,17170.13,7857.5
100995,20230608,276,1,22,6,15,7004.72,105070.8,10507.08,94563.72,39773.4
100996,20250209,184,7,6,9,1,11044.9,11044.9,0.0,11044.9,4684.1
100997,20240131,228,1,8,7,1,7004.72,7004.72,700.47,6304.25,3064.56
100998,20250102,99,2,20,4,10,576.14,5761.4,576.14,5185.26,2044.18
100999,20251008,186,1,9,4,16,7004.72,112075.52,16811.33,95264.19,46812.21
101000,20240304,4,4,21,3,13,4210.9,54741.7,0.0,54741.7,22196.09
101001,20251021,253,3,18,6,7,1648.77,11541.39,1154.14,10387.25,4810.77
101002,20231226,34,10,5,6,3,4677.47,14032.41,0.0,14032.41,7531.37
101003,20240411,268,12,9,2,7,1192.37,8346.59,834.66,7511.93,2663.91
101004,20251227,130,11,18,10,15,4866.69,73000.35,0.0,73000.35,31786.02
101005,20230417,166,7,14,9,9,11044.9,99404.1,0.0,99404.1,45095.57
101006,20251011,186,9,25,4,2,2112.21,4224.42,633.66,3590.76,1418.03
101007,20240723,216,9,15,3,11,2112.21,23234.31,0.0,23234.31,9036.33
101008,20230617,293,1,24,2,8,7004.72,56037.76,11207.55,44830.21,19490.56
101009,20230602,128,4,6,8,11,4210.9,46319.9,0.0,46319.9,22011.17
101010,20230718,15,8,14,6,1,8152.69,8152.69,407.63,7745.06,3680.91
101011,20241115,129,4,4,8,16,4210.9,67374.4,0.0,67374.4,28173.31
101012,20230422,171,9,8,6,3,2112.21,6336.63,633.66,5702.97,2702.71
101013,20230715,229,10,4,5,3,4677.47,14032.41,2806.48,11225.93,5987.27
101014,20250211,161,12,3,7,5,1192.37,5961.85,0.0,5961.85,3043.39
101015,20230423,155,10,21,10,14,4677.47,65484.58,0.0,65484.58,31793.61
101016,20230417,151,7,13,3,4,11044.9,44179.6,2208.98,41970.62,18140.61
101017,20230122,233,7,15,7,14,11044.9,154628.6,23194.29,131434.31,62279.64
101018,20241126,14,8,17,4,11,8152.69,89679.59,4483.98,85195.61,31658.8
101019,20230126,35,10,7,5,19,4677.47,88871.93,0.0,88871.93,40150.53
101020,20241228,216,8,24,3,20,8152.69,163053.8,8152.69,154901.11,61748.31
101021,20230401,31,3,10,2,19,1648.77,31326.63,1566.33,29760.3,16128.54
101022,20250102,160,10,18,3,5,4677.47,23387.35,0.0,23387.35,9629.39
101023,20241203,150,6,1,6,17,8457.66,143780.22,7189.01,136591.21,66336.9
101024,20230428,122,9,18,9,2,2112.21,4224.42,211.22,4013.2,1561.46
101025,20240215,104,2,11,7,7,576.14,4032.98,403.3,3629.68,1774.75
101026,20250815,170,10,19,3,11,4677.47,51452.17,2572.61,48879.56,21200.97
101027,20231129,54,8,2,8,16,8152.69,130443.04,0.0,130443.04,45751.52
101028,20240401,118,8,20,2,7,8152.69,57068.83,0.0,57068.83,28358.49
101029,20241109,193,4,13,3,6,4210.9,25265.4,2526.54,22738.86,7989.19
101030,20230121,38,6,1,5,18,8457.66,152237.88,0.0,152237.88,62130.6
101031,20240203,300,6,2,8,1,8457.66,8457.66,0.0,8457.66,3440.75
101032,20240324,135,12,6,2,11,1192.37,13116.07,1311.61,11804.46,4712.26
101033,20240206,12,3,9,6,4,1648.77,6595.08,0.0,6595.08,3201.85
101034,20250215,57,6,7,9,10,8457.66,84576.6,4228.83,80347.77,34061.68
101035,20250201,88,9,20,6,14,2112.21,29570.94,4435.64,25135.3,9126.01
101036,20231023,67,4,7,1,18,4210.9,75796.2,0.0,75796.2,32202.1
101037,20250529,126,1,25,1,20,7004.72,140094.4,7004.72,133089.68,69324.7
101038,20240825,77,6,8,4,2,8457.66,16915.32,845.77,16069.55,6524.47
101039,20230916,261,10,16,5,7,4677.47,32742.29,3274.23,29468.06,14938.33
101040,20230513,86,9,13,7,17,2112.21,35907.57,0.0,35907.57,16294.08
101041,20240102,165,12,12,10,17,1192.37,20270.29,2027.03,18243.26,8996.3
101042,20251010,243,5,19,10,13,12606.96,163890.48,8194.52,155695.96,79112.99
101043,20230316,107,4,7,6,15,4210.9,63163.5,9474.52,53688.98,23042.24
101044,20240918,218,7,19,2,6,11044.9,66269.4,9940.41,56328.99,23929.76
101045,20230623,69,2,10,4,15,576.14,8642.1,432.11,8209.99,3251.45
101046,20230326,239,9,20,5,11,2112.21,23234.31,1161.72,22072.59,9789.42
101047,20250417,189,8,11,1,9,8152.69,73374.21,0.0,73374.21,28316.07
101048,20240423,136,11,3,3,12,4866.69,58400.28,8760.04,49640.24,20298.07
101049,20251024,263,9,21,10,3,2112.21,6336.63,633.66,5702.97,3052.92
101050,20230721,61,2,12,7,2,576.14,1152.28,57.61,1094.67,456.21
101051,20241105,129,5,24,8,9,12606.96,113462.64,0.0,113462.64,53418.98
101052,20231010,279,5,1,7,10,12606.96,126069.6,0.0,126069.6,52864.32
101053,20250407,208,10,25,4,1,4677.47,4677.47,233.87,4443.6,2010.86
101054,20231102,204,4,8,8,7,4210.9,29476.3,1473.82,28002.48,12689.75
101055,20250817,237,6,3,7,11,8457.66,93034.26,9303.43,83730.83,36486.43
101056,20250505,108,8,15,8,18,8152.69,146748.42,0.0,146748.42,55440.09
101057,20230920,157,12,1,8,16,1192.37,19077.92,1907.79,17170.13,8874.55
101058,20241126,116,7,14,4,13,11044.9,143583.7,14358.37,129225.33,63075.36
101059,20240905,167,10,1,7,19,4677.47,88871.93,8887.19,79984.74,42746.15
101060,20231111,170,10,21,3,20,4677.47,93549.4,14032.41,79516.99,36957.57
101061,20250311,196,4,13,8,3,4210.9,12632.7,631.64,12001.06,4652.42
101062,20230811,169,10,15,8,10,4677.47,46774.7,0.0,46774.7,17346.99
101063,20231230,17,12,20,8,16,1192.37,19077.92,0.0,19077.92,7436.57
101064,20250301,146,4,8,6,10,4210.9,42109.0,4210.9,37898.1,13794.75
101065,20230428,189,9,1,1,6,2112.21,12673.26,0.0,12673.26,6741.7
101066,20250311,81,2,5,4,18,576.14,10370.52,518.53,9851.99,4912.48
101067,20250307,106,3,7,2,10,1648.77,16487.7,824.39,15663.31,7705.32
101068,20250830,82,10,19,8,10,4677.47,46774.7,2338.74,44435.96,20018.18
101069,20250728,142,4,1,1,5,4210.9,21054.5,1052.73,20001.77,10299.24
101070,20240520,270,6,19,10,16,8457.66,135322.56,6766.13,128556.43,59807.86
101071,20230706,148,11,15,3,12,4866.69,58400.28,5840.03,52560.25,25876.97
101072,20240901,201,10,6,8,14,4677.47,65484.58,0.0,65484.58,34706.36
101073,20250603,235,7,22,8,6,11044.9,66269.4,6626.94,59642.46,22014.44
101074,20230331,123,3,9,8,18,1648.77,29677.86,0.0,29677.86,15825.99
101075,20240320,253,7,25,6,18,11044.9,198808.2,0.0,198808.2,84244.26
101076,20230804,259,6,14,2,15,8457.66,126864.9,0.0,126864.9,49664.36
101077,20230402,237,1,3,7,15,7004.72,105070.8,0.0,105070.8,52450.45
101078,20240203,204,1,1,8,9,7004.72,63042.48,0.0,63042.48,33628.59
101079,20241031,238,8,15,9,3,8152.69,24458.07,0.0,24458.07,11774.23
101080,20250615,72,8,9,1,6,8152.69,48916.14,0.0,48916.14,17297.39
101081,20230725,91,5,4,6,18,12606.96,226925.28,22692.53,204232.75,78362.2
101082,20230123,140,3,15,10,12,1648.77,19785.24,0.0,19785.24,9751.8
101083,20251226,111,8,23,7,2,8152.69,16305.38,1630.54,14674.84,7517.96
101084,20230730,200,12,10,5,15,1192.37,17885.55,0.0,17885.55,6276.63
101085,20250211,104,4,12,7,8,4210.9,33687.2,0.0,33687.2,11898.58
101086,20230227,8,6,7,10,3,8457.66,25372.98,0.0,25372.98,13357.79
101087,20231210,86,1,14,7,17,7004.72,119080.24,0.0,119080.24,49469.3
101088,20240124,107,9,13,6,14,2112.21,29570.94,0.0,29570.94,11614.16
101089,20241231,166,3,1,9,13,1648.77,21434.01,2143.4,19290.61,6797.94
101090,20240311,235,4,3,8,9,4210.9,37898.1,1894.9,36003.2,15258.01
101091,20230518,112,7,10,4,20,11044.9,220898.0,11044.9,209853.1,115019.41
101092,20231218,129,2,20,8,11,576.14,6337.54,1267.51,5070.03,2480.58
101093,20230930,171,3,21,6,11,1648.77,18136.47,3627.29,14509.18,7011.91
101094,20230519,172,1,20,1,19,7004.72,133089.68,6654.48,126435.2,57174.66
101095,20240421,258,10,23,6,1,4677.47,4677.47,0.0,4677.47,2213.7
101096,20230912,159,4,24,4,14,4210.9,58952.6,5895.26,53057.34,25146.7
101097,20230503,71,6,16,4,10,8457.66,84576.6,0.0,84576.6,35957.71
101098,20230319,122,12,20,9,15,1192.37,17885.55,1788.56,16096.99,6692.13
101099,20240723,163,11,25,2,2,4866.69,9733.38,486.67,9246.71,5044.21
101100,20240813,13,4,24,2,11,4210.9,46319.9,0.0,46319.9,18118.65
101101,20230421,128,11,23,8,8,4866.69,38933.52,1946.68,36986.84,15767.39
101102,20241020,94,8,21,3,1,8152.69,8152.69,0.0,8152.69,3655.08
101103,20240130,27,11,5,9,7,4866.69,34066.83,0.0,34066.83,13106.71
101104,20240223,121,9,3,4,14,2112.21,29570.94,2957.09,26613.85,10972.69
101105,20240209,126,7,6,1,20,11044.9,220898.0,0.0,220898.0,89921.08
101106,20250707,104,5,16,7,3,12606.96,37820.88,7564.18,30256.7,12765.8
101107,20250212,86,8,15,7,14,8152.69,114137.66,5706.88,108430.78,53888.54
101108,20231116,247,1,25,10,13,7004.72,91061.36,4553.07,86508.29,31717.97
101109,20240906,276,3,18,6,6,1648.77,9892.62,0.0,9892.62,4379.76
101110,20250717,146,7,18,6,20,11044.9,220898.0,11044.9,209853.1,87434.63
101111,20250819,101,3,7,5,1,1648.77,1648.77,0.0,1648.77,742.18
101112,20250205,252,7,14,1,13,11044.9,143583.7,28716.74,114866.96,48775.84
101113,20250929,158,11,19,3,3,4866.69,14600.07,730.0,13870.07,4962.23
101114,20230912,198,10,6,7,7,4677.47,32742.29,3274.23,29468.06,15954.58
101115,20241214,261,12,16,5,12,1192.37,14308.44,1430.84,12877.6,6183.58
101116,20250518,127,4,16,8,2,4210.9,8421.8,1263.27,7158.53,3022.92
101117,20230227,76,5,20,3,15,12606.96,189104.4,28365.66,160738.74,60996.09
101118,20240521,297,11,6,9,1,4866.69,4866.69,0.0,4866.69,1793.19
101119,20250226,204,12,19,8,3,1192.37,3577.11,178.86,3398.25,1317.72
101120,20250516,85,7,9,4,10,11044.9,110449.0,5522.45,104926.55,47913.69
101121,20250222,158,12,14,3,3,1192.37,3577.11,0.0,3577.11,1661.65
101122,20241206,74,5,24,7,7,12606.96,88248.72,13237.31,75011.41,32224.45
101123,20240922,4,3,16,3,1,1648.77,1648.77,0.0,1648.77,832.21
101124,20250505,269,7,21,9,10,11044.9,110449.0,11044.9,99404.1,38183.78
101125,20250206,96,12,5,5,7,1192.37,8346.59,417.33,7929.26,3572.31
101126,20230814,231,10,7,3,6,4677.47,28064.82,0.0,28064.82,14031.94
101127,20240128,133,7,15,7,20,11044.9,220898.0,0.0,220898.0,105431.68
101128,20230613,151,2,13,3,4,576.14,2304.56,0.0,2304.56,964.3
101129,20240425,245,8,22,7,4,8152.69,32610.76,0.0,32610.76,13149.19
101130,20230115,299,1,4,6,7,7004.72,49033.04,2451.65,46581.39,16371.14
101131,20251201,137,8,16,7,11,8152.69,89679.59,4483.98,85195.61,35552.98
101132,20241203,162,4,12,3,13,4210.9,54741.7,0.0,54741.7,19786.29
101133,20241230,170,2,1,3,15,576.14,8642.1,1296.32,7345.78,3161.34
101134,20231012,14,10,4,4,17,4677.47,79516.99,0.0,79516.99,38951.63
101135,20240524,189,8,20,1,16,8152.69,130443.04,6522.15,123920.89,59735.53
101136,20230107,165,1,21,10,12,7004.72,84056.64,12608.5,71448.14,38862.04
101137,20241028,228,4,20,7,16,4210.9,67374.4,3368.72,64005.68,30243.87
101138,20230616,179,7,16,5,4,11044.9,44179.6,4417.96,39761.64,16253.47
101139,20240204,74,9,19,7,17,2112.21,35907.57,0.0,35907.57,16143.51
101140,20230628,155,11,18,10,15,4866.69,73000.35,0.0,73000.35,32065.94
101141,20230825,247,11,18,10,8,4866.69,38933.52,0.0,38933.52,14953.84
101142,20230703,55,7,23,4,1,11044.9,11044.9,0.0,11044.9,5917.79
101143,20250224,144,4,24,5,9,4210.9,37898.1,3789.81,34108.29,18428.74
101144,20230910,70,9,21,9,16,2112.21,33795.36,0.0,33795.36,16504.2
101145,20240403,295,10,3,3,11,4677.47,51452.17,0.0,51452.17,25391.06
101146,20250220,288,7,8,8,8,11044.9,88359.2,0.0,88359.2,36067.81
101147,20230817,46,6,24,1,19,8457.66,160695.54,24104.33,136591.21,68148.57
101148,20230826,294,6,5,2,11,8457.66,93034.26,18606.85,74427.41,34637.28
101149,20230104,160,1,19,3,18,7004.72,126084.96,0.0,126084.96,53917.6
101150,20250517,164,6,22,9,5,8457.66,42288.3,2114.42,40173.88,18894.72
101151,20240330,55,7,1,4,18,11044.9,198808.2,29821.23,168986.97,69822.92
101152,20240830,113,8,22,8,15,8152.69,122290.35,0.0,122290.35,49732.86
101153,20230312,164,5,17,9,4,12606.96,50427.84,0.0,50427.84,26198.97
101154,20250906,111,8,10,7,13,8152.69,105984.97,0.0,105984.97,54268.76
101155,20231109,108,12,8,8,2,1192.37,2384.74,357.71,2027.03,1024.07
101156,20250925,201,5,22,8,6,12606.96,75641.76,15128.35,60513.41,27811.27
101157,20241122,217,11,16,3,12,4866.69,58400.28,5840.03,52560.25,22506.96
101158,20251217,145,5,23,8,7,12606.96,88248.72,8824.87,79423.85,36503.36
101159,20230719,68,6,25,10,19,8457.66,160695.54,24104.33,136591.21,49285.48
101160,20240914,235,11,6,8,19,4866.69,92467.11,0.0,92467.11,45234.09
101161,20240819,75,4,7,1,7,4210.9,29476.3,2947.63,26528.67,9333.49
101162,20230728,76,7,14,3,6,11044.9,66269.4,9940.41,56328.99,20797.2
101163,20250828,92,1,4,8,17,7004.72,119080.24,11908.02,107172.22,50229.31
101164,20231101,207,4,2,7,4,4210.9,16843.6,0.0,16843.6,7541.3
101165,20231220,193,12,22,3,3,1192.37,3577.11,357.71,3219.4,1683.68
101166,20250221,141,11,21,4,15,4866.69,73000.35,0.0,73000.35,27302.14
101167,20230619,63,8,21,10,17,8152.69,138595.73,0.0,138595.73,64775.5
101168,20250909,141,12,24,4,4,1192.37,4769.48,476.95,4292.53,1657.86
101169,20250918,223,5,19,10,5,12606.96,63034.8,0.0,63034.8,22862.7
101170,20240114,208,12,1,4,13,1192.37,15500.81,775.04,14725.77,6733.85
101171,20251221,251,2,17,4,19,576.14,10946.66,547.33,10399.33,5342.82
101172,20230912,107,11,4,6,6,4866.69,29200.14,4380.02,24820.12,12138.11
101173,20230111,285,8,11,3,4,8152.69,32610.76,0.0,32610.76,15164.53
101174,20231127,45,9,9,3,2,2112.21,4224.42,0.0,4224.42,1583.92
101175,20240903,187,9,6,10,14,2112.21,29570.94,5914.19,23656.75,11393.84
101176,20240523,154,1,17,9,10,7004.72,70047.2,7004.72,63042.48,27674.64
101177,20251001,161,9,12,7,20,2112.21,42244.2,2112.21,40131.99,15730.45
101178,20230722,23,4,2,9,7,4210.9,29476.3,0.0,29476.3,15363.55
101179,20240316,69,10,18,4,7,4677.47,32742.29,1637.11,31105.18,12612.5
101180,20250514,39,9,9,9,9,2112.21,19009.89,0.0,19009.89,10089.16
101181,20250330,234,2,9,5,14,576.14,8065.96,1209.89,6856.07,2596.04
101182,20240222,37,11,24,3,9,4866.69,43800.21,8760.04,35040.17,17147.28
101183,20240130,191,10,22,10,17,4677.47,79516.99,3975.85,75541.14,32780.12
101184,20231111,162,7,13,3,1,11044.9,11044.9,2208.98,8835.92,3529.95
101185,20240707,64,9,4,9,18,2112.21,38019.78,1900.99,36118.79,15020.78
101186,20230702,186,6,25,4,9,8457.66,76118.94,0.0,76118.94,38791.69
101187,20240714,6,2,13,9,8,576.14,4609.12,0.0,4609.12,1709.99
101188,20230910,90,9,24,8,10,2112.21,21122.1,1056.11,20065.99,10260.94
101189,20230715,271,6,23,3,19,8457.66,160695.54,24104.33,136591.21,62874.09
101190,20230722,25,3,11,7,13,1648.77,21434.01,0.0,21434.01,10957.43
101191,20251224,283,10,13,3,16,4677.47,74839.52,3741.98,71097.54,28567.86
101192,20251117,80,11,5,8,5,4866.69,24333.45,0.0,24333.45,12095.78
101193,20230419,190,12,25,4,8,1192.37,9538.96,953.9,8585.06,3722.9
101194,20250726,94,8,12,3,15,8152.69,122290.35,6114.52,116175.83,47070.33
101195,20250526,267,12,8,1,10,1192.37,11923.7,596.19,11327.51,4161.6
101196,20240917,209,6,3,9,3,8457.66,25372.98,0.0,25372.98,10098.63
101197,20230711,85,10,2,4,3,4677.47,14032.41,1403.24,12629.17,5819.93
101198,20251006,6,7,22,9,17,11044.9,187763.3,28164.49,159598.81,60214.34
101199,20251016,264,11,22,6,18,4866.69,87600.42,8760.04,78840.38,33987.64
101200,20240125,4,12,14,3,18,1192.37,21462.66,2146.27,19316.39,7704.25
101201,20251217,22,10,15,4,6,4677.47,28064.82,2806.48,25258.34,13295.64
101202,20251208,116,3,3,4,12,1648.77,19785.24,1978.52,17806.72,8061.76
101203,20230415,217,8,13,3,6,8152.69,48916.14,0.0,48916.14,18228.44
101204,20240526,277,2,10,5,10,576.14,5761.4,288.07,5473.33,2205.48
101205,20230105,292,7,7,5,10,11044.9,110449.0,16567.35,93881.65,50867.61
101206,20251121,19,8,20,1,16,8152.69,130443.04,0.0,130443.04,45808.75
101207,20250731,169,5,12,8,4,12606.96,50427.84,0.0,50427.84,26627.88
101208,20240117,206,6,1,3,4,8457.66,33830.64,1691.53,32139.11,12518.47
101209,20251219,264,3,14,6,4,1648.77,6595.08,989.26,5605.82,1969.78
101210,20240527,116,8,13,4,12,8152.69,97832.28,0.0,97832.28,42622.42
101211,20240109,275,5,4,6,15,12606.96,189104.4,18910.44,170193.96,74523.06
101212,20231014,182,12,14,10,1,1192.37,1192.37,0.0,1192.37,624.92
101213,20240211,57,4,10,9,2,4210.9,8421.8,0.0,8421.8,3656.84
101214,20241109,17,3,22,8,7,1648.77,11541.39,1731.21,9810.18,5316.53
101215,20240628,61,7,16,7,18,11044.9,198808.2,9940.41,188867.79,91855.34
101216,20230918,167,7,17,7,13,11044.9,143583.7,0.0,143583.7,77755.7
101217,20230213,65,3,12,5,17,1648.77,28029.09,0.0,28029.09,13647.01
101218,20230417,176,7,20,10,1,11044.9,11044.9,552.25,10492.65,4279.88
101219,20250922,43,7,8,1,20,11044.9,220898.0,0.0,220898.0,99900.67
101220,20240525,144,2,9,5,8,576.14,4609.12,460.91,4148.21,1807.92
101221,20250828,53,12,24,4,17,1192.37,20270.29,1013.51,19256.78,7466.5
101222,20231101,118,2,5,2,13,576.14,7489.82,0.0,7489.82,4105.02
101223,20231027,219,1,20,9,7,7004.72,49033.04,0.0,49033.04,17661.26
101224,20250414,269,5,23,9,8,12606.96,100855.68,0.0,100855.68,43893.92
101225,20230506,262,7,21,2,2,11044.9,22089.8,0.0,22089.8,8920.95
101226,20240728,180,12,14,7,8,1192.37,9538.96,0.0,9538.96,3429.36
101227,20230325,1,1,22,9,11,7004.72,77051.92,0.0,77051.92,34242.77
101228,20230726,221,3,9,1,16,1648.77,26380.32,0.0,26380.32,10838.92
101229,20230718,7,11,18,2,5,4866.69,24333.45,0.0,24333.45,12124.35
101230,20250110,271,10,12,3,8,4677.47,37419.76,3741.98,33677.78,13201.91
101231,20250225,45,2,5,3,20,576.14,11522.8,0.0,11522.8,5384.75
101232,20240126,99,12,15,4,4,1192.37,4769.48,0.0,4769.48,2190.7
101233,20241203,155,12,16,10,7,1192.37,8346.59,417.33,7929.26,3018.94
101234,20230919,99,7,18,4,9,11044.9,99404.1,14910.61,84493.49,42404.83
101235,20241212,188,8,21,1,4,8152.69,32610.76,4891.61,27719.15,10077.07
101236,20250508,269,9,1,9,6,2112.21,12673.26,633.66,12039.6,5891.47
101237,20230922,149,1,19,10,2,7004.72,14009.44,1400.94,12608.5,6162.54
101238,20250325,254,11,18,7,17,4866.69,82733.73,16546.75,66186.98,25356.47
101239,20251109,197,9,25,2,13,2112.21,27458.73,1372.94,26085.79,10546.45
101240,20240112,2,3,19,5,7,1648.77,11541.39,577.07,10964.32,3856.94
101241,20251116,234,9,23,5,17,2112.21,35907.57,0.0,35907.57,18689.71
101242,20240829,138,9,4,4,6,2112.21,12673.26,0.0,12673.26,5788.04
101243,20240820,21,11,5,9,9,4866.69,43800.21,6570.03,37230.18,15044.23
101244,20230416,128,4,18,8,4,4210.9,16843.6,0.0,16843.6,7065.76
101245,20250125,167,2,23,7,18,576.14,10370.52,0.0,10370.52,3906.81
101246,20240826,167,1,21,7,1,7004.72,7004.72,700.47,6304.25,2482.97
101247,20240726,91,5,1,6,18,12606.96,226925.28,22692.53,204232.75,106935.53
101248,20230806,196,11,9,8,20,4866.69,97333.8,4866.69,92467.11,47469.79
101249,20240327,167,5,7,7,19,12606.96,239532.24,11976.61,227555.63,118703.09
101250,20250320,80,8,8,8,14,8152.69,114137.66,0.0,114137.66,60542.45
101251,20230711,254,3,15,7,6,1648.77,9892.62,989.26,8903.36,3429.77
101252,20251001,93,11,10,10,1,4866.69,4866.69,0.0,4866.69,2564.99
101253,20250318,97,2,5,8,3,576.14,1728.42,86.42,1642.0,724.13
101254,20250404,52,12,17,3,5,1192.37,5961.85,596.19,5365.66,2745.06
101255,20230724,194,7,1,4,4,11044.9,44179.6,4417.96,39761.64,19987.75
101256,20230331,68,4,25,10,3,4210.9,12632.7,0.0,12632.7,6792.85
101257,20230128,5,2,18,10,11,576.14,6337.54,950.63,5386.91,1976.96
101258,20231013,246,10,15,9,6,4677.47,28064.82,0.0,28064.82,12510.78
101259,20240514,29,9,23,1,9,2112.21,19009.89,950.49,18059.4,6765.32
101260,20230402,53,9,10,4,4,2112.21,8448.84,422.44,8026.4,4152.03
101261,20231018,1,4,1,9,8,4210.9,33687.2,1684.36,32002.84,12144.29
101262,20240810,116,11,13,4,4,4866.69,19466.76,973.34,18493.42,10137.23
101263,20240404,53,5,12,4,3,12606.96,37820.88,1891.04,35929.84,13425.91
101264,20230623,23,10,5,9,6,4677.47,28064.82,1403.24,26661.58,11117.05
101265,20240107,218,3,22,2,10,1648.77,16487.7,824.39,15663.31,6381.25
101266,20230801,139,8,22,2,12,8152.69,97832.28,14674.84,83157.44,42588.57
101267,20230606,2,3,25,5,5,1648.77,8243.85,0.0,8243.85,3529.36
101268,20250906,35,2,19,5,14,576.14,8065.96,1613.19,6452.77,2617.86
101269,20230705,166,3,6,9,13,1648.77,21434.01,0.0,21434.01,9620.47
101270,20250912,212,10,21,10,11,4677.47,51452.17,0.0,51452.17,27722.74
101271,20240518,197,7,18,2,16,11044.9,176718.4,8835.92,167882.48,75298.7
101272,20240416,197,2,19,2,14,576.14,8065.96,403.3,7662.66,3872.08
101273,20240325,45,4,12,3,1,4210.9,4210.9,0.0,4210.9,2190.17
101274,20250112,286,8,5,10,4,8152.69,32610.76,0.0,32610.76,13692.26
101275,20231013,151,8,5,3,18,8152.69,146748.42,29349.68,117398.74,62525.49
101276,20240511,108,4,2,8,5,4210.9,21054.5,0.0,21054.5,10298.94
101277,20231021,194,12,1,4,14,1192.37,16693.18,0.0,16693.18,8184.34
101278,20230601,245,10,6,7,1,4677.47,4677.47,0.0,4677.47,1769.28
101279,20240516,40,1,19,2,14,7004.72,98066.08,0.0,98066.08,37901.06
101280,20231014,271,12,10,3,16,1192.37,19077.92,953.9,18124.02,7566.19
101281,20230128,147,2,5,10,2,576.14,1152.28,172.84,979.44,349.1
101282,20231222,258,3,1,6,13,1648.77,21434.01,2143.4,19290.61,9374.86
101283,20250719,284,12,9,9,19,1192.37,22655.03,1132.75,21522.28,10586.18
101284,20250517,81,5,3,4,17,12606.96,214318.32,0.0,214318.32,115777.89
101285,20240309,206,10,2,3,8,4677.47,37419.76,0.0,37419.76,19252.5
101286,20230608,240,8,11,3,13,8152.69,105984.97,10598.5,95386.47,36529.67
101287,20250130,218,4,9,2,4,4210.9,16843.6,0.0,16843.6,7117.1
101288,20241118,15,4,10,6,6,4210.9,25265.4,1263.27,24002.13,8714.31
101289,20230123,159,4,18,4,7,4210.9,29476.3,1473.82,28002.48,9982.14
101290,20240705,44,10,19,1,2,4677.47,9354.94,467.75,8887.19,4515.09
101291,20230404,25,6,3,7,10,8457.66,84576.6,0.0,84576.6,35634.64
101292,20240801,204,9,7,8,11,2112.21,23234.31,2323.43,20910.88,10353.76
101293,20230923,50,6,14,7,17,8457.66,143780.22,0.0,143780.22,73543.42
101294,20231104,13,10,13,2,16,4677.47,74839.52,3741.98,71097.54,36999.55
101295,20240817,83,3,22,5,15,1648.77,24731.55,0.0,24731.55,11752.2
101296,20240419,111,11,21,7,5,4866.69,24333.45,2433.35,21900.1,8370.42
101297,20251024,265,12,20,8,17,1192.37,20270.29,3040.54,17229.75,7206.91
101298,20230926,174,5,12,7,20,12606.96,252139.2,37820.88,214318.32,93481.43
101299,20250304,123,4,20,8,20,4210.9,84218.0,0.0,84218.0,32043.29
101300,20251015,50,1,5,7,10,7004.72,70047.2,3502.36,66544.84,36186.38
101301,20230628,256,2,15,2,11,576.14,6337.54,0.0,6337.54,2592.82
101302,20230520,144,10,12,5,12,4677.47,56129.64,0.0,56129.64,21656.91
101303,20250801,133,8,9,7,15,8152.69,122290.35,12229.04,110061.31,41613.02
101304,20230911,292,8,2,5,12,8152.69,97832.28,14674.84,83157.44,35773.32
101305,20230922,226,6,17,2,20,8457.66,169153.2,33830.64,135322.56,57476.45
101306,20250426,260,8,9,6,2,8152.69,16305.38,815.27,15490.11,7416.25
101307,20240516,288,1,5,8,4,7004.72,28018.88,0.0,28018.88,10693.16
101308,20250328,38,4,13,5,15,4210.9,63163.5,6316.35,56847.15,23863.73
101309,20250817,274,8,4,3,3,8152.69,24458.07,0.0,24458.07,9090.32
101310,20250323,222,4,13,8,11,4210.9,46319.9,0.0,46319.9,19384.17
101311,20250922,109,12,24,8,16,1192.37,19077.92,0.0,19077.92,8411.76
101312,20231115,241,3,21,1,7,1648.77,11541.39,0.0,11541.39,4111.79
101313,20250217,32,6,14,4,16,8457.66,135322.56,0.0,135322.56,53086.85
101314,20230216,217,5,9,3,6,12606.96,75641.76,0.0,75641.76,27522.39
101315,20250409,42,5,23,6,15,12606.96,189104.4,28365.66,160738.74,73128.99
101316,20240615,95,1,3,6,14,7004.72,98066.08,0.0,98066.08,49095.33
101317,20231203,102,6,14,2,16,8457.66,135322.56,6766.13,128556.43,62705.47
101318,20231126,224,6,23,10,19,8457.66,160695.54,0.0,160695.54,56562.63
101319,20240211,40,12,22,2,19,1192.37,22655.03,1132.75,21522.28,8926.29
101320,20241010,8,3,15,10,5,1648.77,8243.85,412.19,7831.66,3236.68
101321,20250412,135,9,24,2,1,2112.21,2112.21,422.44,1689.77,910.22
101322,20230915,231,11,19,3,4,4866.69,19466.76,0.0,19466.76,9716.67
101323,20240120,216,12,18,3,6,1192.37,7154.22,357.71,6796.51,2672.57
101324,20240305,98,11,19,4,1,4866.69,4866.69,0.0,4866.69,2057.44
101325,20240910,158,9,4,3,16,2112.21,33795.36,1689.77,32105.59,14164.97
101326,20250420,181,6,18,10,14,8457.66,118407.24,5920.36,112486.88,56582.73
101327,20230821,91,8,14,6,12,8152.69,97832.28,0.0,97832.28,45881.22
101328,20250611,196,5,22,8,14,12606.96,176497.44,8824.87,167672.57,82229.73
101329,20230723,45,2,3,3,1,576.14,576.14,28.81,547.33,236.59
101330,20251013,279,2,21,7,15,576.14,8642.1,432.11,8209.99,4196.73
101331,20240816,216,4,8,3,15,4210.9,63163.5,3158.18,60005.32,22376.0
101332,20250819,64,6,15,9,14,8457.66,118407.24,17761.09,100646.15,48206.68
101333,20250321,4,6,8,3,17,8457.66,143780.22,0.0,143780.22,75617.1
101334,20240625,158,7,22,3,8,11044.9,88359.2,0.0,88359.2,46990.47
101335,20230308,8,1,5,10,12,7004.72,84056.64,8405.66,75650.98,34329.86
101336,20241012,172,3,19,1,14,1648.77,23082.78,0.0,23082.78,12573.15
101337,20240130,202,1,19,4,14,7004.72,98066.08,0.0,98066.08,46802.5
101338,20231222,207,6,17,7,6,8457.66,50745.96,2537.3,48208.66,17833.13
101339,20230916,259,2,21,2,19,576.14,10946.66,1094.67,9851.99,5109.3
101340,20240616,284,3,11,9,7,1648.77,11541.39,0.0,11541.39,4098.67
101341,20230124,79,1,20,8,18,7004.72,126084.96,18912.74,107172.22,39198.72
101342,20250222,13,12,24,2,5,1192.37,5961.85,1192.37,4769.48,2274.53
101343,20250103,96,4,21,5,8,4210.9,33687.2,0.0,33687.2,15397.86
101344,20240517,194,5,22,4,2,12606.96,25213.92,0.0,25213.92,13539.75
101345,20230217,297,2,4,9,15,576.14,8642.1,1296.32,7345.78,2751.27
101346,20231018,145,5,6,8,3,12606.96,37820.88,0.0,37820.88,19626.19
101347,20240301,201,2,16,8,1,576.14,576.14,28.81,547.33,244.82
101348,20230606,108,11,14,8,13,4866.69,63266.97,9490.05,53776.92,25636.01
101349,20250712,83,3,10,5,1,1648.77,1648.77,247.32,1401.45,675.41
101350,20230306,61,6,12,7,16,8457.66,135322.56,27064.51,108258.05,50881.13
101351,20230111,82,9,24,8,9,2112.21,19009.89,2851.48,16158.41,6278.66
101352,20230302,275,1,17,6,17,7004.72,119080.24,11908.02,107172.22,42146.69
101353,20250117,59,4,1,6,11,4210.9,46319.9,0.0,46319.9,16984.98
101354,20230917,138,5,16,4,7,12606.96,88248.72,17649.74,70598.98,29631.15
101355,20240825,240,12,16,3,14,1192.37,16693.18,834.66,15858.52,6818.98
101356,20240131,129,3,7,8,9,1648.77,14838.93,2967.79,11871.14,4399.19
101357,20240930,85,4,24,4,16,4210.9,67374.4,3368.72,64005.68,28113.31
101358,20240710,164,10,4,9,20,4677.47,93549.4,0.0,93549.4,36479.04
101359,20241223,192,11,3,1,15,4866.69,73000.35,0.0,73000.35,26043.02
101360,20251113,130,10,14,10,10,4677.47,46774.7,2338.74,44435.96,23348.89
101361,20251222,181,7,1,10,4,11044.9,44179.6,0.0,44179.6,18314.04
101362,20240116,184,4,3,9,7,4210.9,29476.3,2947.63,26528.67,11258.58
101363,20241005,63,1,11,10,1,7004.72,7004.72,700.47,6304.25,2476.02
101364,20241020,120,9,3,9,13,2112.21,27458.73,0.0,27458.73,10775.77
101365,20240321,53,9,9,4,20,2112.21,42244.2,6336.63,35907.57,18366.19
101366,20230603,294,11,14,2,14,4866.69,68133.66,0.0,68133.66,28208.99
101367,20240208,26,8,16,5,2,8152.69,16305.38,3261.08,13044.3,5664.45
101368,20230912,232,3,20,6,11,1648.77,18136.47,906.82,17229.65,6845.07
101369,20230213,146,1,21,6,19,7004.72,133089.68,26617.94,106471.74,56677.96
101370,20240805,68,7,2,10,18,11044.9,198808.2,29821.23,168986.97,60467.6
101371,20230203,36,8,4,10,14,8152.69,114137.66,11413.77,102723.89,41596.47
101372,20241209,205,2,18,7,11,576.14,6337.54,316.88,6020.66,2163.91
101373,20240903,233,8,21,7,4,8152.69,32610.76,3261.08,29349.68,15776.65
101374,20230730,15,4,2,6,1,4210.9,4210.9,0.0,4210.9,2310.55
101375,20250611,116,3,3,4,7,1648.77,11541.39,1154.14,10387.25,5323.01
101376,20230111,27,5,2,9,4,12606.96,50427.84,0.0,50427.84,20718.68
101377,20240624,169,12,20,8,13,1192.37,15500.81,0.0,15500.81,5953.36
101378,20231010,299,8,4,6,5,8152.69,40763.45,0.0,40763.45,15473.82
101379,20250426,229,11,4,5,17,4866.69,82733.73,4136.69,78597.04,36592.97
101380,20250930,144,6,25,5,16,8457.66,135322.56,0.0,135322.56,54502.84
101381,20240829,43,6,18,1,8,8457.66,67661.28,6766.13,60895.15,30268.16
101382,20240226,40,2,16,2,2,576.14,1152.28,0.0,1152.28,557.82
101383,20250816,198,4,16,7,4,4210.9,16843.6,0.0,16843.6,8637.38
101384,20251216,264,6,25,6,10,8457.66,84576.6,8457.66,76118.94,36617.61
101385,20251030,55,3,8,4,12,1648.77,19785.24,0.0,19785.24,8715.13
101386,20251117,104,7,7,7,3,11044.9,33134.7,0.0,33134.7,12685.26
101387,20240921,296,11,4,8,5,4866.69,24333.45,1216.67,23116.78,8586.37
101388,20230814,124,1,15,10,6,7004.72,42028.32,0.0,42028.32,18713.03
101389,20251223,232,6,9,6,4,8457.66,33830.64,5074.6,28756.04,10548.1
101390,20250602,109,3,13,8,17,1648.77,28029.09,1401.45,26627.64,11097.01
101391,20250622,140,6,4,10,2,8457.66,16915.32,845.77,16069.55,7976.93
101392,20250515,100,5,7,8,13,12606.96,163890.48,0.0,163890.48,66405.99
101393,20251007,266,7,4,1,2,11044.9,22089.8,1104.49,20985.31,11369.72
101394,20240325,59,1,2,6,19,7004.72,133089.68,0.0,133089.68,48334.11
101395,20230726,142,4,20,1,13,4210.9,54741.7,0.0,54741.7,20268.71
101396,20240703,254,4,6,7,7,4210.9,29476.3,0.0,29476.3,12014.5
101397,20240812,2,2,6,5,17,576.14,9794.38,1469.16,8325.22,3949.68
101398,20240917,123,3,11,8,3,1648.77,4946.31,0.0,4946.31,2059.8
101399,20250721,73,1,22,2,16,7004.72,112075.52,5603.78,106471.74,37708.6
101400,20240624,40,3,22,2,1,1648.77,1648.77,82.44,1566.33,851.94
101401,20230103,251,4,16,4,4,4210.9,16843.6,0.0,16843.6,5953.84
101402,20240818,117,9,17,4,6,2112.21,12673.26,1267.33,11405.93,5760.58
101403,20230724,156,12,11,5,15,1192.37,17885.55,894.28,16991.27,7138.99
101404,20240611,250,5,12,8,15,12606.96,189104.4,0.0,189104.4,79523.18
101405,20241114,266,11,20,1,16,4866.69,77867.04,0.0,77867.04,37933.46
101406,20230212,76,7,8,3,5,11044.9,55224.5,0.0,55224.5,19669.91
101407,20250601,185,4,24,5,3,4210.9,12632.7,0.0,12632.7,6833.82
101408,20230810,141,11,22,4,18,4866.69,87600.42,13140.06,74460.36,32751.68
101409,20251215,90,5,22,8,12,12606.96,151283.52,22692.53,128590.99,55063.34
101410,20250504,142,5,7,1,2,12606.96,25213.92,1260.7,23953.22,11745.87
101411,20230909,222,8,19,8,12,8152.69,97832.28,0.0,97832.28,53210.39
101412,20251018,76,8,22,3,5,8152.69,40763.45,2038.17,38725.28,15798.22
101413,20231130,156,8,10,5,3,8152.69,24458.07,2445.81,22012.26,7772.94
101414,20230325,112,5,19,4,4,12606.96,50427.84,0.0,50427.84,20734.13
101415,20250531,181,11,1,10,2,4866.69,9733.38,0.0,9733.38,4088.44
101416,20240803,258,11,25,6,18,4866.69,87600.42,0.0,87600.42,32166.93
101417,20240708,74,12,7,7,14,1192.37,16693.18,834.66,15858.52,5806.5
101418,20240324,17,8,12,8,8,8152.69,65221.52,6522.15,58699.37,28023.6
101419,20250515,205,2,9,7,10,576.14,5761.4,288.07,5473.33,2105.37
101420,20250611,166,10,5,9,7,4677.47,32742.29,0.0,32742.29,14186.01
101421,20240213,155,5,3,10,10,12606.96,126069.6,6303.48,119766.12,56968.4
101422,20240111,193,7,4,3,5,11044.9,55224.5,2761.23,52463.27,25645.45
101423,20251028,184,8,12,9,14,8152.69,114137.66,5706.88,108430.78,58800.86
101424,20250802,15,9,1,6,14,2112.21,29570.94,0.0,29570.94,11181.28
101425,20240911,125,10,17,3,12,4677.47,56129.64,0.0,56129.64,25744.08
101426,20240823,28,7,5,4,13,11044.9,143583.7,14358.37,129225.33,57190.16
101427,20251126,236,1,3,6,2,7004.72,14009.44,0.0,14009.44,7666.45
101428,20230808,171,10,4,6,10,4677.47,46774.7,2338.74,44435.96,21690.02
101429,20230505,63,12,19,10,17,1192.37,20270.29,2027.03,18243.26,6578.59
101430,20240224,265,3,18,8,16,1648.77,26380.32,0.0,26380.32,13955.47
101431,20231113,155,11,10,10,1,4866.69,4866.69,486.67,4380.02,2079.34
101432,20240216,59,2,1,6,5,576.14,2880.7,144.03,2736.67,1024.08
101433,20230718,127,4,4,8,16,4210.9,67374.4,0.0,67374.4,30396.7
101434,20250311,29,2,10,1,13,576.14,7489.82,374.49,7115.33,2752.27
101435,20240426,280,5,20,6,15,12606.96,189104.4,28365.66,160738.74,76098.82
101436,20250604,75,11,1,1,6,4866.69,29200.14,0.0,29200.14,14568.53
101437,20240507,88,9,24,6,18,2112.21,38019.78,0.0,38019.78,16960.37
101438,20240815,52,10,16,3,12,4677.47,56129.64,5612.96,50516.68,21633.15
101439,20230808,238,7,14,9,5,11044.9,55224.5,0.0,55224.5,24377.0
101440,20250308,6,10,10,9,2,4677.47,9354.94,467.75,8887.19,4698.16
101441,20250629,22,6,5,4,15,8457.66,126864.9,19029.73,107835.17,47627.56
101442,20230119,82,6,17,8,17,8457.66,143780.22,0.0,143780.22,76276.86
101443,20251211,200,9,3,5,6,2112.21,12673.26,1267.33,11405.93,4794.75
101444,20241125,236,12,5,6,9,1192.37,10731.33,1073.13,9658.2,4652.25
101445,20250317,35,11,16,5,13,4866.69,63266.97,12653.39,50613.58,23847.52
101446,20240105,295,12,17,3,17,1192.37,20270.29,0.0,20270.29,9923.4
101447,20241213,300,10,13,8,3,4677.47,14032.41,0.0,14032.41,7302.55
101448,20231122,119,2,22,10,4,576.14,2304.56,115.23,2189.33,1063.72
101449,20241024,119,12,8,10,4,1192.37,4769.48,715.42,4054.06,1560.0
101450,20250225,216,2,2,3,20,576.14,11522.8,0.0,11522.8,4119.21
101451,20230530,227,6,20,7,1,8457.66,8457.66,1268.65,7189.01,2977.92
101452,20250709,194,3,21,4,19,1648.77,31326.63,1566.33,29760.3,11581.03
101453,20251002,225,11,10,9,8,4866.69,38933.52,0.0,38933.52,14888.88
101454,20251218,99,2,19,4,1,576.14,576.14,28.81,547.33,264.76
101455,20240221,18,3,1,7,12,1648.77,19785.24,1978.52,17806.72,8256.25
101456,20230528,175,3,22,9,17,1648.77,28029.09,1401.45,26627.64,13752.66
101457,20250828,257,6,12,7,20,8457.66,169153.2,25372.98,143780.22,74864.11
101458,20230518,225,7,21,9,13,11044.9,143583.7,21537.56,122046.14,56608.72
101459,20230918,265,5,4,8,4,12606.96,50427.84,2521.39,47906.45,17260.49
101460,20241108,12,4,10,6,9,4210.9,37898.1,0.0,37898.1,15977.12
101461,20231120,148,2,18,3,19,576.14,10946.66,0.0,10946.66,4964.88
101462,20251021,160,7,20,3,2,11044.9,22089.8,1104.49,20985.31,11087.83
101463,20250822,135,11,1,2,2,4866.69,9733.38,0.0,9733.38,3914.53
101464,20241116,31,3,7,2,18,1648.77,29677.86,2967.79,26710.07,11109.3
101465,20230508,121,8,3,4,19,8152.69,154901.11,23235.17,131665.94,64597.7
101466,20230314,178,2,14,5,20,576.14,11522.8,1152.28,10370.52,5557.28
101467,20250907,67,5,24,1,2,12606.96,25213.92,0.0,25213.92,11329.1
101468,20240406,180,7,16,7,10,11044.9,110449.0,11044.9,99404.1,52215.98
101469,20240411,11,1,1,9,7,7004.72,49033.04,2451.65,46581.39,24318.23
101470,20230207,283,8,2,3,13,8152.69,105984.97,10598.5,95386.47,46652.39
101471,20250530,219,9,5,9,4,2112.21,8448.84,422.44,8026.4,4249.41
101472,20250123,181,4,11,10,14,4210.9,58952.6,8842.89,50109.71,19925.33
101473,20230708,6,4,14,9,18,4210.9,75796.2,3789.81,72006.39,39473.02
101474,20230131,128,1,3,8,2,7004.72,14009.44,0.0,14009.44,5409.31
101475,20230331,161,6,20,7,8,8457.66,67661.28,13532.26,54129.02,20349.44
101476,20250325,246,11,4,9,3,4866.69,14600.07,0.0,14600.07,7850.08
101477,20240226,254,12,24,7,12,1192.37,14308.44,2146.27,12162.17,6345.64
101478,20250627,155,6,25,10,18,8457.66,152237.88,0.0,152237.88,73185.13
101479,20251214,137,6,23,7,18,8457.66,152237.88,7611.89,144625.99,52180.99
101480,20250421,249,5,3,3,7,12606.96,88248.72,13237.31,75011.41,38877.29
101481,20251202,119,5,24,10,18,12606.96,226925.28,0.0,226925.28,96324.79
101482,20231018,19,4,23,1,15,4210.9,63163.5,3158.18,60005.32,26447.5
101483,20230822,11,8,2,9,9,8152.69,73374.21,0.0,73374.21,31318.71
101484,20230623,31,5,20,2,13,12606.96,163890.48,8194.52,155695.96,81359.63
101485,20250226,228,1,8,7,7,7004.72,49033.04,0.0,49033.04,23633.2
101486,20251226,27,11,10,9,2,4866.69,9733.38,486.67,9246.71,3879.56
101487,20230223,173,5,25,2,19,12606.96,239532.24,0.0,239532.24,85146.29
101488,20250607,219,12,24,9,2,1192.37,2384.74,238.47,2146.27,988.7
101489,20240811,274,8,14,3,19,8152.69,154901.11,15490.11,139411.0,70235.61
101490,20240616,84,7,15,2,8,11044.9,88359.2,0.0,88359.2,31194.04
101491,20240715,44,4,25,1,18,4210.9,75796.2,0.0,75796.2,35185.85
101492,20230321,141,6,9,4,9,8457.66,76118.94,7611.89,68507.05,35079.17
101493,20230126,64,5,19,9,11,12606.96,138676.56,13867.66,124808.9,64840.54
101494,20250627,237,1,15,7,1,7004.72,7004.72,350.24,6654.48,3614.56
101495,20250910,285,4,14,3,2,4210.9,8421.8,421.09,8000.71,2927.53
101496,20241005,33,8,6,10,9,8152.69,73374.21,7337.42,66036.79,26760.01
101497,20251010,66,4,21,3,6,4210.9,25265.4,0.0,25265.4,11965.44
101498,20230412,120,2,21,9,2,576.14,1152.28,0.0,1152.28,520.07
101499,20250620,297,6,2,9,18,8457.66,152237.88,15223.79,137014.09,49621.38
101500,20240614,132,1,22,7,12,7004.72,84056.64,4202.83,79853.81,28663.25
101501,20240425,180,2,3,7,17,576.14,9794.38,489.72,9304.66,4207.63
101502,20240430,105,6,19,4,12,8457.66,101491.92,10149.19,91342.73,44411.13
101503,20230527,219,5,5,9,1,12606.96,12606.96,0.0,12606.96,6399.71
101504,20241117,209,11,12,9,16,4866.69,77867.04,11680.06,66186.98,27058.07
101505,20230305,83,6,2,5,10,8457.66,84576.6,12686.49,71890.11,38272.46
101506,20230222,55,10,7,4,11,4677.47,51452.17,2572.61,48879.56,24741.6
101507,20251106,298,12,12,4,7,1192.37,8346.59,0.0,8346.59,3894.0
101508,20231104,196,11,3,8,3,4866.69,14600.07,2920.01,11680.06,6406.09
101509,20251028,295,11,18,3,14,4866.69,68133.66,3406.68,64726.98,24223.97
101510,20251216,27,10,16,9,17,4677.47,79516.99,3975.85,75541.14,31227.79
101511,20240204,295,5,8,3,11,12606.96,138676.56,0.0,138676.56,69827.63
101512,20250111,119,8,11,10,4,8152.69,32610.76,3261.08,29349.68,12884.55
101513,20250419,186,2,12,4,18,576.14,10370.52,518.53,9851.99,5250.39
101514,20250918,118,8,14,2,8,8152.69,65221.52,3261.08,61960.44,31931.73
101515,20230914,276,4,25,6,14,4210.9,58952.6,5895.26,53057.34,25636.27
101516,20240617,147,6,11,10,4,8457.66,33830.64,0.0,33830.64,14689.42
101517,20231031,295,8,21,3,7,8152.69,57068.83,8560.32,48508.51,25480.61
101518,20230201,86,2,14,7,9,576.14,5185.26,518.53,4666.73,2297.32
101519,20250820,52,3,2,3,14,1648.77,23082.78,0.0,23082.78,8849.64
101520,20230530,68,9,17,10,13,2112.21,27458.73,4118.81,23339.92,9823.16
101521,20250403,286,4,23,10,10,4210.9,42109.0,0.0,42109.0,22296.09
101522,20241120,56,12,2,2,3,1192.37,3577.11,357.71,3219.4,1355.34
101523,20250708,210,11,15,4,14,4866.69,68133.66,0.0,68133.66,30348.18
101524,20231003,94,12,25,3,19,1192.37,22655.03,3398.25,19256.78,10347.14
101525,20230621,78,1,19,8,19,7004.72,133089.68,0.0,133089.68,63867.2
101526,20250215,165,8,6,10,17,8152.69,138595.73,13859.57,124736.16,50625.41
101527,20230718,119,5,16,10,11,12606.96,138676.56,0.0,138676.56,62894.75
101528,20251211,297,9,14,9,10,2112.21,21122.1,0.0,21122.1,8738.54
101529,20240101,74,1,24,7,7,7004.72,49033.04,2451.65,46581.39,18895.8
101530,20241005,51,6,10,3,6,8457.66,50745.96,0.0,50745.96,20540.43
101531,20250617,115,3,10,6,9,1648.77,14838.93,2967.79,11871.14,5943.81
101532,20240419,143,3,4,10,7,1648.77,11541.39,577.07,10964.32,4953.02
101533,20231212,15,10,2,6,18,4677.47,84194.46,4209.72,79984.74,31116.19
101534,20250927,14,6,7,4,10,8457.66,84576.6,12686.49,71890.11,33373.76
101535,20250630,267,3,15,1,10,1648.77,16487.7,2473.16,14014.54,6912.67
101536,20230903,228,7,16,7,9,11044.9,99404.1,0.0,99404.1,37511.49
101537,20240724,60,6,3,2,8,8457.66,67661.28,6766.13,60895.15,25297.25
101538,20251104,172,5,15,1,17,12606.96,214318.32,21431.83,192886.49,70368.41
101539,20241006,20,7,4,6,17,11044.9,187763.3,0.0,187763.3,97315.13
101540,20230314,5,4,5,10,19,4210.9,80007.1,0.0,80007.1,43094.42
101541,20240205,136,8,5,3,16,8152.69,130443.04,13044.3,117398.74,58313.38
101542,20240801,68,4,21,10,3,4210.9,12632.7,2526.54,10106.16,5269.67
101543,20240314,2,7,3,5,16,11044.9,176718.4,8835.92,167882.48,65761.14
101544,20231231,20,7,23,6,9,11044.9,99404.1,4970.21,94433.89,44969.92
101545,20240425,179,8,17,5,6,8152.69,48916.14,7337.42,41578.72,21543.53
101546,20240821,249,8,21,3,13,8152.69,105984.97,5299.25,100685.72,46182.79
101547,20240828,50,4,4,7,10,4210.9,42109.0,2105.45,40003.55,17578.94
101548,20240521,218,2,6,2,15,576.14,8642.1,1728.42,6913.68,3333.24
101549,20241212,204,12,5,8,16,1192.37,19077.92,1907.79,17170.13,8976.58
101550,20250423,121,1,10,4,9,7004.72,63042.48,3152.12,59890.36,31619.84
101551,20250417,32,9,25,4,11,2112.21,23234.31,0.0,23234.31,9607.94
101552,20250312,227,7,13,7,9,11044.9,99404.1,14910.61,84493.49,34106.93
101553,20240324,174,11,2,7,10,4866.69,48666.9,2433.35,46233.55,18228.13
101554,20231208,275,4,25,6,4,4210.9,16843.6,2526.54,14317.06,6767.11
101555,20241106,67,10,18,1,1,4677.47,4677.47,935.49,3741.98,1325.5
101556,20250215,47,12,11,6,12,1192.37,14308.44,1430.84,12877.6,5931.15
101557,20230411,266,4,12,1,18,4210.9,75796.2,0.0,75796.2,28908.56
101558,20250321,118,5,6,2,12,12606.96,151283.52,0.0,151283.52,59473.03
101559,20240524,7,1,1,2,17,7004.72,119080.24,0.0,119080.24,51155.38
101560,20250920,22,3,10,4,10,1648.77,16487.7,0.0,16487.7,7853.27
101561,20240521,18,5,24,7,4,12606.96,50427.84,5042.78,45385.06,19314.58
101562,20250331,68,12,9,10,3,1192.37,3577.11,0.0,3577.11,1612.93
101563,20250430,11,1,24,9,18,7004.72,126084.96,6304.25,119780.71,45560.93
101564,20250312,100,10,10,8,11,4677.47,51452.17,2572.61,48879.56,24376.07
101565,20240910,141,8,7,4,4,8152.69,32610.76,0.0,32610.76,15692.63
101566,20250823,193,5,14,3,3,12606.96,37820.88,0.0,37820.88,16310.87
101567,20240724,248,5,23,10,18,12606.96,226925.28,11346.26,215579.02,91940.5
101568,20251014,202,6,25,4,18,8457.66,152237.88,15223.79,137014.09,60348.41
101569,20230220,204,4,15,8,12,4210.9,50530.8,2526.54,48004.26,17847.49
101570,20240928,171,3,21,6,3,1648.77,4946.31,0.0,4946.31,1898.65
101571,20250930,128,2,5,8,13,576.14,7489.82,374.49,7115.33,3164.21
101572,20240421,31,8,9,2,14,8152.69,114137.66,0.0,114137.66,47660.88
101573,20231105,19,6,23,1,19,8457.66,160695.54,8034.78,152660.76,80037.84
101574,20240703,108,9,16,8,18,2112.21,38019.78,1900.99,36118.79,19572.59
101575,20240427,165,8,23,10,16,8152.69,130443.04,6522.15,123920.89,64653.32
101576,20230616,54,7,23,8,3,11044.9,33134.7,0.0,33134.7,16612.99
101577,20231128,267,12,4,1,6,1192.37,7154.22,0.0,7154.22,3748.45
101578,20230821,20,7,16,6,6,11044.9,66269.4,3313.47,62955.93,28639.77
101579,20231014,281,7,13,7,1,11044.9,11044.9,0.0,11044.9,4827.68
101580,20240825,139,9,11,2,20,2112.21,42244.2,6336.63,35907.57,16616.66
101581,20231206,73,5,17,2,7,12606.96,88248.72,8824.87,79423.85,42920.57
101582,20250130,266,10,9,1,16,4677.47,74839.52,3741.98,71097.54,38196.48
101583,20231005,85,9,23,4,16,2112.21,33795.36,0.0,33795.36,14642.2
101584,20231104,241,2,1,1,10,576.14,5761.4,576.14,5185.26,2021.49
101585,20230712,276,8,11,6,4,8152.69,32610.76,0.0,32610.76,14470.66
101586,20231117,35,6,21,5,18,8457.66,152237.88,22835.68,129402.2,54218.42
101587,20230129,99,5,10,4,14,12606.96,176497.44,8824.87,167672.57,68938.59
101588,20250405,131,9,18,10,7,2112.21,14785.47,0.0,14785.47,5625.64
101589,20240319,144,3,9,5,19,1648.77,31326.63,0.0,31326.63,15957.06
101590,20250223,170,10,25,3,19,4677.47,88871.93,4443.6,84428.33,45872.59
101591,20250827,108,3,1,8,8,1648.77,13190.16,2638.03,10552.13,3886.01
101592,20231028,74,3,16,7,1,1648.77,1648.77,0.0,1648.77,872.51
101593,20230417,71,9,15,4,14,2112.21,29570.94,2957.09,26613.85,11055.87
101594,20251021,61,4,18,7,13,4210.9,54741.7,0.0,54741.7,23380.51
101595,20250829,182,5,17,10,11,12606.96,138676.56,6933.83,131742.73,69383.25
101596,20240314,86,11,9,7,5,4866.69,24333.45,2433.35,21900.1,10119.97
101597,20250930,129,11,4,8,18,4866.69,87600.42,13140.06,74460.36,35772.13
101598,20231231,13,6,15,2,12,8457.66,101491.92,10149.19,91342.73,35875.4
101599,20240127,196,6,6,8,1,8457.66,8457.66,0.0,8457.66,3570.81
101600,20240204,3,10,10,3,11,4677.47,51452.17,0.0,51452.17,21804.07
101601,20240603,258,1,20,6,9,7004.72,63042.48,0.0,63042.48,25531.59
101602,20250907,204,1,23,8,9,7004.72,63042.48,0.0,63042.48,22786.41
101603,20230304,242,10,21,8,15,4677.47,70162.05,3508.1,66653.95,29640.32
101604,20230801,20,6,1,6,20,8457.66,169153.2,25372.98,143780.22,54728.27
101605,20231229,68,2,14,10,4,576.14,2304.56,0.0,2304.56,1100.42
101606,20230508,161,2,18,7,9,576.14,5185.26,1037.05,4148.21,1612.98
101607,20230204,171,11,11,6,6,4866.69,29200.14,4380.02,24820.12,11600.17
101608,20250120,265,1,22,8,13,7004.72,91061.36,4553.07,86508.29,41830.61
101609,20230506,34,4,25,6,17,4210.9,71585.3,0.0,71585.3,28872.3
101610,20231220,228,1,9,7,20,7004.72,140094.4,0.0,140094.4,63195.63
101611,20231221,2,5,9,5,18,12606.96,226925.28,0.0,226925.28,94920.69
101612,20230626,290,8,3,8,4,8152.69,32610.76,4891.61,27719.15,10713.46
101613,20230626,96,6,19,5,1,8457.66,8457.66,845.77,7611.89,3864.92
101614,20240321,192,8,3,1,8,8152.69,65221.52,0.0,65221.52,31709.28
101615,20240127,68,5,2,10,13,12606.96,163890.48,16389.05,147501.43,56876.67
101616,20231015,290,6,14,8,8,8457.66,67661.28,6766.13,60895.15,24635.73
101617,20240213,91,5,9,6,15,12606.96,189104.4,0.0,189104.4,84714.45
101618,20250114,179,11,17,5,15,4866.69,73000.35,7300.04,65700.31,32022.86
101619,20231216,19,10,13,1,5,4677.47,23387.35,1169.37,22217.98,8712.39
101620,20250607,178,11,22,5,10,4866.69,48666.9,0.0,48666.9,23843.41
101621,20251028,283,12,9,3,3,1192.37,3577.11,178.86,3398.25,1332.6
101622,20240322,240,5,2,3,4,12606.96,50427.84,2521.39,47906.45,22814.14
101623,20250831,72,8,19,1,11,8152.69,89679.59,0.0,89679.59,38166.02
101624,20230311,166,12,4,9,12,1192.37,14308.44,2146.27,12162.17,4275.97
101625,20250513,244,6,11,10,4,8457.66,33830.64,0.0,33830.64,14263.03
101626,20231130,240,9,6,3,1,2112.21,2112.21,105.61,2006.6,949.77
101627,20250609,205,8,8,7,9,8152.69,73374.21,7337.42,66036.79,31049.73
101628,20250915,206,5,2,3,8,12606.96,100855.68,10085.57,90770.11,48123.87
101629,20251104,56,7,14,2,9,11044.9,99404.1,19880.82,79523.28,34206.94
101630,20230228,84,9,6,2,10,2112.21,21122.1,3168.31,17953.79,9749.75
101631,20251209,102,10,25,2,5,4677.47,23387.35,0.0,23387.35,9743.86
101632,20230421,47,5,25,6,5,12606.96,63034.8,6303.48,56731.32,25060.65
101633,20231205,236,1,22,6,5,7004.72,35023.6,0.0,35023.6,13463.55
101634,20240921,42,3,8,6,7,1648.77,11541.39,577.07,10964.32,5425.44
101635,20231112,285,6,1,3,16,8457.66,135322.56,0.0,135322.56,50067.01
101636,20250318,109,8,22,8,13,8152.69,105984.97,10598.5,95386.47,46858.11
101637,20230716,199,3,11,7,5,1648.77,8243.85,0.0,8243.85,3424.68
101638,20240802,218,10,13,2,18,4677.47,84194.46,0.0,84194.46,37690.65
101639,20230225,114,10,6,6,8,4677.47,37419.76,0.0,37419.76,15640.34
101640,20230104,204,2,21,8,8,576.14,4609.12,0.0,4609.12,1786.47
101641,20240308,155,7,3,10,11,11044.9,121493.9,0.0,121493.9,46893.62
101642,20231105,146,5,13,6,16,12606.96,201711.36,0.0,201711.36,109267.56
101643,20250513,92,3,13,8,17,1648.77,28029.09,2802.91,25226.18,11174.81
101644,20230619,178,11,24,5,4,4866.69,19466.76,1946.68,17520.08,7549.31
101645,20230126,83,6,5,5,19,8457.66,160695.54,8034.78,152660.76,74385.44
101646,20230124,249,11,22,3,13,4866.69,63266.97,3163.35,60103.62,21691.53
101647,20250520,133,12,21,7,4,1192.37,4769.48,238.47,4531.01,2313.01
101648,20250711,258,6,25,6,16,8457.66,135322.56,13532.26,121790.3,63188.91
101649,20250117,58,3,14,3,18,1648.77,29677.86,2967.79,26710.07,13997.76
101650,20230613,77,1,11,4,19,7004.72,133089.68,0.0,133089.68,60286.86
101651,20250720,223,1,15,10,10,7004.72,70047.2,0.0,70047.2,36675.27
101652,20250731,188,1,20,1,12,7004.72,84056.64,0.0,84056.64,35093.0
101653,20240829,13,9,9,2,6,2112.21,12673.26,0.0,12673.26,5492.74
101654,20250703,167,5,21,7,2,12606.96,25213.92,1260.7,23953.22,10095.06
101655,20230316,273,12,13,4,8,1192.37,9538.96,0.0,9538.96,4359.28
101656,20230916,75,11,16,1,14,4866.69,68133.66,10220.05,57913.61,24270.28
101657,20250727,125,12,17,3,19,1192.37,22655.03,1132.75,21522.28,7862.24
101658,20250202,20,3,20,6,4,1648.77,6595.08,0.0,6595.08,3601.27
101659,20230611,173,11,24,2,10,4866.69,48666.9,2433.35,46233.55,16388.72
101660,20240610,41,7,4,9,7,11044.9,77314.3,3865.72,73448.58,40322.07
101661,20251118,277,4,23,5,2,4210.9,8421.8,0.0,8421.8,3744.19
101662,20250613,141,12,23,4,6,1192.37,7154.22,0.0,7154.22,3464.7
101663,20250327,93,11,10,10,9,4866.69,43800.21,0.0,43800.21,17144.6
101664,20250428,67,5,9,1,15,12606.96,189104.4,9455.22,179649.18,97941.05
101665,20241013,50,4,8,7,1,4210.9,4210.9,421.09,3789.81,1493.99
101666,20240812,236,10,14,6,20,4677.47,93549.4,0.0,93549.4,40021.17
101667,20230126,176,6,11,10,12,8457.66,101491.92,10149.19,91342.73,34742.73
101668,20251018,108,9,23,8,6,2112.21,12673.26,1267.33,11405.93,4575.36
101669,20230308,293,2,21,2,16,576.14,9218.24,460.91,8757.33,3669.85
101670,20240301,272,6,10,6,10,8457.66,84576.6,8457.66,76118.94,33515.16
101671,20250815,16,3,20,4,19,1648.77,31326.63,0.0,31326.63,13167.37
101672,20250602,213,1,25,4,10,7004.72,70047.2,3502.36,66544.84,29822.16
101673,20240425,193,9,5,3,13,2112.21,27458.73,1372.94,26085.79,13562.88
101674,20230718,203,4,7,7,4,4210.9,16843.6,842.18,16001.42,6172.14
101675,20231122,206,9,14,3,12,2112.21,25346.52,2534.65,22811.87,9892.05
101676,20240725,164,6,21,9,4,8457.66,33830.64,3383.06,30447.58,14839.2
101677,20241012,258,9,18,6,13,2112.21,27458.73,0.0,27458.73,11829.03
101678,20250808,147,8,6,10,6,8152.69,48916.14,2445.81,46470.33,16295.63
101679,20241115,238,11,6,9,4,4866.69,19466.76,0.0,19466.76,9356.13
101680,20250506,211,4,21,10,1,4210.9,4210.9,210.54,4000.36,1510.99
101681,20251027,42,10,19,6,14,4677.47,65484.58,9822.69,55661.89,23099.91
101682,20240526,86,10,21,7,16,4677.47,74839.52,7483.95,67355.57,36396.88
101683,20230216,200,9,17,5,7,2112.21,14785.47,2217.82,12567.65,4804.31
101684,20250125,123,3,16,8,7,1648.77,11541.39,0.0,11541.39,4715.77
101685,20230305,106,10,15,2,15,4677.47,70162.05,0.0,70162.05,33021.75
101686,20240510,91,8,17,6,4,8152.69,32610.76,3261.08,29349.68,15190.66
101687,20231123,126,8,24,1,3,8152.69,24458.07,0.0,24458.07,8718.43
101688,20250412,267,8,13,1,3,8152.69,24458.07,2445.81,22012.26,11919.97
101689,20230905,274,12,1,3,15,1192.37,17885.55,894.28,16991.27,8414.18
101690,20240822,204,12,25,8,2,1192.37,2384.74,0.0,2384.74,1176.45
101691,20251113,226,7,4,2,4,11044.9,44179.6,0.0,44179.6,17782.28
101692,20230817,87,6,14,10,11,8457.66,93034.26,0.0,93034.26,37084.73
101693,20250915,108,5,4,8,11,12606.96,138676.56,6933.83,131742.73,48061.58
101694,20251003,126,5,11,1,10,12606.96,126069.6,12606.96,113462.64,47215.46
101695,20250711,133,10,9,7,20,4677.47,93549.4,0.0,93549.4,35362.07
101696,20251204,148,1,8,3,12,7004.72,84056.64,4202.83,79853.81,39348.81
101697,20240920,82,10,21,8,10,4677.47,46774.7,2338.74,44435.96,19461.73
101698,20240826,80,12,23,8,5,1192.37,5961.85,0.0,5961.85,2435.22
101699,20250225,132,11,8,7,1,4866.69,4866.69,730.0,4136.69,1930.37
101700,20231031,300,1,9,8,12,7004.72,84056.64,8405.66,75650.98,37756.76
101701,20251124,208,8,20,4,6,8152.69,48916.14,9783.23,39132.91,18735.68
101702,20251023,161,9,12,7,13,2112.21,27458.73,4118.81,23339.92,10434.09
101703,20231213,269,8,6,9,16,8152.69,130443.04,19566.46,110876.58,39122.42
101704,20230513,176,4,10,10,7,4210.9,29476.3,0.0,29476.3,11957.45
101705,20230902,101,6,16,5,15,8457.66,126864.9,6343.24,120521.66,57576.49
101706,20230125,269,4,24,9,7,4210.9,29476.3,0.0,29476.3,10510.31
101707,20230722,169,9,3,8,9,2112.21,19009.89,950.49,18059.4,8252.26
101708,20230612,29,8,19,1,17,8152.69,138595.73,0.0,138595.73,55606.6
101709,20240110,126,4,23,1,15,4210.9,63163.5,0.0,63163.5,34479.41
101710,20240628,283,5,3,3,7,12606.96,88248.72,8824.87,79423.85,42372.1
101711,20230929,268,5,2,2,7,12606.96,88248.72,0.0,88248.72,41224.11
101712,20250904,238,2,18,9,2,576.14,1152.28,0.0,1152.28,549.39
101713,20240207,245,2,15,7,3,576.14,1728.42,86.42,1642.0,607.5
101714,20240316,250,5,19,8,1,12606.96,12606.96,630.35,11976.61,6254.52
101715,20230817,227,11,7,7,19,4866.69,92467.11,9246.71,83220.4,39353.48
101716,20250723,1,5,25,9,14,12606.96,176497.44,8824.87,167672.57,75204.67
101717,20231228,169,9,16,8,17,2112.21,35907.57,0.0,35907.57,17201.73
101718,20240625,273,4,11,4,9,4210.9,37898.1,3789.81,34108.29,15369.62
101719,20250620,58,3,16,3,1,1648.77,1648.77,0.0,1648.77,898.37
101720,20250821,254,3,6,7,3,1648.77,4946.31,494.63,4451.68,2157.26
101721,20230713,227,6,21,7,18,8457.66,152237.88,15223.79,137014.09,53259.99
101722,20230811,119,4,10,10,17,4210.9,71585.3,0.0,71585.3,36027.74
101723,20250824,53,11,10,4,20,4866.69,97333.8,0.0,97333.8,47146.3
101724,20241025,81,4,25,4,13,4210.9,54741.7,5474.17,49267.53,25642.34
101725,20231118,167,9,16,7,20,2112.21,42244.2,4224.42,38019.78,19236.15
101726,20240705,118,5,16,2,10,12606.96,126069.6,0.0,126069.6,51845.68
101727,20241225,162,8,10,3,14,8152.69,114137.66,5706.88,108430.78,54490.7
101728,20230112,207,1,14,7,12,7004.72,84056.64,4202.83,79853.81,30183.63
101729,20250724,141,1,23,4,7,7004.72,49033.04,0.0,49033.04,24189.69
101730,20240826,192,1,11,1,14,7004.72,98066.08,9806.61,88259.47,36639.77
101731,20240213,111,10,17,7,15,4677.47,70162.05,10524.31,59637.74,22147.48
101732,20240512,83,6,24,5,16,8457.66,135322.56,20298.38,115024.18,53898.96
101733,20230405,200,12,23,5,16,1192.37,19077.92,0.0,19077.92,10442.98
101734,20250207,31,2,2,2,11,576.14,6337.54,0.0,6337.54,2686.42
101735,20240805,57,8,5,9,3,8152.69,24458.07,0.0,24458.07,12352.51
101736,20250427,78,3,19,8,10,1648.77,16487.7,824.39,15663.31,7242.2
101737,20250616,126,6,19,1,18,8457.66,152237.88,15223.79,137014.09,55099.37
101738,20251223,150,12,1,6,5,1192.37,5961.85,596.19,5365.66,1950.96
101739,20241004,185,8,24,5,7,8152.69,57068.83,0.0,57068.83,25319.46
101740,20250801,186,6,7,4,9,8457.66,76118.94,0.0,76118.94,38023.7
101741,20230217,72,2,21,1,14,576.14,8065.96,403.3,7662.66,3917.25
101742,20230409,271,1,17,3,12,7004.72,84056.64,0.0,84056.64,36769.85
101743,20230307,259,6,18,2,16,8457.66,135322.56,0.0,135322.56,56395.75
101744,20230518,39,10,3,9,18,4677.47,84194.46,8419.45,75775.01,34580.11
101745,20251117,45,10,15,3,20,4677.47,93549.4,9354.94,84194.46,32682.39
101746,20230530,221,5,15,1,15,12606.96,189104.4,28365.66,160738.74,88224.66
101747,20231108,170,2,6,3,19,576.14,10946.66,0.0,10946.66,4986.67
101748,20250604,11,7,19,9,10,11044.9,110449.0,0.0,110449.0,56952.42
101749,20230208,5,4,11,10,14,4210.9,58952.6,0.0,58952.6,30721.08
101750,20241030,273,8,21,4,7,8152.69,57068.83,5706.88,51361.95,23877.54
101751,20241227,296,3,7,8,5,1648.77,8243.85,0.0,8243.85,3184.74
101752,20230223,274,10,2,3,5,4677.47,23387.35,1169.37,22217.98,12018.42
101753,20241101,162,4,22,3,7,4210.9,29476.3,0.0,29476.3,11279.34
101754,20240709,120,4,25,9,12,4210.9,50530.8,0.0,50530.8,26555.33
101755,20250619,64,7,1,9,15,11044.9,165673.5,24851.02,140822.48,73345.65
101756,20240303,195,1,15,9,15,7004.72,105070.8,0.0,105070.8,41095.97
101757,20250218,64,2,6,9,17,576.14,9794.38,1469.16,8325.22,4120.18
101758,20230907,84,4,4,2,16,4210.9,67374.4,6737.44,60636.96,25569.28
101759,20241010,213,4,7,4,3,4210.9,12632.7,1263.27,11369.43,4797.58
101760,20240606,261,2,15,5,1,576.14,576.14,0.0,576.14,294.22
101761,20250330,52,6,12,3,10,8457.66,84576.6,8457.66,76118.94,33251.02
101762,20240907,118,12,3,2,13,1192.37,15500.81,2325.12,13175.69,4653.26
101763,20240716,166,1,5,9,8,7004.72,56037.76,0.0,56037.76,19717.15
101764,20251128,80,3,23,8,16,1648.77,26380.32,2638.03,23742.29,8600.32
101765,20240305,151,6,20,3,14,8457.66,118407.24,11840.72,106566.52,46233.65
101766,20231224,266,3,24,1,6,1648.77,9892.62,0.0,9892.62,5292.46
101767,20231129,16,8,7,4,10,8152.69,81526.9,4076.34,77450.56,32888.36
101768,20240627,165,1,1,10,11,7004.72,77051.92,0.0,77051.92,34218.79
101769,20231023,209,1,18,9,13,7004.72,91061.36,9106.14,81955.22,40527.23
101770,20231214,81,2,1,4,12,576.14,6913.68,1037.05,5876.63,2165.1
101771,20230516,58,8,15,3,14,8152.69,114137.66,17120.65,97017.01,44370.29
101772,20231003,1,5,16,9,16,12606.96,201711.36,30256.7,171454.66,68817.16
101773,20241023,277,6,20,5,4,8457.66,33830.64,1691.53,32139.11,16061.32
101774,20240206,65,4,17,5,5,4210.9,21054.5,2105.45,18949.05,7172.58
101775,20230618,49,12,13,4,10,1192.37,11923.7,1788.56,10135.14,3760.6
101776,20240408,129,3,24,8,10,1648.77,16487.7,0.0,16487.7,8982.36
101777,20251130,265,10,9,8,5,4677.47,23387.35,0.0,23387.35,9938.55
101778,20231025,297,12,2,9,13,1192.37,15500.81,775.04,14725.77,7493.05
101779,20240109,8,3,21,10,2,1648.77,3297.54,329.75,2967.79,1179.89
101780,20250323,166,1,19,9,16,7004.72,112075.52,5603.78,106471.74,44588.27
101781,20250410,232,4,15,6,20,4210.9,84218.0,0.0,84218.0,36885.18
101782,20240726,264,6,11,6,6,8457.66,50745.96,0.0,50745.96,25951.37
101783,20250925,282,8,22,4,4,8152.69,32610.76,3261.08,29349.68,12282.11
101784,20251129,135,2,12,2,14,576.14,8065.96,403.3,7662.66,4160.45
101785,20230916,49,4,15,4,4,4210.9,16843.6,0.0,16843.6,8296.13
101786,20230916,178,5,15,5,14,12606.96,176497.44,8824.87,167672.57,90192.71
101787,20251030,94,7,17,3,7,11044.9,77314.3,0.0,77314.3,37583.63
101788,20230204,102,12,24,2,12,1192.37,14308.44,715.42,13593.02,6877.9
101789,20251222,269,1,18,9,12,7004.72,84056.64,4202.83,79853.81,39027.67
101790,20251223,86,6,6,7,4,8457.66,33830.64,3383.06,30447.58,14522.93
101791,20240408,78,9,20,8,14,2112.21,29570.94,4435.64,25135.3,10197.0
101792,20250331,152,7,17,9,14,11044.9,154628.6,23194.29,131434.31,58304.37
101793,20231006,154,1,3,9,9,7004.72,63042.48,6304.25,56738.23,27439.97
101794,20240303,35,1,25,5,14,7004.72,98066.08,0.0,98066.08,43755.75
101795,20231125,125,7,6,3,14,11044.9,154628.6,0.0,154628.6,60100.16
101796,20241218,37,4,9,3,5,4210.9,21054.5,3158.17,17896.33,6705.65
101797,20231107,106,8,5,2,9,8152.69,73374.21,7337.42,66036.79,23255.11
101798,20230829,267,5,17,1,4,12606.96,50427.84,5042.78,45385.06,21316.88
101799,20240420,225,5,4,9,18,12606.96,226925.28,22692.53,204232.75,90040.8
101800,20230525,175,5,2,9,13,12606.96,163890.48,16389.05,147501.43,59161.42
101801,20250813,219,10,6,9,16,4677.47,74839.52,7483.95,67355.57,26600.51
101802,20230731,46,12,20,1,20,1192.37,23847.4,3577.11,20270.29,8072.82
101803,20251009,222,7,2,8,4,11044.9,44179.6,6626.94,37552.66,15247.91
101804,20240718,129,11,17,8,11,4866.69,53533.59,2676.68,50856.91,26306.21
101805,20241231,43,1,4,1,16,7004.72,112075.52,0.0,112075.52,50321.37
101806,20250607,137,2,25,7,16,576.14,9218.24,460.91,8757.33,4531.76
101807,20250208,266,11,13,1,2,4866.69,9733.38,486.67,9246.71,4328.09
101808,20230721,295,2,4,3,8,576.14,4609.12,0.0,4609.12,2233.22
101809,20250513,202,12,24,4,2,1192.37,2384.74,0.0,2384.74,1210.56
101810,20250801,294,9,2,2,13,2112.21,27458.73,2745.87,24712.86,11754.02
101811,20250603,14,4,19,4,6,4210.9,25265.4,0.0,25265.4,13622.85
101812,20230722,150,7,1,6,15,11044.9,165673.5,16567.35,149106.15,59747.26
101813,20241205,181,4,9,10,15,4210.9,63163.5,6316.35,56847.15,23586.02
101814,20240622,83,4,18,5,18,4210.9,75796.2,3789.81,72006.39,35869.33
101815,20241214,89,8,3,7,11,8152.69,89679.59,0.0,89679.59,41041.59
101816,20240411,163,5,4,2,3,12606.96,37820.88,1891.04,35929.84,14824.11
101817,20251015,96,7,7,5,9,11044.9,99404.1,14910.61,84493.49,37776.04
101818,20241121,225,6,25,9,6,8457.66,50745.96,10149.19,40596.77,16829.47
101819,20230817,98,10,10,4,17,4677.47,79516.99,7951.7,71565.29,33070.11
101820,20231231,204,10,23,8,3,4677.47,14032.41,0.0,14032.41,5165.45
101821,20250408,135,3,23,2,11,1648.77,18136.47,906.82,17229.65,7397.57
101822,20250227,54,12,10,8,20,1192.37,23847.4,1192.37,22655.03,8301.76
101823,20240405,227,1,8,7,18,7004.72,126084.96,0.0,126084.96,69162.07
101824,20230223,254,4,23,7,8,4210.9,33687.2,0.0,33687.2,13312.05
101825,20240318,75,1,10,1,8,7004.72,56037.76,11207.55,44830.21,23379.24
101826,20250916,225,7,18,9,18,11044.9,198808.2,39761.64,159046.56,61781.29
101827,20240117,266,10,13,1,19,4677.47,88871.93,13330.79,75541.14,41232.33
101828,20240619,187,5,14,10,12,12606.96,151283.52,0.0,151283.52,80951.99
101829,20240425,164,9,12,9,3,2112.21,6336.63,1267.33,5069.3,1910.61
101830,20240520,276,10,5,6,4,4677.47,18709.88,3741.98,14967.9,7586.39
101831,20251105,244,9,11,10,4,2112.21,8448.84,844.88,7603.96,3580.08
101832,20241214,284,4,15,9,9,4210.9,37898.1,1894.9,36003.2,12984.2
101833,20250615,255,10,14,3,3,4677.47,14032.41,2806.48,11225.93,4313.77
101834,20250707,287,11,2,4,12,4866.69,58400.28,2920.01,55480.27,27255.34
101835,20230511,182,2,24,10,9,576.14,5185.26,259.26,4926.0,2657.43
101836,20230226,252,7,23,1,5,11044.9,55224.5,11044.9,44179.6,17364.39
101837,20250714,159,9,23,4,10,2112.21,21122.1,0.0,21122.1,9800.05
101838,20251106,209,3,25,9,18,1648.77,29677.86,5935.57,23742.29,11096.54
101839,20230114,28,12,25,4,12,1192.37,14308.44,715.42,13593.02,6863.44
101840,20230526,33,9,14,10,6,2112.21,12673.26,1267.33,11405.93,4559.63
101841,20240103,93,1,21,10,16,7004.72,112075.52,11207.55,100867.97,41997.19
101842,20230712,207,10,23,7,13,4677.47,60807.11,6080.71,54726.4,23327.57
101843,20250829,71,6,6,4,4,8457.66,33830.64,0.0,33830.64,13041.11
101844,20250531,130,8,3,10,6,8152.69,48916.14,0.0,48916.14,19083.24
101845,20241220,42,6,15,6,4,8457.66,33830.64,1691.53,32139.11,11379.82
101846,20230505,286,1,22,10,12,7004.72,84056.64,0.0,84056.64,29448.89
101847,20251219,7,1,11,2,13,7004.72,91061.36,0.0,91061.36,46441.99
101848,20250206,36,3,7,10,20,1648.77,32975.4,1648.77,31326.63,14317.61
101849,20241208,50,11,5,7,20,4866.69,97333.8,0.0,97333.8,37511.05
101850,20250621,91,9,5,6,15,2112.21,31683.15,0.0,31683.15,11334.8
101851,20230904,160,5,4,3,12,12606.96,151283.52,15128.35,136155.17,63723.51
101852,20231209,52,8,7,3,20,8152.69,163053.8,0.0,163053.8,77065.47
101853,20241121,233,11,18,7,13,4866.69,63266.97,6326.7,56940.27,30679.54
101854,20230515,174,4,12,7,5,4210.9,21054.5,0.0,21054.5,10811.85
101855,20240121,207,1,12,7,2,7004.72,14009.44,2101.42,11908.02,6361.56
101856,20230722,267,2,22,1,11,576.14,6337.54,950.63,5386.91,2491.98
101857,20251225,268,7,25,2,18,11044.9,198808.2,9940.41,188867.79,76777.08
101858,20231005,230,4,10,2,14,4210.9,58952.6,2947.63,56004.97,23825.26
101859,20251001,13,8,4,2,11,8152.69,89679.59,4483.98,85195.61,40206.59
101860,20240918,255,5,25,3,2,12606.96,25213.92,1260.7,23953.22,8583.07
101861,20230702,158,10,24,3,19,4677.47,88871.93,4443.6,84428.33,40372.49
101862,20230409,274,1,2,3,10,7004.72,70047.2,0.0,70047.2,29444.56
101863,20230418,223,12,17,10,17,1192.37,20270.29,2027.03,18243.26,8241.38
101864,20230402,110,2,15,5,6,576.14,3456.84,518.53,2938.31,1447.07
101865,20230530,105,8,7,4,19,8152.69,154901.11,7745.06,147156.05,51963.53
101866,20250220,106,12,4,2,10,1192.37,11923.7,0.0,11923.7,4746.56
101867,20241108,91,7,8,6,12,11044.9,132538.8,19880.82,112657.98,48487.06
101868,20231116,73,10,8,2,20,4677.47,93549.4,9354.94,84194.46,44319.03
101869,20250515,293,12,21,2,10,1192.37,11923.7,0.0,11923.7,6268.72
101870,20240712,210,12,1,4,14,1192.37,16693.18,1669.32,15023.86,6391.55
101871,20240124,250,5,20,8,1,12606.96,12606.96,630.35,11976.61,5139.09
101872,20250708,66,11,23,3,8,4866.69,38933.52,0.0,38933.52,14517.38
101873,20231122,251,2,6,4,18,576.14,10370.52,0.0,10370.52,5586.61
101874,20240609,204,5,18,8,10,12606.96,126069.6,0.0,126069.6,58499.03
101875,20230811,62,7,7,4,3,11044.9,33134.7,1656.73,31477.97,14152.29
101876,20230918,266,1,16,1,16,7004.72,112075.52,0.0,112075.52,44351.54
101877,20250305,95,2,25,6,3,576.14,1728.42,0.0,1728.42,817.65
101878,20250616,74,8,20,7,2,8152.69,16305.38,1630.54,14674.84,6614.3
101879,20240123,108,12,11,8,2,1192.37,2384.74,119.24,2265.5,1222.73
101880,20241130,129,3,12,8,15,1648.77,24731.55,0.0,24731.55,11842.13
101881,20250312,195,3,10,9,17,1648.77,28029.09,0.0,28029.09,10841.45
101882,20240203,172,11,24,1,15,4866.69,73000.35,0.0,73000.35,31981.9
101883,20240518,271,5,18,3,6,12606.96,75641.76,0.0,75641.76,41061.02
101884,20230427,58,11,3,3,14,4866.69,68133.66,3406.68,64726.98,22880.49
101885,20231214,165,6,2,10,5,8457.66,42288.3,6343.24,35945.06,17500.33
101886,20230113,196,1,19,8,2,7004.72,14009.44,1400.94,12608.5,6351.39
101887,20230903,115,11,2,6,19,4866.69,92467.11,4623.36,87843.75,31093.06
101888,20250902,293,11,13,2,10,4866.69,48666.9,4866.69,43800.21,18718.17
101889,20240501,252,10,9,1,12,4677.47,56129.64,11225.93,44903.71,21434.32
101890,20250908,79,8,18,8,12,8152.69,97832.28,0.0,97832.28,39854.2
101891,20231224,199,5,6,7,12,12606.96,151283.52,15128.35,136155.17,59410.94
101892,20240906,74,1,15,7,14,7004.72,98066.08,9806.61,88259.47,40449.29
101893,20240409,206,3,21,3,12,1648.77,19785.24,0.0,19785.24,8530.57
101894,20250505,236,12,15,6,15,1192.37,17885.55,3577.11,14308.44,6334.4
101895,20241122,167,11,13,7,5,4866.69,24333.45,2433.35,21900.1,8566.95
101896,20240320,98,10,7,4,20,4677.47,93549.4,0.0,93549.4,41412.0
101897,20250416,192,11,10,1,7,4866.69,34066.83,0.0,34066.83,15127.26
101898,20250715,154,10,14,9,2,4677.47,9354.94,0.0,9354.94,3906.03
101899,20231117,197,9,14,2,6,2112.21,12673.26,1900.99,10772.27,3821.65
101900,20240227,198,10,22,7,6,4677.47,28064.82,0.0,28064.82,14009.8
101901,20231116,206,10,7,3,5,4677.47,23387.35,1169.37,22217.98,9858.47
101902,20230925,250,6,20,8,20,8457.66,169153.2,8457.66,160695.54,76429.55
101903,20230314,50,2,3,7,1,576.14,576.14,0.0,576.14,301.0
101904,20230419,170,2,11,3,12,576.14,6913.68,0.0,6913.68,2628.03
101905,20240312,158,2,12,3,20,576.14,11522.8,1728.42,9794.38,4570.94
101906,20250703,244,6,23,10,6,8457.66,50745.96,0.0,50745.96,18791.22
101907,20231124,78,3,14,8,4,1648.77,6595.08,329.75,6265.33,2967.62
101908,20231121,288,9,21,8,16,2112.21,33795.36,3379.54,30415.82,12356.33
101909,20240525,59,11,5,6,15,4866.69,73000.35,0.0,73000.35,26125.05
101910,20250219,243,7,16,10,6,11044.9,66269.4,6626.94,59642.46,27867.05
101911,20250112,226,10,19,2,6,4677.47,28064.82,1403.24,26661.58,9437.44
101912,20251004,291,6,11,9,3,8457.66,25372.98,3805.95,21567.03,7845.61
101913,20231004,154,11,13,9,5,4866.69,24333.45,0.0,24333.45,13067.2
101914,20240208,165,5,23,10,3,12606.96,37820.88,0.0,37820.88,20677.21
101915,20251010,9,10,19,9,14,4677.47,65484.58,13096.92,52387.66,22162.24
101916,20240601,99,9,9,4,17,2112.21,35907.57,5386.14,30521.43,10825.61
101917,20241014,86,1,21,7,8,7004.72,56037.76,5603.78,50433.98,20305.86
101918,20250605,173,1,9,2,15,7004.72,105070.8,10507.08,94563.72,39393.71
101919,20230306,67,10,1,1,19,4677.47,88871.93,0.0,88871.93,37871.37
101920,20250820,195,7,2,9,9,11044.9,99404.1,9940.41,89463.69,37317.72
101921,20251115,218,7,23,2,11,11044.9,121493.9,0.0,121493.9,50936.05
101922,20240619,283,4,16,3,10,4210.9,42109.0,0.0,42109.0,22430.26
101923,20230623,164,9,4,9,1,2112.21,2112.21,211.22,1900.99,971.87
101924,20230808,125,2,6,3,12,576.14,6913.68,0.0,6913.68,3210.59
101925,20240430,45,2,1,3,1,576.14,576.14,57.61,518.53,216.86
101926,20230525,80,10,21,8,15,4677.47,70162.05,3508.1,66653.95,27740.05
101927,20230805,63,1,23,10,5,7004.72,35023.6,0.0,35023.6,17484.23
101928,20230616,96,2,23,5,3,576.14,1728.42,0.0,1728.42,878.59
101929,20240422,108,1,23,8,3,7004.72,21014.16,0.0,21014.16,9983.62
101930,20240130,244,4,23,10,16,4210.9,67374.4,3368.72,64005.68,24783.83
101931,20240812,32,8,6,4,17,8152.69,138595.73,0.0,138595.73,53382.94
101932,20240209,135,3,18,2,19,1648.77,31326.63,6265.33,25061.3,12279.87
101933,20230605,97,3,11,8,8,1648.77,13190.16,0.0,13190.16,6292.49
101934,20240830,212,9,21,10,10,2112.21,21122.1,0.0,21122.1,8452.85
101935,20241207,124,9,1,10,9,2112.21,19009.89,0.0,19009.89,7266.58
101936,20230507,33,8,12,10,2,8152.69,16305.38,815.27,15490.11,7954.8
101937,20230613,229,1,24,5,3,7004.72,21014.16,0.0,21014.16,10596.96
101938,20250110,34,10,9,6,11,4677.47,51452.17,2572.61,48879.56,24363.46
101939,20250910,190,8,10,4,16,8152.69,130443.04,0.0,130443.04,71720.13
101940,20240125,117,10,6,4,2,4677.47,9354.94,935.49,8419.45,3636.75
101941,20250803,167,7,15,7,15,11044.9,165673.5,8283.68,157389.82,59558.92
101942,20250228,215,1,5,5,11,7004.72,77051.92,0.0,77051.92,40379.07
101943,20231102,205,6,1,7,14,8457.66,118407.24,11840.72,106566.52,51402.83
101944,20231220,78,10,6,8,7,4677.47,32742.29,0.0,32742.29,14022.16
101945,20231103,139,6,7,2,1,8457.66,8457.66,422.88,8034.78,3066.58
101946,20240722,117,4,16,4,20,4210.9,84218.0,8421.8,75796.2,33090.44
101947,20231124,250,11,2,8,12,4866.69,58400.28,11680.06,46720.22,16977.25
101948,20241024,245,10,10,7,5,4677.47,23387.35,0.0,23387.35,12598.01
101949,20240319,214,8,1,1,10,8152.69,81526.9,4076.34,77450.56,32352.35
101950,20240928,220,10,4,1,20,4677.47,93549.4,0.0,93549.4,38016.55
101951,20250203,66,6,19,3,16,8457.66,135322.56,0.0,135322.56,59462.85
101952,20250504,127,4,11,8,8,4210.9,33687.2,5053.08,28634.12,15190.71
101953,20250902,144,9,11,5,19,2112.21,40131.99,4013.2,36118.79,17686.14
101954,20230918,165,11,19,10,8,4866.69,38933.52,3893.35,35040.17,16534.67
101955,20240525,251,10,16,4,1,4677.47,4677.47,0.0,4677.47,2461.03
101956,20250225,76,10,11,3,3,4677.47,14032.41,701.62,13330.79,5899.38
101957,20240628,35,8,13,5,7,8152.69,57068.83,5706.88,51361.95,20814.02
101958,20231021,187,1,16,10,8,7004.72,56037.76,0.0,56037.76,19647.44
101959,20241230,248,9,5,10,9,2112.21,19009.89,3801.98,15207.91,6797.02
101960,20241005,275,4,21,6,7,4210.9,29476.3,5895.26,23581.04,11071.71
101961,20230904,152,12,2,9,7,1192.37,8346.59,417.33,7929.26,3574.72
101962,20240523,193,7,23,3,1,11044.9,11044.9,0.0,11044.9,4316.88
101963,20240829,13,1,21,2,14,7004.72,98066.08,0.0,98066.08,43442.09
101964,20231030,229,11,13,5,18,4866.69,87600.42,0.0,87600.42,38441.5
101965,20241005,56,5,15,2,9,12606.96,113462.64,0.0,113462.64,53475.91
101966,20240806,84,10,5,2,11,4677.47,51452.17,10290.43,41161.74,15426.72
101967,20241030,283,8,12,3,5,8152.69,40763.45,0.0,40763.45,20141.23
101968,20230222,223,11,11,10,13,4866.69,63266.97,0.0,63266.97,29901.01
101969,20230312,145,6,19,8,19,8457.66,160695.54,0.0,160695.54,72689.29
101970,20230928,255,2,3,3,5,576.14,2880.7,0.0,2880.7,1309.44
101971,20240426,48,6,12,5,11,8457.66,93034.26,0.0,93034.26,38954.8
101972,20230523,253,7,18,6,2,11044.9,22089.8,1104.49,20985.31,10038.61
101973,20250321,80,9,3,8,7,2112.21,14785.47,739.27,14046.2,5239.93
101974,20240618,117,4,2,4,18,4210.9,75796.2,0.0,75796.2,36274.58
101975,20240406,246,1,2,9,8,7004.72,56037.76,5603.78,50433.98,27234.01
101976,20231009,257,6,11,7,13,8457.66,109949.58,10994.96,98954.62,47899.24
101977,20230209,262,5,16,2,1,12606.96,12606.96,1260.7,11346.26,5553.14
101978,20230520,21,4,19,9,2,4210.9,8421.8,0.0,8421.8,3929.17
101979,20230115,179,12,3,5,19,1192.37,22655.03,3398.25,19256.78,8700.79
101980,20231203,204,4,5,8,18,4210.9,75796.2,0.0,75796.2,36043.82
101981,20240730,137,9,12,7,17,2112.21,35907.57,0.0,35907.57,18562.94
101982,20240608,172,4,11,1,9,4210.9,37898.1,0.0,37898.1,18194.59
101983,20250713,15,8,20,6,17,8152.69,138595.73,13859.57,124736.16,48761.61
101984,20230819,22,7,4,4,7,11044.9,77314.3,0.0,77314.3,35877.04
101985,20240903,110,10,10,5,12,4677.47,56129.64,2806.48,53323.16,25571.98
101986,20240415,291,5,7,9,17,12606.96,214318.32,0.0,214318.32,75541.22
101987,20240106,171,4,16,6,13,4210.9,54741.7,5474.17,49267.53,21755.4
101988,20250311,85,8,16,4,18,8152.69,146748.42,7337.42,139411.0,70960.29
101989,20240523,40,10,4,2,1,4677.47,4677.47,701.62,3975.85,1883.98
101990,20230123,141,1,10,4,15,7004.72,105070.8,0.0,105070.8,48713.15
101991,20231123,50,1,12,7,7,7004.72,49033.04,2451.65,46581.39,25349.04
101992,20250202,39,5,14,9,1,12606.96,12606.96,0.0,12606.96,4500.67
101993,20230903,155,3,9,10,15,1648.77,24731.55,3709.73,21021.82,11088.43
101994,20240224,62,11,24,4,1,4866.69,4866.69,730.0,4136.69,2218.96
101995,20231224,8,2,3,10,8,576.14,4609.12,230.46,4378.66,2308.81
101996,20240713,139,1,23,2,19,7004.72,133089.68,6654.48,126435.2,62748.12
101997,20231110,111,2,13,7,13,576.14,7489.82,0.0,7489.82,3366.56
101998,20250811,212,3,1,10,19,1648.77,31326.63,4698.99,26627.64,12816.47
101999,20240729,145,12,16,8,7,1192.37,8346.59,834.66,7511.93,2665.85
102000,20240710,97,4,23,8,15,4210.9,63163.5,6316.35,56847.15,31218.61
102001,20230401,289,7,18,8,16,11044.9,176718.4,17671.84,159046.56,78428.06
102002,20230407,147,6,3,10,20,8457.66,169153.2,0.0,169153.2,86968.91
102003,20231202,192,11,12,1,18,4866.69,87600.42,4380.02,83220.4,34465.08
102004,20241211,209,3,19,9,13,1648.77,21434.01,0.0,21434.01,11718.03
102005,20240821,76,11,25,3,16,4866.69,77867.04,7786.7,70080.34,30244.23
102006,20250603,45,10,9,3,5,4677.47,23387.35,0.0,23387.35,9863.23
102007,20250813,231,9,22,3,6,2112.21,12673.26,1900.99,10772.27,4510.25
102008,20231025,175,9,21,9,6,2112.21,12673.26,1900.99,10772.27,5006.29
102009,20240226,203,2,14,7,4,576.14,2304.56,460.91,1843.65,845.87
102010,20251130,54,10,1,8,9,4677.47,42097.23,6314.58,35782.65,17280.42
102011,20231204,117,11,23,4,11,4866.69,53533.59,2676.68,50856.91,21110.57
102012,20250203,281,7,17,7,13,11044.9,143583.7,0.0,143583.7,60337.73
102013,20250415,55,4,21,4,15,4210.9,63163.5,0.0,63163.5,30873.6
102014,20240121,1,9,4,9,16,2112.21,33795.36,0.0,33795.36,12316.43
102015,20240919,124,7,10,10,7,11044.9,77314.3,3865.72,73448.58,27125.84
102016,20240127,13,1,1,2,10,7004.72,70047.2,0.0,70047.2,27118.27
102017,20230527,35,5,15,5,4,12606.96,50427.84,2521.39,47906.45,20192.71
102018,20250405,6,12,20,9,10,1192.37,11923.7,0.0,11923.7,5067.37
102019,20240914,220,10,19,1,16,4677.47,74839.52,3741.98,71097.54,33321.09
102020,20251003,17,8,11,8,12,8152.69,97832.28,0.0,97832.28,47950.17
102021,20250224,276,2,14,6,19,576.14,10946.66,547.33,10399.33,4369.91
102022,20251001,14,7,2,4,16,11044.9,176718.4,17671.84,159046.56,58428.25
102023,20240531,279,2,3,7,8,576.14,4609.12,460.91,4148.21,2045.57
102024,20230712,233,7,24,7,11,11044.9,121493.9,0.0,121493.9,66432.87
102025,20230312,166,5,18,9,15,12606.96,189104.4,0.0,189104.4,81716.06
102026,20230122,66,10,22,3,1,4677.47,4677.47,701.62,3975.85,1744.94
102027,20251025,93,8,9,10,19,8152.69,154901.11,0.0,154901.11,82871.49
102028,20230410,130,10,4,10,17,4677.47,79516.99,3975.85,75541.14,40070.98
102029,20240823,84,1,10,2,20,7004.72,140094.4,0.0,140094.4,52106.0
102030,20231114,40,4,16,2,16,4210.9,67374.4,0.0,67374.4,28799.91
102031,20231228,193,1,10,3,6,7004.72,42028.32,0.0,42028.32,21985.57
102032,20251007,118,12,15,2,4,1192.37,4769.48,0.0,4769.48,1802.11
102033,20230218,225,8,12,9,14,8152.69,114137.66,0.0,114137.66,51936.64
102034,20250124,279,2,14,7,16,576.14,9218.24,0.0,9218.24,4030.75
102035,20250514,35,2,3,5,9,576.14,5185.26,777.79,4407.47,2128.55
102036,20250830,206,9,8,3,5,2112.21,10561.05,0.0,10561.05,4038.54
102037,20240118,101,8,22,5,18,8152.69,146748.42,0.0,146748.42,59081.11
102038,20230517,95,10,14,6,4,4677.47,18709.88,935.49,17774.39,7046.65
102039,20231029,154,3,24,9,13,1648.77,21434.01,0.0,21434.01,7759.09
102040,20230125,58,9,22,3,9,2112.21,19009.89,950.49,18059.4,6352.78
102041,20231008,164,4,16,9,7,4210.9,29476.3,0.0,29476.3,13115.54
102042,20250907,110,2,6,5,13,576.14,7489.82,374.49,7115.33,3382.67
102043,20230526,75,11,5,1,17,4866.69,82733.73,0.0,82733.73,41540.9
102044,20250905,263,2,19,10,6,576.14,3456.84,0.0,3456.84,1730.78
102045,20250110,116,5,14,4,2,12606.96,25213.92,2521.39,22692.53,8137.13
102046,20241018,203,1,7,7,12,7004.72,84056.64,0.0,84056.64,39614.83
102047,20240405,66,8,20,3,17,8152.69,138595.73,20789.36,117806.37,56453.78
102048,20231119,124,10,17,10,10,4677.47,46774.7,2338.74,44435.96,16219.62
102049,20230305,214,2,18,1,3,576.14,1728.42,172.84,1555.58,786.21
102050,20230323,190,5,13,4,9,12606.96,113462.64,5673.13,107789.51,55119.49
102051,20241130,156,9,20,5,11,2112.21,23234.31,3485.15,19749.16,10290.81
102052,20250820,262,8,13,2,19,8152.69,154901.11,15490.11,139411.0,74541.78
102053,20231009,241,6,3,1,16,8457.66,135322.56,27064.51,108258.05,49424.98
102054,20230509,129,11,9,8,9,4866.69,43800.21,6570.03,37230.18,17456.74
102055,20240411,161,6,8,7,19,8457.66,160695.54,0.0,160695.54,87493.6
102056,20240128,172,9,22,1,14,2112.21,29570.94,0.0,29570.94,13885.1
102057,20240121,72,12,10,1,7,1192.37,8346.59,834.66,7511.93,3172.27
102058,20241019,105,8,19,4,17,8152.69,138595.73,0.0,138595.73,68593.6
102059,20240819,127,4,20,8,11,4210.9,46319.9,0.0,46319.9,22210.18
102060,20251014,192,4,13,1,16,4210.9,67374.4,6737.44,60636.96,32531.53
102061,20250729,276,6,5,6,9,8457.66,76118.94,3805.95,72312.99,28961.87
102062,20250210,282,7,1,4,3,11044.9,33134.7,0.0,33134.7,17787.52
102063,20251010,233,9,19,7,9,2112.21,19009.89,950.49,18059.4,7839.56
102064,20240628,27,7,21,9,16,11044.9,176718.4,8835.92,167882.48,74753.64
102065,20250303,161,2,5,7,6,576.14,3456.84,0.0,3456.84,1735.42
102066,20230422,22,2,9,4,4,576.14,2304.56,115.23,2189.33,883.79
102067,20230716,217,4,2,3,19,4210.9,80007.1,0.0,80007.1,29785.56
102068,20240721,146,7,8,6,8,11044.9,88359.2,0.0,88359.2,41593.53
102069,20240630,283,6,8,3,5,8457.66,42288.3,0.0,42288.3,19741.19
102070,20240326,88,7,7,6,18,11044.9,198808.2,9940.41,188867.79,102157.58
102071,20230706,293,12,20,2,9,1192.37,10731.33,1073.13,9658.2,3620.98
102072,20240519,209,4,8,9,15,4210.9,63163.5,3158.18,60005.32,31705.43
102073,20240327,144,2,1,5,8,576.14,4609.12,460.91,4148.21,1812.93
102074,20250302,229,4,8,5,4,4210.9,16843.6,1684.36,15159.24,6544.35
102075,20250628,227,3,24,7,13,1648.77,21434.01,3215.1,18218.91,9111.98
102076,20230217,278,5,7,2,16,12606.96,201711.36,10085.57,191625.79,100609.16
102077,20241202,165,1,16,10,17,7004.72,119080.24,5954.01,113126.23,58559.09
102078,20240225,191,3,23,10,3,1648.77,4946.31,247.32,4698.99,2301.5
102079,20250212,87,7,7,10,7,11044.9,77314.3,0.0,77314.3,33324.04
102080,20240524,149,4,13,10,20,4210.9,84218.0,12632.7,71585.3,38808.61
102081,20240514,34,8,23,6,1,8152.69,8152.69,0.0,8152.69,3416.28
102082,20250219,11,8,14,9,15,8152.69,122290.35,18343.55,103946.8,38241.21
102083,20240606,179,4,9,5,12,4210.9,50530.8,7579.62,42951.18,17265.16
102084,20231120,87,4,19,10,17,4210.9,71585.3,3579.27,68006.03,34821.02
102085,20230316,196,6,2,8,8,8457.66,67661.28,0.0,67661.28,36074.96
102086,20230709,284,1,9,9,3,7004.72,21014.16,1050.71,19963.45,8005.92
102087,20231102,151,3,14,3,9,1648.77,14838.93,2225.84,12613.09,4883.84
102088,20250418,160,3,17,3,3,1648.77,4946.31,0.0,4946.31,1822.49
102089,20230417,294,11,24,2,6,4866.69,29200.14,0.0,29200.14,12966.31
102090,20250516,86,4,1,7,7,4210.9,29476.3,1473.82,28002.48,10232.37
102091,20230727,138,3,18,4,4,1648.77,6595.08,659.51,5935.57,2734.44
102092,20250125,92,3,18,8,6,1648.77,9892.62,0.0,9892.62,3479.72
102093,20231218,140,9,1,10,17,2112.21,35907.57,1795.38,34112.19,12327.12
102094,20231004,86,1,16,7,5,7004.72,35023.6,3502.36,31521.24,12557.59
102095,20250122,294,5,15,2,8,12606.96,100855.68,5042.78,95812.9,47143.96
102096,20240523,83,11,20,5,2,4866.69,9733.38,0.0,9733.38,4141.41
102097,20230102,148,8,17,3,16,8152.69,130443.04,13044.3,117398.74,50364.46
102098,20250407,269,8,21,9,17,8152.69,138595.73,0.0,138595.73,65292.92
102099,20250409,129,9,14,8,6,2112.21,12673.26,633.66,12039.6,5417.16
102100,20230316,106,2,20,2,12,576.14,6913.68,691.37,6222.31,2321.59
102101,20250424,196,7,10,8,12,11044.9,132538.8,0.0,132538.8,59303.73
102102,20230202,111,7,25,7,5,11044.9,55224.5,2761.23,52463.27,24557.32
102103,20231014,155,7,8,10,5,11044.9,55224.5,0.0,55224.5,21836.56
102104,20250618,130,8,13,10,15,8152.69,122290.35,12229.04,110061.31,46700.49
102105,20240224,238,3,14,9,2,1648.77,3297.54,0.0,3297.54,1250.12
102106,20230727,152,6,2,9,12,8457.66,101491.92,5074.6,96417.32,41200.22
102107,20250606,40,10,10,2,12,4677.47,56129.64,5612.96,50516.68,23253.91
102108,20230324,246,2,12,9,11,576.14,6337.54,0.0,6337.54,3386.76
102109,20231206,6,2,5,9,18,576.14,10370.52,0.0,10370.52,3680.88
102110,20240323,267,6,1,1,15,8457.66,126864.9,6343.24,120521.66,61430.16
102111,20250731,178,10,11,5,10,4677.47,46774.7,0.0,46774.7,23866.55
102112,20230910,225,8,14,9,17,8152.69,138595.73,0.0,138595.73,70110.25
102113,20251102,35,3,13,5,11,1648.77,18136.47,1813.65,16322.82,7148.94
102114,20240701,74,3,25,7,7,1648.77,11541.39,0.0,11541.39,4925.61
102115,20250318,113,1,2,8,10,7004.72,70047.2,0.0,70047.2,26378.96
102116,20250506,292,4,14,5,5,4210.9,21054.5,1052.73,20001.77,9273.57
102117,20240307,1,2,6,9,2,576.14,1152.28,0.0,1152.28,514.53
102118,20230516,113,8,6,8,16,8152.69,130443.04,0.0,130443.04,63119.23
102119,20241202,191,8,9,10,19,8152.69,154901.11,7745.06,147156.05,77673.98
102120,20241108,168,9,5,10,19,2112.21,40131.99,2006.6,38125.39,15471.01
102121,20240517,116,1,14,4,16,7004.72,112075.52,0.0,112075.52,60295.29
102122,20240907,256,12,13,2,2,1192.37,2384.74,476.95,1907.79,782.32
102123,20240611,55,3,18,4,8,1648.77,13190.16,1319.02,11871.14,4674.74
102124,20240524,238,3,4,9,18,1648.77,29677.86,1483.89,28193.97,12194.71
102125,20250329,215,10,11,5,10,4677.47,46774.7,0.0,46774.7,17890.81
102126,20250912,34,6,2,6,14,8457.66,118407.24,5920.36,112486.88,49093.05
102127,20250428,243,1,11,10,12,7004.72,84056.64,0.0,84056.64,33381.96
102128,20251004,203,10,7,7,13,4677.47,60807.11,3040.36,57766.75,22934.69
102129,20240513,85,6,6,4,20,8457.66,169153.2,0.0,169153.2,71952.62
102130,20230619,52,2,3,3,1,576.14,576.14,0.0,576.14,251.03
102131,20230709,78,1,1,8,16,7004.72,112075.52,0.0,112075.52,42218.47
102132,20250121,183,11,19,5,3,4866.69,14600.07,0.0,14600.07,7717.25
102133,20241107,52,1,19,3,3,7004.72,21014.16,4202.83,16811.33,7949.62
102134,20240129,88,7,16,6,4,11044.9,44179.6,0.0,44179.6,18037.9
102135,20251213,37,10,10,3,5,4677.47,23387.35,0.0,23387.35,11020.9
102136,20240616,81,11,25,4,17,4866.69,82733.73,0.0,82733.73,38992.14
102137,20240804,17,7,11,8,6,11044.9,66269.4,6626.94,59642.46,30540.17
102138,20250104,261,5,10,5,13,12606.96,163890.48,8194.52,155695.96,83468.51
102139,20240925,168,4,8,10,15,4210.9,63163.5,0.0,63163.5,24068.06
102140,20230612,31,10,4,2,5,4677.47,23387.35,0.0,23387.35,10285.38
102141,20231102,38,5,25,5,11,12606.96,138676.56,13867.66,124808.9,58142.73
102142,20250913,223,7,4,10,18,11044.9,198808.2,19880.82,178927.38,73451.34
102143,20240305,243,11,2,10,12,4866.69,58400.28,0.0,58400.28,22676.7
102144,20230516,26,1,9,5,13,7004.72,91061.36,0.0,91061.36,40934.21
102145,20250325,166,8,5,9,11,8152.69,89679.59,8967.96,80711.63,39667.9
102146,20241006,291,12,6,9,1,1192.37,1192.37,178.86,1013.51,388.01
102147,20240528,213,2,16,4,11,576.14,6337.54,0.0,6337.54,3338.89
102148,20240506,263,10,16,10,9,4677.47,42097.23,6314.58,35782.65,17682.24
102149,20250505,20,1,21,6,12,7004.72,84056.64,8405.66,75650.98,38585.16
102150,20250202,173,1,4,2,16,7004.72,112075.52,11207.55,100867.97,54857.53
102151,20240218,109,3,11,8,17,1648.77,28029.09,0.0,28029.09,12000.32
102152,20251218,101,7,25,5,2,11044.9,22089.8,1104.49,20985.31,10363.0
102153,20240817,276,8,2,6,10,8152.69,81526.9,0.0,81526.9,35176.19
102154,20230509,243,7,15,10,20,11044.9,220898.0,11044.9,209853.1,112191.22
102155,20240401,231,5,10,3,2,12606.96,25213.92,2521.39,22692.53,10976.07
102156,20240604,203,5,1,7,17,12606.96,214318.32,0.0,214318.32,84518.61
102157,20250709,123,7,1,8,14,11044.9,154628.6,0.0,154628.6,56473.63
102158,20240714,275,9,14,6,1,2112.21,2112.21,105.61,2006.6,1084.61
102159,20240919,27,8,19,9,7,8152.69,57068.83,2853.44,54215.39,24964.66
102160,20230826,121,7,18,4,11,11044.9,121493.9,0.0,121493.9,58465.36
102161,20230130,220,2,11,1,8,576.14,4609.12,691.37,3917.75,1387.42
102162,20230923,133,3,22,7,10,1648.77,16487.7,1648.77,14838.93,6426.97
102163,20250523,105,12,6,4,12,1192.37,14308.44,0.0,14308.44,7674.31
102164,20240925,278,12,18,2,3,1192.37,3577.11,0.0,3577.11,1363.29
102165,20230906,2,4,3,5,9,4210.9,37898.1,7579.62,30318.48,11298.91
102166,20250713,173,2,17,2,18,576.14,10370.52,518.53,9851.99,3688.78
102167,20240723,43,6,3,1,12,8457.66,101491.92,0.0,101491.92,51894.89
102168,20240527,10,10,25,3,3,4677.47,14032.41,2806.48,11225.93,4293.45
102169,20241201,83,9,23,5,18,2112.21,38019.78,0.0,38019.78,20843.31
102170,20241220,16,6,13,4,14,8457.66,118407.24,0.0,118407.24,53577.38
102171,20250404,109,3,7,8,20,1648.77,32975.4,1648.77,31326.63,15810.32
102172,20230518,117,11,25,4,16,4866.69,77867.04,3893.35,73973.69,32664.61
102173,20241021,189,4,2,1,2,4210.9,8421.8,421.09,8000.71,2806.2
102174,20241228,9,11,12,9,11,4866.69,53533.59,2676.68,50856.91,26318.65
102175,20241007,238,2,5,9,4,576.14,2304.56,115.23,2189.33,1012.09
102176,20230827,70,8,16,9,18,8152.69,146748.42,29349.68,117398.74,58133.59
102177,20241128,62,10,2,4,11,4677.47,51452.17,0.0,51452.17,23535.06
102178,20250521,151,1,4,3,2,7004.72,14009.44,2101.42,11908.02,5751.15
102179,20231008,133,7,5,7,9,11044.9,99404.1,0.0,99404.1,42982.93
102180,20230602,272,6,3,6,16,8457.66,135322.56,0.0,135322.56,55477.38
102181,20230216,14,5,11,4,6,12606.96,75641.76,7564.18,68077.58,35665.91
102182,20251211,52,6,4,3,4,8457.66,33830.64,6766.13,27064.51,13629.68
102183,20241013,64,3,19,9,7,1648.77,11541.39,577.07,10964.32,4010.39
102184,20230411,142,5,25,1,18,12606.96,226925.28,22692.53,204232.75,108773.27
102185,20230613,282,10,23,4,18,4677.47,84194.46,0.0,84194.46,38769.3
102186,20240901,52,7,25,3,2,11044.9,22089.8,0.0,22089.8,11610.24
102187,20230710,171,5,24,6,2,12606.96,25213.92,0.0,25213.92,9300.48
102188,20230109,55,8,2,4,16,8152.69,130443.04,13044.3,117398.74,50622.07
102189,20230807,136,3,19,3,18,1648.77,29677.86,4451.68,25226.18,10078.24
102190,20241115,87,3,21,10,19,1648.77,31326.63,3132.66,28193.97,10453.61
102191,20230204,241,4,24,1,5,4210.9,21054.5,0.0,21054.5,11400.13
102192,20251109,123,7,1,8,17,11044.9,187763.3,28164.49,159598.81,74267.42
102193,20240120,253,9,8,6,2,2112.21,4224.42,211.22,4013.2,1896.85
102194,20250306,99,9,10,4,12,2112.21,25346.52,0.0,25346.52,13807.37
102195,20250422,297,5,9,9,8,12606.96,100855.68,5042.78,95812.9,50580.93
102196,20250510,131,11,20,10,16,4866.69,77867.04,0.0,77867.04,29038.34
102197,20240127,130,12,5,10,19,1192.37,22655.03,0.0,22655.03,10832.82
102198,20230903,128,3,23,8,2,1648.77,3297.54,0.0,3297.54,1319.01
102199,20230406,37,11,13,3,5,4866.69,24333.45,4866.69,19466.76,7890.07
102200,20230819,295,1,21,3,7,7004.72,49033.04,4903.3,44129.74,22770.69
102201,20230129,212,2,11,10,7,576.14,4032.98,201.65,3831.33,1453.6
102202,20230910,189,6,14,1,13,8457.66,109949.58,10994.96,98954.62,48098.17
102203,20250627,104,11,5,7,7,4866.69,34066.83,0.0,34066.83,13204.31
102204,20240512,251,8,9,4,14,8152.69,114137.66,0.0,114137.66,40017.97
102205,20250807,82,1,2,8,15,7004.72,105070.8,5253.54,99817.26,39005.39
102206,20230815,148,3,10,3,9,1648.77,14838.93,0.0,14838.93,7476.01
102207,20250827,272,2,19,6,15,576.14,8642.1,0.0,8642.1,4138.27
102208,20250709,103,12,9,10,16,1192.37,19077.92,3815.58,15262.34,6164.88
102209,20250910,113,8,5,8,1,8152.69,8152.69,815.27,7337.42,3514.95
102210,20250226,113,9,17,8,5,2112.21,10561.05,0.0,10561.05,5219.78
102211,20251205,131,12,4,10,9,1192.37,10731.33,1609.7,9121.63,4134.8
102212,20240927,207,1,3,7,19,7004.72,133089.68,26617.94,106471.74,39546.14
102213,20240802,130,4,25,10,18,4210.9,75796.2,11369.43,64426.77,29950.89
102214,20251221,94,11,16,3,17,4866.69,82733.73,0.0,82733.73,44818.87
102215,20241101,284,7,19,9,11,11044.9,121493.9,0.0,121493.9,47222.71
102216,20230811,157,12,25,8,14,1192.37,16693.18,0.0,16693.18,8528.86
102217,20240213,206,11,20,3,19,4866.69,92467.11,4623.36,87843.75,32433.49
102218,20250824,101,4,11,5,2,4210.9,8421.8,1263.27,7158.53,3016.43
102219,20240508,273,6,16,4,8,8457.66,67661.28,3383.06,64278.22,29727.84
102220,20230606,53,10,5,4,8,4677.47,37419.76,1870.99,35548.77,12754.02
102221,20250814,212,9,24,10,3,2112.21,6336.63,0.0,6336.63,3472.19
102222,20250622,70,4,24,9,7,4210.9,29476.3,0.0,29476.3,10887.7
102223,20240609,6,10,14,9,4,4677.47,18709.88,3741.98,14967.9,7163.69
102224,20250710,108,2,11,8,8,576.14,4609.12,230.46,4378.66,1614.42
102225,20240527,275,12,21,6,8,1192.37,9538.96,0.0,9538.96,4653.1
102226,20231209,4,8,7,3,14,8152.69,114137.66,17120.65,97017.01,35898.11
102227,20251028,299,4,19,6,9,4210.9,37898.1,0.0,37898.1,18542.62
102228,20241231,232,9,23,6,6,2112.21,12673.26,0.0,12673.26,4682.8
102229,20230213,141,4,6,4,6,4210.9,25265.4,0.0,25265.4,9071.31
102230,20240103,101,4,7,5,5,4210.9,21054.5,0.0,21054.5,7627.1
102231,20250709,116,10,5,4,2,4677.47,9354.94,0.0,9354.94,4981.02
102232,20240223,188,11,25,1,10,4866.69,48666.9,4866.69,43800.21,19112.86
102233,20230510,82,8,13,8,1,8152.69,8152.69,0.0,8152.69,2910.72
102234,20231225,216,2,3,3,6,576.14,3456.84,0.0,3456.84,1316.18
102235,20230811,223,4,23,10,6,4210.9,25265.4,0.0,25265.4,11471.81
102236,20251223,300,6,15,8,6,8457.66,50745.96,5074.6,45671.36,21413.2
102237,20240317,230,7,6,2,20,11044.9,220898.0,22089.8,198808.2,87279.81
102238,20241008,134,10,7,5,1,4677.47,4677.47,0.0,4677.47,1913.58
102239,20250810,47,10,4,6,5,4677.47,23387.35,3508.1,19879.25,7871.14
102240,20251228,58,9,16,3,13,2112.21,27458.73,4118.81,23339.92,10879.49
102241,20231004,28,9,6,4,18,2112.21,38019.78,5702.97,32316.81,16474.74
102242,20240507,26,9,20,5,18,2112.21,38019.78,5702.97,32316.81,12871.75
102243,20230621,174,9,18,7,3,2112.21,6336.63,0.0,6336.63,2638.67
102244,20231006,92,1,14,8,16,7004.72,112075.52,16811.33,95264.19,37254.02
102245,20240327,46,9,5,1,20,2112.21,42244.2,2112.21,40131.99,17434.32
102246,20230614,165,8,6,10,9,8152.69,73374.21,14674.84,58699.37,24509.12
102247,20230309,6,1,25,9,1,7004.72,7004.72,1050.71,5954.01,2944.96
102248,20230621,166,3,25,9,19,1648.77,31326.63,0.0,31326.63,15274.59
102249,20250911,51,8,18,3,12,8152.69,97832.28,0.0,97832.28,46584.72
102250,20230222,77,6,11,4,13,8457.66,109949.58,10994.96,98954.62,50361.76
102251,20251029,149,5,9,10,6,12606.96,75641.76,0.0,75641.76,38770.42
102252,20250903,148,8,17,3,3,8152.69,24458.07,0.0,24458.07,12592.76
102253,20240814,257,10,2,7,11,4677.47,51452.17,0.0,51452.17,18423.82
102254,20250609,240,1,2,3,20,7004.72,140094.4,0.0,140094.4,67582.58
102255,20240518,194,6,21,4,11,8457.66,93034.26,0.0,93034.26,46031.48
102256,20240717,272,3,13,6,13,1648.77,21434.01,1071.7,20362.31,8087.1
102257,20231102,138,9,8,4,11,2112.21,23234.31,0.0,23234.31,8359.7
102258,20240927,88,10,13,6,2,4677.47,9354.94,467.75,8887.19,3180.5
102259,20250820,28,7,7,4,8,11044.9,88359.2,4417.96,83941.24,43750.6
102260,20250731,182,1,25,10,20,7004.72,140094.4,14009.44,126084.96,68164.19
102261,20251212,95,3,3,6,2,1648.77,3297.54,0.0,3297.54,1185.13
102262,20230908,201,5,17,8,4,12606.96,50427.84,7564.18,42863.66,22848.34
102263,20230111,134,11,24,5,9,4866.69,43800.21,8760.04,35040.17,16775.67
102264,20250828,256,4,17,2,7,4210.9,29476.3,0.0,29476.3,14819.82
102265,20251218,33,7,9,10,8,11044.9,88359.2,0.0,88359.2,32083.77
102266,20250330,152,12,6,9,17,1192.37,20270.29,1013.51,19256.78,9318.34
102267,20240921,209,5,6,9,1,12606.96,12606.96,0.0,12606.96,5470.92
102268,20230925,189,12,24,1,17,1192.37,20270.29,1013.51,19256.78,7140.77
102269,20240530,43,8,2,1,13,8152.69,105984.97,0.0,105984.97,57914.6
102270,20250309,81,6,25,4,12,8457.66,101491.92,10149.19,91342.73,47795.51
102271,20230328,96,7,8,5,12,11044.9,132538.8,0.0,132538.8,64498.24
102272,20240824,99,12,1,4,3,1192.37,3577.11,178.86,3398.25,1398.54
102273,20240727,149,9,19,10,17,2112.21,35907.57,1795.38,34112.19,18202.62
102274,20240407,56,6,8,2,18,8457.66,152237.88,15223.79,137014.09,62170.06
102275,20240718,170,12,5,3,15,1192.37,17885.55,894.28,16991.27,8316.18
102276,20241127,20,5,22,6,2,12606.96,25213.92,5042.78,20171.14,8235.38
102277,20240224,111,4,25,7,12,4210.9,50530.8,0.0,50530.8,23003.77
102278,20241007,63,7,24,10,8,11044.9,88359.2,8835.92,79523.28,40651.47
102279,20230704,49,12,20,4,15,1192.37,17885.55,894.28,16991.27,8397.94
102280,20230911,279,1,20,7,7,7004.72,49033.04,0.0,49033.04,18058.07
102281,20240210,253,4,5,6,13,4210.9,54741.7,2737.09,52004.61,28596.75
102282,20230322,209,1,24,9,3,7004.72,21014.16,4202.83,16811.33,8970.96
102283,20251031,255,6,13,3,4,8457.66,33830.64,1691.53,32139.11,14466.99
102284,20250413,283,12,17,3,1,1192.37,1192.37,0.0,1192.37,461.41
102285,20230224,16,10,4,4,11,4677.47,51452.17,5145.22,46306.95,17244.84
102286,20230919,269,1,8,9,13,7004.72,91061.36,0.0,91061.36,43469.66
102287,20251015,136,12,10,3,20,1192.37,23847.4,0.0,23847.4,11803.4
102288,20250430,2,10,22,5,7,4677.47,32742.29,0.0,32742.29,15452.68
102289,20241209,69,1,3,4,10,7004.72,70047.2,3502.36,66544.84,34051.18
102290,20251213,295,5,4,3,18,12606.96,226925.28,0.0,226925.28,89923.66
102291,20251221,245,6,1,7,19,8457.66,160695.54,0.0,160695.54,88283.97
102292,20240203,88,12,6,6,7,1192.37,8346.59,417.33,7929.26,3577.45
102293,20230531,123,8,9,8,11,8152.69,89679.59,0.0,89679.59,32764.34
102294,20240606,19,12,24,1,10,1192.37,11923.7,0.0,11923.7,5451.77
102295,20230329,188,11,1,1,11,4866.69,53533.59,0.0,53533.59,28753.88
102296,20250527,223,12,2,10,17,1192.37,20270.29,2027.03,18243.26,6810.26
102297,20230921,219,1,2,9,7,7004.72,49033.04,7354.96,41678.08,15049.02
102298,20240221,185,7,13,5,20,11044.9,220898.0,0.0,220898.0,115805.12
102299,20230225,198,3,22,7,15,1648.77,24731.55,0.0,24731.55,13307.1
102300,20240311,52,3,25,3,7,1648.77,11541.39,0.0,11541.39,4825.53
102301,20230417,221,9,18,1,6,2112.21,12673.26,633.66,12039.6,4475.78
102302,20250920,218,9,21,2,5,2112.21,10561.05,528.05,10033.0,5485.88
102303,20240624,149,12,2,10,4,1192.37,4769.48,0.0,4769.48,2524.35
102304,20230111,271,8,25,3,7,8152.69,57068.83,0.0,57068.83,22684.01
102305,20251218,70,7,2,9,7,11044.9,77314.3,0.0,77314.3,32847.79
102306,20230912,28,2,22,4,12,576.14,6913.68,345.68,6568.0,3210.4
102307,20230408,260,6,19,6,19,8457.66,160695.54,16069.55,144625.99,73854.32
102308,20240808,294,3,1,2,15,1648.77,24731.55,4946.31,19785.24,9231.39
102309,20231206,207,10,23,7,19,4677.47,88871.93,4443.6,84428.33,40119.71
102310,20250208,152,9,21,9,20,2112.21,42244.2,4224.42,38019.78,18979.62
102311,20250723,46,9,10,1,5,2112.21,10561.05,528.05,10033.0,4246.33
102312,20250225,292,4,5,5,11,4210.9,46319.9,2316.0,44003.9,17992.38
102313,20251021,159,10,20,4,7,4677.47,32742.29,6548.46,26193.83,13833.17
102314,20230810,95,4,10,6,5,4210.9,21054.5,2105.45,18949.05,8261.31
102315,20230423,209,10,23,9,1,4677.47,4677.47,935.49,3741.98,1663.67
102316,20250326,61,8,25,7,14,8152.69,114137.66,22827.53,91310.13,32515.91
102317,20250624,90,12,7,8,10,1192.37,11923.7,596.19,11327.51,6218.1
102318,20240412,267,10,8,1,11,4677.47,51452.17,5145.22,46306.95,21786.49
102319,20250110,125,9,5,3,18,2112.21,38019.78,3801.98,34217.8,17697.25
102320,20240806,2,6,14,5,4,8457.66,33830.64,6766.13,27064.51,14356.36
102321,20250608,175,1,18,9,5,7004.72,35023.6,1751.18,33272.42,16723.42
102322,20231028,223,11,9,10,3,4866.69,14600.07,1460.01,13140.06,5604.06
102323,20250213,177,7,21,2,3,11044.9,33134.7,4970.2,28164.5,11077.84
102324,20250913,219,2,22,9,5,576.14,2880.7,288.07,2592.63,1325.99
102325,20241004,293,6,25,2,4,8457.66,33830.64,0.0,33830.64,13140.1
102326,20240630,205,9,5,7,8,2112.21,16897.68,844.88,16052.8,8100.71
102327,20251108,140,11,2,10,1,4866.69,4866.69,486.67,4380.02,1676.89
102328,20240403,1,1,22,9,17,7004.72,119080.24,5954.01,113126.23,48433.25
102329,20250308,33,1,4,10,13,7004.72,91061.36,4553.07,86508.29,31576.51
102330,20240131,172,1,2,1,3,7004.72,21014.16,0.0,21014.16,7590.26
102331,20240725,42,5,21,6,20,12606.96,252139.2,0.0,252139.2,125450.87
102332,20230422,233,7,25,7,6,11044.9,66269.4,9940.41,56328.99,25593.73
102333,20250626,211,11,5,10,2,4866.69,9733.38,973.34,8760.04,3452.35
102334,20240727,139,1,16,2,15,7004.72,105070.8,5253.54,99817.26,40555.77
102335,20231129,30,12,15,9,5,1192.37,5961.85,596.19,5365.66,2696.74
102336,20250423,67,10,5,1,12,4677.47,56129.64,0.0,56129.64,28611.15
102337,20251004,243,7,2,10,6,11044.9,66269.4,3313.47,62955.93,33775.67
102338,20230517,135,1,13,2,17,7004.72,119080.24,11908.02,107172.22,43143.23
102339,20240204,102,4,15,2,8,4210.9,33687.2,0.0,33687.2,12684.35
102340,20241005,184,12,6,9,7,1192.37,8346.59,0.0,8346.59,4525.54
102341,20230811,240,9,3,3,15,2112.21,31683.15,0.0,31683.15,16472.36
102342,20231203,53,2,20,4,6,576.14,3456.84,0.0,3456.84,1287.76
102343,20250514,122,9,22,9,11,2112.21,23234.31,0.0,23234.31,10435.68
102344,20241207,193,2,7,3,7,576.14,4032.98,201.65,3831.33,2024.02
102345,20240830,158,5,19,3,2,12606.96,25213.92,2521.39,22692.53,8708.0
102346,20241023,25,3,13,7,10,1648.77,16487.7,824.39,15663.31,8530.48
102347,20230713,221,5,10,1,2,12606.96,25213.92,0.0,25213.92,9858.09
102348,20240527,53,7,16,4,18,11044.9,198808.2,0.0,198808.2,75220.01
102349,20250806,256,11,17,2,6,4866.69,29200.14,4380.02,24820.12,9060.23
102350,20231127,48,8,19,5,18,8152.69,146748.42,14674.84,132073.58,48928.98
102351,20240201,134,9,14,5,6,2112.21,12673.26,633.66,12039.6,5032.88
102352,20251003,225,4,25,9,14,4210.9,58952.6,8842.89,50109.71,19859.77
102353,20240512,59,9,6,6,18,2112.21,38019.78,3801.98,34217.8,14155.5
102354,20230301,174,4,19,7,15,4210.9,63163.5,12632.7,50530.8,17917.4
102355,20250527,207,11,4,7,15,4866.69,73000.35,3650.02,69350.33,25119.92
102356,20251013,121,7,17,4,5,11044.9,55224.5,8283.67,46940.83,16574.45
102357,20230105,193,9,5,3,3,2112.21,6336.63,633.66,5702.97,2191.01
102358,20240403,179,6,22,5,6,8457.66,50745.96,0.0,50745.96,21753.34
102359,20250119,8,6,18,10,15,8457.66,126864.9,19029.73,107835.17,52553.42
102360,20250409,292,3,24,5,3,1648.77,4946.31,247.32,4698.99,2368.38
102361,20231223,38,10,5,5,11,4677.47,51452.17,2572.61,48879.56,26579.89
102362,20230322,286,10,18,10,9,4677.47,42097.23,0.0,42097.23,19983.02
102363,20240814,280,1,6,6,5,7004.72,35023.6,5253.54,29770.06,10644.51
102364,20241108,18,10,23,7,8,4677.47,37419.76,3741.98,33677.78,15439.8
102365,20240528,260,5,21,6,5,12606.96,63034.8,0.0,63034.8,29696.93
102366,20251114,284,11,3,9,3,4866.69,14600.07,0.0,14600.07,6429.47
102367,20251105,235,1,23,8,15,7004.72,105070.8,0.0,105070.8,56184.5
102368,20240426,279,7,15,7,13,11044.9,143583.7,7179.19,136404.51,62453.35
102369,20240118,14,10,15,4,9,4677.47,42097.23,0.0,42097.23,15390.68
102370,20230511,237,8,20,7,18,8152.69,146748.42,7337.42,139411.0,63905.35
102371,20250612,259,8,23,2,5,8152.69,40763.45,4076.34,36687.11,13790.59
102372,20251123,296,4,16,8,2,4210.9,8421.8,842.18,7579.62,3459.55
102373,20251209,1,7,21,9,6,11044.9,66269.4,6626.94,59642.46,30327.06
102374,20250125,27,12,9,9,1,1192.37,1192.37,119.24,1073.13,561.85
102375,20250310,196,12,20,8,11,1192.37,13116.07,1311.61,11804.46,5475.37
102376,20230304,64,3,9,9,18,1648.77,29677.86,0.0,29677.86,14817.99
102377,20250206,138,5,6,4,17,12606.96,214318.32,0.0,214318.32,100455.07
102378,20240206,72,6,20,1,10,8457.66,84576.6,0.0,84576.6,33773.55
102379,20230930,273,12,19,4,9,1192.37,10731.33,1073.13,9658.2,4984.23
102380,20240331,100,9,19,8,4,2112.21,8448.84,0.0,8448.84,3234.93
102381,20230613,168,3,18,10,11,1648.77,18136.47,1813.65,16322.82,8756.09
102382,20231231,176,7,6,10,19,11044.9,209853.1,0.0,209853.1,113155.51
102383,20240329,114,6,17,6,20,8457.66,169153.2,16915.32,152237.88,64550.44
102384,20240402,259,2,18,2,13,576.14,7489.82,0.0,7489.82,2659.87
102385,20250929,266,5,13,1,18,12606.96,226925.28,0.0,226925.28,107103.46
102386,20250925,148,5,8,3,1,12606.96,12606.96,0.0,12606.96,5996.19
102387,20230903,263,10,3,10,4,4677.47,18709.88,2806.48,15903.4,7471.42
102388,20231204,25,4,17,7,11,4210.9,46319.9,2316.0,44003.9,17769.95
102389,20230319,45,6,7,3,13,8457.66,109949.58,0.0,109949.58,45634.48
102390,20250718,56,6,11,2,7,8457.66,59203.62,0.0,59203.62,29352.36
102391,20250119,110,7,16,5,17,11044.9,187763.3,0.0,187763.3,95714.36
102392,20250705,163,1,1,2,20,7004.72,140094.4,0.0,140094.4,72753.97
102393,20230812,146,2,2,6,12,576.14,6913.68,0.0,6913.68,2949.28
102394,20251219,63,12,19,10,17,1192.37,20270.29,1013.51,19256.78,6971.5
102395,20230927,245,1,9,7,12,7004.72,84056.64,0.0,84056.64,43620.39
102396,20251214,286,6,13,10,6,8457.66,50745.96,7611.89,43134.07,23164.5
102397,20250526,214,1,11,1,19,7004.72,133089.68,6654.48,126435.2,64287.13
102398,20250710,276,8,9,6,10,8152.69,81526.9,12229.03,69297.87,26169.91
102399,20241122,262,6,24,2,9,8457.66,76118.94,3805.95,72312.99,30220.12
102400,20250514,187,6,23,10,20,8457.66,169153.2,0.0,169153.2,76187.66
102401,20240915,61,2,23,7,14,576.14,8065.96,1613.19,6452.77,2291.24
102402,20230113,21,1,5,9,10,7004.72,70047.2,0.0,70047.2,27732.71
102403,20240420,38,4,5,5,4,4210.9,16843.6,1684.36,15159.24,7938.85
102404,20230522,107,1,11,6,11,7004.72,77051.92,3852.6,73199.32,33258.65
102405,20250521,285,12,6,3,4,1192.37,4769.48,0.0,4769.48,1940.57
102406,20251130,269,10,13,9,13,4677.47,60807.11,3040.36,57766.75,31715.11
102407,20251001,74,8,23,7,8,8152.69,65221.52,3261.08,61960.44,32825.01
102408,20250622,150,11,14,6,5,4866.69,24333.45,2433.35,21900.1,8233.28
102409,20251121,86,6,10,7,7,8457.66,59203.62,8880.54,50323.08,18313.51
102410,20240323,89,12,18,7,4,1192.37,4769.48,476.95,4292.53,1665.87
102411,20230509,65,4,20,5,5,4210.9,21054.5,3158.17,17896.33,8572.87
102412,20240916,48,1,13,5,1,7004.72,7004.72,1050.71,5954.01,2702.63
102413,20250430,135,8,6,2,7,8152.69,57068.83,5706.88,51361.95,22734.71
102414,20230219,273,3,25,4,16,1648.77,26380.32,1319.02,25061.3,12310.95
102415,20250722,91,3,12,6,16,1648.77,26380.32,1319.02,25061.3,10076.35
102416,20250113,288,11,9,8,16,4866.69,77867.04,0.0,77867.04,29663.53
102417,20230308,167,3,20,7,3,1648.77,4946.31,247.32,4698.99,2373.48
102418,20250717,196,11,18,8,8,4866.69,38933.52,3893.35,35040.17,15014.68
102419,20240108,226,2,21,2,16,576.14,9218.24,0.0,9218.24,4069.24
102420,20240316,102,8,23,2,7,8152.69,57068.83,8560.32,48508.51,23336.44
102421,20240117,15,6,6,6,6,8457.66,50745.96,0.0,50745.96,27455.52
102422,20240314,211,3,4,10,14,1648.77,23082.78,2308.28,20774.5,10001.87
102423,20230604,156,4,18,5,18,4210.9,75796.2,0.0,75796.2,40122.06
102424,20241027,187,12,8,10,19,1192.37,22655.03,3398.25,19256.78,8820.24
102425,20241017,285,5,9,3,14,12606.96,176497.44,0.0,176497.44,87358.68
102426,20250806,253,4,6,6,13,4210.9,54741.7,0.0,54741.7,29471.82
102427,20241112,134,5,19,5,16,12606.96,201711.36,10085.57,191625.79,94855.91
102428,20240105,229,10,19,5,15,4677.47,70162.05,0.0,70162.05,32569.83
102429,20250620,36,3,2,10,11,1648.77,18136.47,0.0,18136.47,9616.22
102430,20250817,270,8,24,10,4,8152.69,32610.76,0.0,32610.76,16030.92
102431,20241031,71,10,18,4,17,4677.47,79516.99,0.0,79516.99,30204.36
102432,20230721,69,6,13,4,2,8457.66,16915.32,845.77,16069.55,6181.2
102433,20230402,136,9,16,3,20,2112.21,42244.2,4224.42,38019.78,18523.35
102434,20250811,266,9,17,1,19,2112.21,40131.99,2006.6,38125.39,18556.37
102435,20250201,264,6,6,6,8,8457.66,67661.28,3383.06,64278.22,27566.95
102436,20230505,21,4,1,9,9,4210.9,37898.1,7579.62,30318.48,12044.24
102437,20250305,42,10,19,6,11,4677.47,51452.17,0.0,51452.17,18691.63
102438,20231130,108,12,19,8,3,1192.37,3577.11,0.0,3577.11,1358.74
102439,20231209,179,11,1,5,3,4866.69,14600.07,0.0,14600.07,6505.7
102440,20251113,99,1,20,4,7,7004.72,49033.04,7354.96,41678.08,19393.22
102441,20250820,43,4,22,1,19,4210.9,80007.1,4000.36,76006.74,35855.38
102442,20230824,75,7,2,1,5,11044.9,55224.5,5522.45,49702.05,18544.43
102443,20231119,61,11,23,7,15,4866.69,73000.35,3650.02,69350.33,34712.06
102444,20231013,28,2,20,4,3,576.14,1728.42,0.0,1728.42,737.2
102445,20230803,67,3,2,1,4,1648.77,6595.08,329.75,6265.33,2232.86
102446,20231006,176,11,24,10,17,4866.69,82733.73,8273.37,74460.36,39946.53
102447,20240210,110,1,10,5,19,7004.72,133089.68,0.0,133089.68,56703.75
102448,20240302,275,1,22,6,6,7004.72,42028.32,2101.42,39926.9,20976.58
102449,20240909,267,2,5,1,10,576.14,5761.4,0.0,5761.4,2120.31
102450,20230216,286,11,13,10,17,4866.69,82733.73,0.0,82733.73,34535.63
102451,20230118,296,11,11,8,5,4866.69,24333.45,0.0,24333.45,9912.05
102452,20230921,9,10,7,9,12,4677.47,56129.64,11225.93,44903.71,18859.34
102453,20250218,34,12,24,6,1,1192.37,1192.37,119.24,1073.13,421.66
102454,20241208,66,12,19,3,16,1192.37,19077.92,1907.79,17170.13,8675.6
102455,20240413,233,2,5,7,9,576.14,5185.26,0.0,5185.26,2784.66
102456,20241030,277,6,13,5,10,8457.66,84576.6,8457.66,76118.94,28625.8
102457,20230225,133,2,24,7,5,576.14,2880.7,0.0,2880.7,1578.68
102458,20230421,217,2,12,3,20,576.14,11522.8,0.0,11522.8,4564.89
102459,20251010,143,1,6,10,20,7004.72,140094.4,7004.72,133089.68,58376.18
102460,20230624,221,7,19,1,1,11044.9,11044.9,552.25,10492.65,3945.21
102461,20240730,272,11,4,6,11,4866.69,53533.59,0.0,53533.59,28939.34
102462,20231121,4,4,23,3,10,4210.9,42109.0,0.0,42109.0,15232.07
102463,20230204,186,7,16,4,19,11044.9,209853.1,31477.97,178375.13,85257.56
102464,20250124,217,5,20,3,3,12606.96,37820.88,0.0,37820.88,17701.1
102465,20241213,191,5,14,10,6,12606.96,75641.76,11346.26,64295.5,25734.68
102466,20230806,71,5,15,4,14,12606.96,176497.44,0.0,176497.44,63331.64
102467,20230502,61,9,4,7,2,2112.21,4224.42,0.0,4224.42,2159.61
102468,20250424,284,4,4,9,15,4210.9,63163.5,0.0,63163.5,31751.59
102469,20230704,251,3,14,4,17,1648.77,28029.09,0.0,28029.09,9883.78
102470,20230719,188,8,4,1,5,8152.69,40763.45,2038.17,38725.28,20279.91
102471,20230810,176,12,2,10,15,1192.37,17885.55,0.0,17885.55,8078.41
102472,20250416,232,2,8,6,2,576.14,1152.28,57.61,1094.67,433.31
102473,20230613,25,5,12,7,17,12606.96,214318.32,42863.66,171454.66,76881.41
102474,20240213,206,3,4,3,7,1648.77,11541.39,0.0,11541.39,5343.97
102475,20240108,179,9,17,5,12,2112.21,25346.52,1267.33,24079.19,11815.21
102476,20240603,255,1,7,3,4,7004.72,28018.88,1400.94,26617.94,11093.09
102477,20240215,207,3,15,7,9,1648.77,14838.93,1483.89,13355.04,7050.49
102478,20250613,77,2,12,4,19,576.14,10946.66,0.0,10946.66,4357.97
102479,20231011,244,1,2,10,2,7004.72,14009.44,2801.89,11207.55,4825.94
102480,20250521,52,5,11,3,19,12606.96,239532.24,0.0,239532.24,87084.88
102481,20230827,26,8,19,5,16,8152.69,130443.04,13044.3,117398.74,44008.64
102482,20240531,20,1,24,6,9,7004.72,63042.48,3152.12,59890.36,27476.24
102483,20230520,289,12,23,8,9,1192.37,10731.33,536.57,10194.76,4210.53
102484,20230515,163,3,2,2,9,1648.77,14838.93,741.95,14096.98,6348.82
102485,20240901,255,7,20,3,17,11044.9,187763.3,37552.66,150210.64,71767.09
102486,20230514,102,8,19,2,15,8152.69,122290.35,12229.04,110061.31,56432.07
102487,20250221,285,12,10,3,4,1192.37,4769.48,238.47,4531.01,1932.03
102488,20230723,77,4,16,4,10,4210.9,42109.0,8421.8,33687.2,15058.32
102489,20240629,128,4,6,8,11,4210.9,46319.9,2316.0,44003.9,17257.76
102490,20251121,149,10,19,10,4,4677.47,18709.88,3741.98,14967.9,6574.11
102491,20230131,35,12,9,5,6,1192.37,7154.22,1073.13,6081.09,3159.88
102492,20231013,14,4,15,4,2,4210.9,8421.8,421.09,8000.71,4112.07
102493,20231218,55,2,14,4,2,576.14,1152.28,115.23,1037.05,500.01
102494,20230226,133,2,18,7,3,576.14,1728.42,0.0,1728.42,841.51
102495,20251116,259,10,15,2,5,4677.47,23387.35,3508.1,19879.25,7289.72
102496,20250629,12,12,18,6,17,1192.37,20270.29,1013.51,19256.78,10454.82
102497,20251106,16,2,18,4,13,576.14,7489.82,1123.47,6366.35,2615.44
102498,20231011,83,2,15,5,12,576.14,6913.68,345.68,6568.0,3267.51
102499,20240422,293,8,17,2,12,8152.69,97832.28,4891.61,92940.67,32743.63
102500,20231220,32,1,9,4,18,7004.72,126084.96,0.0,126084.96,56090.35
102501,20250827,48,3,7,5,13,1648.77,21434.01,1071.7,20362.31,8346.74
102502,20250405,47,11,22,6,3,4866.69,14600.07,2190.01,12410.06,5611.58
102503,20251020,139,3,20,2,14,1648.77,23082.78,1154.14,21928.64,9888.44
102504,20250806,201,10,22,8,16,4677.47,74839.52,7483.95,67355.57,24248.35
102505,20230330,182,4,23,10,4,4210.9,16843.6,0.0,16843.6,8558.13
102506,20250517,58,6,14,3,2,8457.66,16915.32,845.77,16069.55,7397.93
102507,20240523,91,8,10,6,18,8152.69,146748.42,7337.42,139411.0,58087.18
102508,20250211,182,2,25,10,15,576.14,8642.1,432.11,8209.99,4283.96
102509,20250326,94,5,21,3,2,12606.96,25213.92,3782.09,21431.83,11471.29
102510,20240802,193,7,18,3,8,11044.9,88359.2,8835.92,79523.28,42712.85
102511,20250529,14,5,15,4,17,12606.96,214318.32,0.0,214318.32,77787.26
102512,20230124,79,9,11,8,4,2112.21,8448.84,0.0,8448.84,3227.13
102513,20241229,297,4,21,9,14,4210.9,58952.6,0.0,58952.6,27079.43
102514,20230101,258,10,25,6,8,4677.47,37419.76,0.0,37419.76,16091.47
102515,20251024,117,10,2,4,14,4677.47,65484.58,0.0,65484.58,26305.57
102516,20250909,78,9,15,8,20,2112.21,42244.2,2112.21,40131.99,17456.73
102517,20230510,46,5,3,1,7,12606.96,88248.72,17649.74,70598.98,26304.42
102518,20240523,184,11,25,9,20,4866.69,97333.8,4866.69,92467.11,35382.45
102519,20240223,209,2,8,9,7,576.14,4032.98,201.65,3831.33,1653.32
102520,20230101,175,3,8,9,2,1648.77,3297.54,494.63,2802.91,1161.09
102521,20251112,49,7,11,4,1,11044.9,11044.9,1656.73,9388.17,3962.4
102522,20240724,155,8,5,10,9,8152.69,73374.21,0.0,73374.21,27109.74
102523,20241013,17,4,23,8,10,4210.9,42109.0,0.0,42109.0,21371.98
102524,20250502,206,2,16,3,16,576.14,9218.24,1382.74,7835.5,4201.96
102525,20230514,265,3,23,8,9,1648.77,14838.93,741.95,14096.98,6550.12
102526,20230327,280,9,24,6,1,2112.21,2112.21,316.83,1795.38,794.18
102527,20231025,50,5,3,7,15,12606.96,189104.4,0.0,189104.4,85738.86
102528,20230803,116,6,20,4,6,8457.66,50745.96,7611.89,43134.07,20502.4
102529,20240626,280,7,20,6,18,11044.9,198808.2,9940.41,188867.79,100671.75
102530,20250321,282,8,10,4,17,8152.69,138595.73,0.0,138595.73,57166.59
102531,20230704,168,6,19,10,9,8457.66,76118.94,15223.79,60895.15,31100.12
102532,20230411,57,2,20,9,5,576.14,2880.7,288.07,2592.63,1259.77
102533,20230430,245,6,8,7,13,8457.66,109949.58,16492.44,93457.14,33541.55
102534,20230821,37,8,3,3,14,8152.69,114137.66,11413.77,102723.89,37224.41
102535,20250319,107,7,11,6,8,11044.9,88359.2,4417.96,83941.24,41288.29
102536,20230915,52,9,19,3,9,2112.21,19009.89,0.0,19009.89,8932.72
102537,20250215,249,1,2,3,1,7004.72,7004.72,350.24,6654.48,3195.92
102538,20240908,70,5,17,9,19,12606.96,239532.24,0.0,239532.24,86085.89
102539,20250209,193,11,9,3,18,4866.69,87600.42,4380.02,83220.4,36306.4
102540,20250420,26,6,14,5,9,8457.66,76118.94,0.0,76118.94,39128.05
102541,20240928,162,7,12,3,16,11044.9,176718.4,17671.84,159046.56,66478.81
102542,20230301,293,8,10,2,11,8152.69,89679.59,17935.92,71743.67,27869.37
102543,20251103,15,7,5,6,8,11044.9,88359.2,13253.88,75105.32,31837.59
102544,20250408,196,3,21,8,6,1648.77,9892.62,989.26,8903.36,3715.39
102545,20240815,28,2,13,4,11,576.14,6337.54,316.88,6020.66,2525.09
102546,20230420,5,12,22,10,14,1192.37,16693.18,0.0,16693.18,6466.06
102547,20231225,78,5,6,8,15,12606.96,189104.4,9455.22,179649.18,94544.13
102548,20250828,160,7,5,3,11,11044.9,121493.9,6074.69,115419.21,49402.73
102549,20230801,41,3,9,9,4,1648.77,6595.08,0.0,6595.08,3509.53
102550,20251027,129,9,17,8,13,2112.21,27458.73,5491.75,21966.98,7715.33
102551,20230131,56,8,19,2,17,8152.69,138595.73,27719.15,110876.58,49477.57
102552,20251009,287,3,7,4,3,1648.77,4946.31,0.0,4946.31,2320.34
102553,20250103,228,1,9,7,15,7004.72,105070.8,0.0,105070.8,51868.8
102554,20240622,85,11,14,4,3,4866.69,14600.07,0.0,14600.07,5433.88
102555,20231204,28,4,17,4,9,4210.9,37898.1,0.0,37898.1,19022.74
102556,20250907,176,4,14,10,12,4210.9,50530.8,5053.08,45477.72,22552.37
102557,20251226,25,8,18,7,12,8152.69,97832.28,19566.46,78265.82,37341.53
102558,20250124,136,9,6,3,10,2112.21,21122.1,0.0,21122.1,10230.49
102559,20240421,258,6,9,6,12,8457.66,101491.92,10149.19,91342.73,49872.19
102560,20240703,25,1,22,7,14,7004.72,98066.08,0.0,98066.08,47127.05
102561,20240807,240,6,24,3,5,8457.66,42288.3,6343.24,35945.06,18659.15
102562,20230607,58,3,7,3,5,1648.77,8243.85,1236.58,7007.27,3832.59
102563,20240807,276,10,25,6,16,4677.47,74839.52,7483.95,67355.57,31937.18
102564,20230623,231,8,25,3,13,8152.69,105984.97,10598.5,95386.47,38019.07
102565,20240824,86,8,6,7,1,8152.69,8152.69,0.0,8152.69,4211.03
102566,20250216,87,2,16,10,12,576.14,6913.68,691.37,6222.31,2993.0
102567,20230505,35,10,13,5,8,4677.47,37419.76,3741.98,33677.78,13504.32
102568,20240203,17,7,20,8,8,11044.9,88359.2,0.0,88359.2,40562.5
102569,20231024,137,10,8,7,11,4677.47,51452.17,5145.22,46306.95,24367.61
102570,20230125,19,12,21,1,4,1192.37,4769.48,238.47,4531.01,2233.93
102571,20250322,226,8,17,2,10,8152.69,81526.9,4076.34,77450.56,28144.93
102572,20250520,177,3,9,2,9,1648.77,14838.93,0.0,14838.93,7182.12
102573,20250106,134,5,14,5,2,12606.96,25213.92,2521.39,22692.53,8896.68
102574,20251231,186,12,3,4,16,1192.37,19077.92,953.9,18124.02,7131.59
102575,20230808,8,11,22,10,11,4866.69,53533.59,0.0,53533.59,25115.35
102576,20231029,275,8,17,6,17,8152.69,138595.73,13859.57,124736.16,65464.87
102577,20250301,291,10,14,9,19,4677.47,88871.93,4443.6,84428.33,42660.14
102578,20230505,157,6,16,8,19,8457.66,160695.54,16069.55,144625.99,74844.25
102579,20230803,141,8,22,4,5,8152.69,40763.45,0.0,40763.45,16163.13
102580,20230703,277,12,13,5,9,1192.37,10731.33,0.0,10731.33,4039.7
102581,20240222,286,11,8,10,19,4866.69,92467.11,4623.36,87843.75,39906.77
102582,20240502,291,2,5,9,4,576.14,2304.56,460.91,1843.65,888.47
102583,20251020,16,7,6,4,19,11044.9,209853.1,0.0,209853.1,80684.42
102584,20251120,26,12,19,5,18,1192.37,21462.66,3219.4,18243.26,6997.32
102585,20230906,23,2,1,9,6,576.14,3456.84,0.0,3456.84,1824.5
102586,20230203,33,12,17,10,13,1192.37,15500.81,775.04,14725.77,6271.42
102587,20230403,16,9,21,4,20,2112.21,42244.2,4224.42,38019.78,17550.75
102588,20250911,198,2,1,7,18,576.14,10370.52,0.0,10370.52,4242.52
102589,20250202,197,2,10,2,2,576.14,1152.28,172.84,979.44,388.88
102590,20240815,164,11,8,9,3,4866.69,14600.07,730.0,13870.07,6949.23
102591,20250915,142,7,25,1,18,11044.9,198808.2,9940.41,188867.79,73469.09
102592,20240925,210,10,11,4,4,4677.47,18709.88,0.0,18709.88,7291.45
102593,20230204,235,7,6,8,1,11044.9,11044.9,0.0,11044.9,5667.32
102594,20241105,195,8,3,9,11,8152.69,89679.59,0.0,89679.59,43746.27
102595,20250611,222,11,13,8,14,4866.69,68133.66,0.0,68133.66,24852.78
102596,20250315,190,5,3,4,3,12606.96,37820.88,3782.09,34038.79,17984.8
102597,20240405,145,1,15,8,18,7004.72,126084.96,0.0,126084.96,54186.86
102598,20240704,241,1,17,1,20,7004.72,140094.4,0.0,140094.4,70691.79
102599,20240203,221,7,18,1,7,11044.9,77314.3,0.0,77314.3,29237.59
102600,20251230,291,10,20,9,13,4677.47,60807.11,0.0,60807.11,28663.66
102601,20230201,271,4,18,3,14,4210.9,58952.6,2947.63,56004.97,25426.69
102602,20230831,242,9,22,8,16,2112.21,33795.36,3379.54,30415.82,11087.47
102603,20230304,190,10,14,4,6,4677.47,28064.82,0.0,28064.82,14559.43
102604,20250719,194,1,23,4,20,7004.72,140094.4,0.0,140094.4,49657.22
102605,20230628,68,7,23,10,12,11044.9,132538.8,6626.94,125911.86,68329.65
102606,20251205,296,9,6,8,13,2112.21,27458.73,0.0,27458.73,14980.26
102607,20230112,293,6,5,2,3,8457.66,25372.98,2537.3,22835.68,9642.17
102608,20251111,161,2,15,7,16,576.14,9218.24,460.91,8757.33,4301.72
102609,20231010,250,5,13,8,20,12606.96,252139.2,0.0,252139.2,92012.06
102610,20231024,144,2,20,5,19,576.14,10946.66,547.33,10399.33,3926.31
102611,20240629,91,3,5,6,20,1648.77,32975.4,4946.31,28029.09,11684.02
102612,20230602,231,1,23,3,9,7004.72,63042.48,6304.25,56738.23,24016.63
102613,20230928,54,9,12,8,10,2112.21,21122.1,0.0,21122.1,10913.53
102614,20230403,164,7,25,9,17,11044.9,187763.3,0.0,187763.3,97446.22
102615,20231017,65,6,16,5,1,8457.66,8457.66,845.77,7611.89,2691.66
102616,20230412,33,11,13,10,8,4866.69,38933.52,5840.03,33093.49,17529.47
102617,20250419,141,1,15,4,6,7004.72,42028.32,0.0,42028.32,15853.19
102618,20250820,91,9,6,6,18,2112.21,38019.78,1900.99,36118.79,19052.11
102619,20240727,3,1,3,3,16,7004.72,112075.52,5603.78,106471.74,57395.08
102620,20251124,94,3,23,3,9,1648.77,14838.93,1483.89,13355.04,5316.3
102621,20231007,215,2,13,5,18,576.14,10370.52,1555.58,8814.94,4486.52
102622,20250203,4,8,3,3,2,8152.69,16305.38,1630.54,14674.84,7903.78
102623,20230501,47,2,19,6,12,576.14,6913.68,1382.74,5530.94,2611.07
102624,20250807,56,11,3,2,11,4866.69,53533.59,0.0,53533.59,19602.62
102625,20230331,186,4,15,4,2,4210.9,8421.8,842.18,7579.62,2859.28
102626,20230331,17,8,3,8,14,8152.69,114137.66,5706.88,108430.78,52707.89
102627,20230110,248,5,23,10,3,12606.96,37820.88,5673.13,32147.75,14942.29
102628,20241001,288,12,11,8,10,1192.37,11923.7,0.0,11923.7,5713.5
102629,20251204,240,7,19,3,18,11044.9,198808.2,9940.41,188867.79,98785.58
102630,20250424,177,3,20,2,9,1648.77,14838.93,0.0,14838.93,6595.07
102631,20230825,212,12,3,10,20,1192.37,23847.4,2384.74,21462.66,9721.17
102632,20231017,243,4,10,10,18,4210.9,75796.2,0.0,75796.2,40197.7
102633,20230525,19,5,11,1,2,12606.96,25213.92,0.0,25213.92,12731.43
102634,20250405,114,11,6,6,3,4866.69,14600.07,730.0,13870.07,5677.77
102635,20250107,225,5,17,9,8,12606.96,100855.68,0.0,100855.68,53824.58
102636,20250511,272,1,13,6,9,7004.72,63042.48,12608.5,50433.98,22043.9
102637,20250529,230,4,19,2,18,4210.9,75796.2,0.0,75796.2,37409.18
102638,20240529,154,9,17,9,7,2112.21,14785.47,739.27,14046.2,7634.6
102639,20241013,117,7,21,4,10,11044.9,110449.0,5522.45,104926.55,39618.16
102640,20230408,170,6,2,3,15,8457.66,126864.9,12686.49,114178.41,61131.39
102641,20230413,202,6,15,4,20,8457.66,169153.2,0.0,169153.2,61912.16
102642,20250324,82,4,19,8,6,4210.9,25265.4,2526.54,22738.86,8002.87
102643,20230311,277,6,25,5,11,8457.66,93034.26,0.0,93034.26,41742.32
102644,20240925,15,11,20,6,4,4866.69,19466.76,2920.01,16546.75,6121.4
102645,20230620,52,8,25,3,17,8152.69,138595.73,20789.36,117806.37,43464.77
102646,20230209,73,6,10,2,15,8457.66,126864.9,12686.49,114178.41,41195.19
102647,20231229,87,11,1,10,13,4866.69,63266.97,6326.7,56940.27,24153.48
102648,20240423,162,5,23,3,3,12606.96,37820.88,3782.09,34038.79,18709.15
102649,20230619,70,3,15,9,11,1648.77,18136.47,1813.65,16322.82,8651.41
102650,20250101,31,1,6,2,14,7004.72,98066.08,9806.61,88259.47,43240.72
102651,20230414,41,6,4,9,11,8457.66,93034.26,0.0,93034.26,45949.14
102652,20240110,178,11,22,5,19,4866.69,92467.11,0.0,92467.11,44083.08
102653,20241126,17,8,10,8,2,8152.69,16305.38,3261.08,13044.3,5849.88
102654,20250626,98,3,15,4,20,1648.77,32975.4,1648.77,31326.63,16795.77
102655,20250119,15,4,22,6,3,4210.9,12632.7,0.0,12632.7,6903.94
102656,20240812,111,5,25,7,1,12606.96,12606.96,0.0,12606.96,6674.79
102657,20230831,2,5,12,5,5,12606.96,63034.8,9455.22,53579.58,28164.5
102658,20250527,24,9,20,4,10,2112.21,21122.1,0.0,21122.1,9685.59
102659,20230712,114,11,11,6,20,4866.69,97333.8,4866.69,92467.11,35586.2
102660,20250105,178,4,12,5,19,4210.9,80007.1,0.0,80007.1,28733.82
102661,20250305,37,1,2,3,14,7004.72,98066.08,19613.22,78452.86,36392.63
102662,20230127,10,7,19,3,14,11044.9,154628.6,23194.29,131434.31,69892.38
102663,20230501,38,9,13,5,15,2112.21,31683.15,1584.16,30098.99,10800.05
102664,20240509,246,9,9,9,5,2112.21,10561.05,1056.11,9504.94,5144.87
102665,20240201,292,5,10,5,19,12606.96,239532.24,23953.22,215579.02,117988.57
102666,20240405,11,1,13,9,16,7004.72,112075.52,5603.78,106471.74,53422.47
102667,20231118,172,6,1,1,7,8457.66,59203.62,0.0,59203.62,24841.11
102668,20230123,38,8,7,5,13,8152.69,105984.97,0.0,105984.97,39850.52
102669,20250312,95,5,4,6,15,12606.96,189104.4,9455.22,179649.18,69480.05
102670,20230506,96,11,19,5,5,4866.69,24333.45,0.0,24333.45,9593.81
102671,20241108,49,2,1,4,2,576.14,1152.28,57.61,1094.67,523.94
102672,20250513,24,6,8,4,1,8457.66,8457.66,422.88,8034.78,4353.36
102673,20250427,262,5,8,2,1,12606.96,12606.96,0.0,12606.96,6688.88
102674,20230701,197,7,15,2,8,11044.9,88359.2,8835.92,79523.28,37634.65
102675,20230114,145,11,11,8,15,4866.69,73000.35,0.0,73000.35,38346.46
102676,20250712,166,10,6,9,3,4677.47,14032.41,0.0,14032.41,6979.57
102677,20250517,160,3,13,3,2,1648.77,3297.54,0.0,3297.54,1710.21
102678,20250508,92,1,23,8,5,7004.72,35023.6,1751.18,33272.42,13999.19
102679,20240118,40,5,15,2,15,12606.96,189104.4,28365.66,160738.74,78598.13
102680,20230916,1,8,4,9,3,8152.69,24458.07,2445.81,22012.26,11410.51
102681,20240407,282,1,6,4,7,7004.72,49033.04,2451.65,46581.39,25223.22
102682,20230722,88,2,12,6,17,576.14,9794.38,979.44,8814.94,4005.96
102683,20250928,3,11,12,3,19,4866.69,92467.11,0.0,92467.11,34331.48
102684,20230818,258,7,7,6,18,11044.9,198808.2,0.0,198808.2,91461.24
102685,20230617,161,10,24,7,15,4677.47,70162.05,7016.21,63145.84,28042.38
102686,20230712,196,9,17,8,2,2112.21,4224.42,422.44,3801.98,1901.3
102687,20241126,122,8,18,9,20,8152.69,163053.8,24458.07,138595.73,50370.37
102688,20250207,80,9,19,8,16,2112.21,33795.36,5069.3,28726.06,14671.58
102689,20240719,170,5,2,3,4,12606.96,50427.84,10085.57,40342.27,15234.07
102690,20250903,84,1,2,2,6,7004.72,42028.32,2101.42,39926.9,18885.76
102691,20230919,118,3,22,2,5,1648.77,8243.85,0.0,8243.85,3031.56
102692,20240724,250,5,21,8,7,12606.96,88248.72,8824.87,79423.85,42484.69
102693,20251210,57,2,14,9,12,576.14,6913.68,345.68,6568.0,3232.17
102694,20230121,65,12,21,5,1,1192.37,1192.37,0.0,1192.37,568.53
102695,20230414,142,12,23,1,5,1192.37,5961.85,0.0,5961.85,2243.09
102696,20250617,255,6,5,3,4,8457.66,33830.64,0.0,33830.64,16697.8
102697,20230326,67,9,3,1,14,2112.21,29570.94,0.0,29570.94,10628.0
102698,20240603,203,4,1,7,2,4210.9,8421.8,0.0,8421.8,4283.41
102699,20240417,226,8,15,2,12,8152.69,97832.28,0.0,97832.28,45679.11
102700,20240404,68,2,22,10,1,576.14,576.14,57.61,518.53,284.22
102701,20230703,213,11,22,4,3,4866.69,14600.07,730.0,13870.07,5903.43
102702,20230325,82,10,24,8,17,4677.47,79516.99,0.0,79516.99,42845.54
102703,20230301,135,4,24,2,18,4210.9,75796.2,7579.62,68216.58,24788.28
102704,20250303,201,3,5,8,19,1648.77,31326.63,0.0,31326.63,16406.6
102705,20230831,215,8,1,5,17,8152.69,138595.73,0.0,138595.73,59758.68
102706,20250124,214,7,15,1,2,11044.9,22089.8,0.0,22089.8,10825.88
102707,20231110,44,10,17,1,13,4677.47,60807.11,0.0,60807.11,22017.58
102708,20240810,131,5,21,10,2,12606.96,25213.92,1260.7,23953.22,10450.72
102709,20240207,157,10,25,8,7,4677.47,32742.29,3274.23,29468.06,13658.76
102710,20241205,5,5,21,10,20,12606.96,252139.2,0.0,252139.2,111123.56
102711,20230923,87,7,5,10,14,11044.9,154628.6,23194.29,131434.31,49089.96
102712,20240828,76,5,7,3,14,12606.96,176497.44,17649.74,158847.7,84813.08
102713,20241204,285,12,11,3,9,1192.37,10731.33,1073.13,9658.2,3576.26
102714,20251120,263,11,2,10,18,4866.69,87600.42,8760.04,78840.38,42560.3
102715,20230720,209,3,21,9,8,1648.77,13190.16,1319.02,11871.14,6309.37
102716,20230623,293,11,13,2,9,4866.69,43800.21,0.0,43800.21,20233.12
102717,20240505,69,12,10,4,15,1192.37,17885.55,3577.11,14308.44,5542.11
102718,20250118,30,6,18,9,8,8457.66,67661.28,0.0,67661.28,27209.88
102719,20240219,18,12,8,7,3,1192.37,3577.11,0.0,3577.11,1848.98
102720,20251219,256,7,1,2,12,11044.9,132538.8,26507.76,106031.04,42774.54
102721,20250814,200,12,19,5,9,1192.37,10731.33,536.57,10194.76,5191.31
102722,20250402,138,12,25,4,11,1192.37,13116.07,1967.41,11148.66,4705.83
102723,20240506,224,6,19,10,16,8457.66,135322.56,27064.51,108258.05,43754.75
102724,20250302,258,7,3,6,14,11044.9,154628.6,0.0,154628.6,62790.26
102725,20230611,91,6,10,6,12,8457.66,101491.92,0.0,101491.92,49685.19
102726,20230117,294,6,20,2,10,8457.66,84576.6,4228.83,80347.77,41214.64
102727,20240115,205,10,5,7,11,4677.47,51452.17,5145.22,46306.95,19645.41
102728,20250219,204,5,15,8,6,12606.96,75641.76,0.0,75641.76,40432.61
102729,20230128,233,5,5,7,8,12606.96,100855.68,0.0,100855.68,49770.35
102730,20230901,137,3,13,7,4,1648.77,6595.08,989.26,5605.82,2282.59
102731,20240626,279,10,7,7,8,4677.47,37419.76,3741.98,33677.78,12847.49
102732,20250430,60,5,25,2,11,12606.96,138676.56,20801.48,117875.08,46289.33
102733,20230425,232,10,14,6,8,4677.47,37419.76,3741.98,33677.78,14871.42
102734,20230802,10,1,18,3,4,7004.72,28018.88,1400.94,26617.94,12142.2
102735,20241230,86,3,4,7,3,1648.77,4946.31,0.0,4946.31,2274.3
102736,20230709,286,5,11,10,6,12606.96,75641.76,0.0,75641.76,38813.99
102737,20240726,91,7,17,6,15,11044.9,165673.5,0.0,165673.5,85956.1
102738,20251017,25,2,16,7,7,576.14,4032.98,201.65,3831.33,1466.33
102739,20230221,271,7,11,3,5,11044.9,55224.5,0.0,55224.5,24240.35
102740,20250716,68,10,14,10,13,4677.47,60807.11,6080.71,54726.4,23606.1
102741,20240204,240,1,4,3,9,7004.72,63042.48,9456.37,53586.11,25675.31
102742,20230406,183,3,15,5,18,1648.77,29677.86,0.0,29677.86,15892.92
102743,20250122,167,11,17,7,2,4866.69,9733.38,0.0,9733.38,5199.13
102744,20250917,92,12,5,8,3,1192.37,3577.11,0.0,3577.11,1480.77
102745,20240204,62,7,1,4,20,11044.9,220898.0,0.0,220898.0,120065.11
102746,20230910,112,7,17,4,3,11044.9,33134.7,1656.73,31477.97,12052.78
102747,20230313,102,2,7,2,13,576.14,7489.82,374.49,7115.33,2989.95
102748,20231112,266,7,6,1,1,11044.9,11044.9,552.25,10492.65,4063.78
102749,20250919,127,6,5,8,12,8457.66,101491.92,20298.38,81193.54,34137.81
102750,20240312,121,3,6,4,5,1648.77,8243.85,412.19,7831.66,3948.5
102751,20250625,117,12,20,4,7,1192.37,8346.59,1251.99,7094.6,3339.27
102752,20231223,1,5,12,9,16,12606.96,201711.36,20171.14,181540.22,93613.23
102753,20240330,182,4,5,10,8,4210.9,33687.2,1684.36,32002.84,11758.53
102754,20241217,18,8,13,7,3,8152.69,24458.07,3668.71,20789.36,9568.21
102755,20250729,24,9,6,4,13,2112.21,27458.73,1372.94,26085.79,13240.69
102756,20230905,259,3,7,2,13,1648.77,21434.01,0.0,21434.01,7562.6
102757,20230913,80,7,4,8,12,11044.9,132538.8,6626.94,125911.86,68046.55
102758,20240331,286,11,18,10,6,4866.69,29200.14,2920.01,26280.13,14263.05
102759,20251006,223,12,25,10,9,1192.37,10731.33,536.57,10194.76,4094.77
102760,20250404,245,4,11,7,15,4210.9,63163.5,6316.35,56847.15,21386.17
102761,20240305,111,12,5,7,5,1192.37,5961.85,1192.37,4769.48,2546.56
102762,20251107,9,11,4,9,20,4866.69,97333.8,0.0,97333.8,53477.88
102763,20241209,287,11,24,4,19,4866.69,92467.11,0.0,92467.11,47448.33
102764,20240113,92,12,12,8,13,1192.37,15500.81,0.0,15500.81,5992.74
102765,20241122,109,6,21,8,2,8457.66,16915.32,2537.3,14378.02,5728.9
102766,20250907,126,2,21,1,4,576.14,2304.56,115.23,2189.33,885.17
102767,20251004,142,2,8,1,1,576.14,576.14,28.81,547.33,226.08
102768,20240916,63,11,18,10,11,4866.69,53533.59,0.0,53533.59,28249.45
102769,20230527,113,7,6,8,13,11044.9,143583.7,14358.37,129225.33,58376.72
102770,20240810,205,4,19,7,16,4210.9,67374.4,6737.44,60636.96,25905.52
102771,20241004,142,8,2,1,12,8152.69,97832.28,0.0,97832.28,45368.29
102772,20231223,35,6,3,5,14,8457.66,118407.24,23681.45,94725.79,38225.04
102773,20230608,290,11,11,8,11,4866.69,53533.59,2676.68,50856.91,17971.89
102774,20230707,296,12,13,8,19,1192.37,22655.03,4531.01,18124.02,8485.43
102775,20250712,281,8,12,7,6,8152.69,48916.14,0.0,48916.14,24980.77
102776,20231008,10,5,6,3,14,12606.96,176497.44,35299.49,141197.95,68245.59
102777,20230526,255,2,5,3,3,576.14,1728.42,0.0,1728.42,630.28
102778,20240218,293,4,25,2,14,4210.9,58952.6,8842.89,50109.71,23755.05
102779,20250805,273,10,21,4,15,4677.47,70162.05,3508.1,66653.95,30879.37
102780,20251207,243,4,3,10,6,4210.9,25265.4,1263.27,24002.13,12688.47
102781,20240418,41,10,25,9,6,4677.47,28064.82,0.0,28064.82,13482.53
102782,20230227,236,6,23,6,19,8457.66,160695.54,32139.11,128556.43,58744.25
102783,20250831,279,7,12,7,8,11044.9,88359.2,8835.92,79523.28,42719.42
102784,20240924,104,2,20,7,3,576.14,1728.42,86.42,1642.0,700.22
102785,20240924,97,1,17,8,19,7004.72,133089.68,6654.48,126435.2,48846.7
102786,20230913,75,1,6,1,4,7004.72,28018.88,1400.94,26617.94,11190.04
102787,20230218,179,8,13,5,9,8152.69,73374.21,14674.84,58699.37,27154.8
102788,20250723,146,8,1,6,2,8152.69,16305.38,0.0,16305.38,7079.36
102789,20250808,203,5,10,7,18,12606.96,226925.28,22692.53,204232.75,89260.27
102790,20250401,153,10,15,2,19,4677.47,88871.93,4443.6,84428.33,34776.19
102791,20230702,215,4,13,5,12,4210.9,50530.8,2526.54,48004.26,26312.17
102792,20240610,170,1,1,3,14,7004.72,98066.08,0.0,98066.08,40496.09
102793,20240327,241,4,2,1,19,4210.9,80007.1,8000.71,72006.39,39244.22
102794,20250523,96,8,15,5,3,8152.69,24458.07,0.0,24458.07,11666.45
102795,20250103,71,10,23,4,13,4677.47,60807.11,0.0,60807.11,23786.39
102796,20250129,239,12,1,5,6,1192.37,7154.22,0.0,7154.22,2661.54
102797,20251219,83,8,14,5,7,8152.69,57068.83,2853.44,54215.39,21521.02
102798,20230610,161,10,10,7,17,4677.47,79516.99,3975.85,75541.14,34893.83
102799,20241117,202,6,10,4,14,8457.66,118407.24,11840.72,106566.52,42584.27
102800,20241107,135,5,24,2,8,12606.96,100855.68,0.0,100855.68,40491.5
102801,20230530,157,10,4,8,13,4677.47,60807.11,3040.36,57766.75,27190.59
102802,20240515,125,12,9,3,9,1192.37,10731.33,536.57,10194.76,4149.45
102803,20240706,210,5,1,4,17,12606.96,214318.32,21431.83,192886.49,99790.66
102804,20231217,75,4,2,1,19,4210.9,80007.1,0.0,80007.1,34725.13
102805,20250903,112,10,22,4,18,4677.47,84194.46,4209.72,79984.74,42109.36
102806,20240706,52,4,6,3,4,4210.9,16843.6,3368.72,13474.88,7405.0
102807,20250701,67,1,23,1,6,7004.72,42028.32,0.0,42028.32,18734.02
102808,20230330,246,6,10,9,17,8457.66,143780.22,0.0,143780.22,58577.94
102809,20250425,190,6,16,4,19,8457.66,160695.54,0.0,160695.54,81239.5
102810,20230318,126,1,2,1,10,7004.72,70047.2,0.0,70047.2,30580.33
102811,20240915,196,2,5,8,20,576.14,11522.8,0.0,11522.8,4158.83
102812,20230226,73,12,12,2,4,1192.37,4769.48,0.0,4769.48,1778.82
102813,20250803,171,7,12,6,17,11044.9,187763.3,18776.33,168986.97,72380.71
102814,20241108,299,6,21,6,16,8457.66,135322.56,27064.51,108258.05,49915.13
102815,20250531,41,10,20,9,7,4677.47,32742.29,4911.34,27830.95,11194.12
102816,20250108,283,5,7,3,9,12606.96,113462.64,11346.26,102116.38,43839.56
102817,20240329,44,2,8,1,18,576.14,10370.52,518.53,9851.99,3542.89
102818,20240224,152,3,7,9,14,1648.77,23082.78,0.0,23082.78,11175.52
102819,20231005,18,4,7,7,10,4210.9,42109.0,2105.45,40003.55,15466.27
102820,20250412,107,11,4,6,1,4866.69,4866.69,0.0,4866.69,2348.94
102821,20250501,259,12,23,2,13,1192.37,15500.81,1550.08,13950.73,6390.19
102822,20230227,17,9,21,8,11,2112.21,23234.31,2323.43,20910.88,11071.0
102823,20240728,196,10,2,8,5,4677.47,23387.35,3508.1,19879.25,9557.22
102824,20250924,225,5,3,9,15,12606.96,189104.4,0.0,189104.4,103763.36
102825,20240910,107,6,2,6,5,8457.66,42288.3,0.0,42288.3,21515.77
102826,20250120,25,3,6,7,18,1648.77,29677.86,1483.89,28193.97,11448.62
102827,20250311,174,3,15,7,11,1648.77,18136.47,1813.65,16322.82,8174.11
102828,20231123,102,4,5,2,17,4210.9,71585.3,14317.06,57268.24,27186.48
102829,20240423,5,3,1,10,5,1648.77,8243.85,0.0,8243.85,3831.11
102830,20230809,111,4,1,7,8,4210.9,33687.2,0.0,33687.2,13119.61
102831,20250416,240,8,3,3,4,8152.69,32610.76,3261.08,29349.68,12783.41
102832,20250723,187,1,15,10,14,7004.72,98066.08,0.0,98066.08,43705.86
102833,20241212,162,4,24,3,2,4210.9,8421.8,0.0,8421.8,4028.58
102834,20240307,29,2,6,1,8,576.14,4609.12,460.91,4148.21,1913.26
102835,20240613,250,3,8,8,1,1648.77,1648.77,0.0,1648.77,813.42
102836,20230927,24,3,18,4,10,1648.77,16487.7,824.39,15663.31,8447.37
102837,20230203,47,8,23,6,6,8152.69,48916.14,9783.23,39132.91,18877.07
102838,20230929,150,1,12,6,2,7004.72,14009.44,700.47,13308.97,6996.99
102839,20250427,133,11,18,7,15,4866.69,73000.35,7300.04,65700.31,35589.09
102840,20250902,254,6,9,7,14,8457.66,118407.24,0.0,118407.24,60071.78
102841,20240110,136,1,13,3,12,7004.72,84056.64,4202.83,79853.81,31580.43
102842,20250621,79,11,16,8,5,4866.69,24333.45,0.0,24333.45,12761.48
102843,20230512,93,3,11,10,20,1648.77,32975.4,0.0,32975.4,17844.87
102844,20241203,198,7,25,7,18,11044.9,198808.2,0.0,198808.2,79711.05
102845,20251104,76,4,16,3,8,4210.9,33687.2,1684.36,32002.84,14090.02
102846,20230606,96,2,5,5,3,576.14,1728.42,0.0,1728.42,621.24
102847,20251223,235,9,2,8,8,2112.21,16897.68,1689.77,15207.91,8311.18
102848,20250501,26,11,3,5,15,4866.69,73000.35,10950.05,62050.3,32426.91
102849,20250919,150,12,2,6,8,1192.37,9538.96,476.95,9062.01,3810.61
102850,20240530,182,3,20,10,11,1648.77,18136.47,1813.65,16322.82,8642.61
102851,20230813,253,2,6,6,6,576.14,3456.84,0.0,3456.84,1550.21
102852,20250305,131,4,8,10,18,4210.9,75796.2,3789.81,72006.39,27557.56
102853,20250108,149,3,5,10,4,1648.77,6595.08,0.0,6595.08,2805.39
102854,20241018,134,10,21,5,13,4677.47,60807.11,6080.71,54726.4,21259.65
102855,20240204,1,12,18,9,7,1192.37,8346.59,0.0,8346.59,3405.24
102856,20240910,227,1,10,7,17,7004.72,119080.24,11908.02,107172.22,48208.12
102857,20241108,7,5,15,2,1,12606.96,12606.96,1260.7,11346.26,3994.62
102858,20250205,194,9,22,4,12,2112.21,25346.52,0.0,25346.52,12754.82
102859,20241003,98,11,15,4,16,4866.69,77867.04,0.0,77867.04,38185.85
102860,20240108,204,7,21,8,7,11044.9,77314.3,0.0,77314.3,40630.96
102861,20241010,213,4,9,4,6,4210.9,25265.4,1263.27,24002.13,10791.4
102862,20241015,88,3,12,6,19,1648.77,31326.63,0.0,31326.63,13585.49
102863,20250328,179,9,3,5,5,2112.21,10561.05,1056.11,9504.94,3581.12
102864,20250125,294,12,6,2,5,1192.37,5961.85,298.09,5663.76,2114.88
102865,20241022,211,4,2,10,5,4210.9,21054.5,1052.73,20001.77,8263.95
102866,20250403,120,7,8,9,15,11044.9,165673.5,16567.35,149106.15,76412.85
102867,20250416,89,10,24,7,10,4677.47,46774.7,4677.47,42097.23,22765.81
102868,20230329,221,7,3,1,11,11044.9,121493.9,12149.39,109344.51,51905.89
102869,20230225,283,6,4,3,7,8457.66,59203.62,0.0,59203.62,21987.86
102870,20230324,23,5,19,9,18,12606.96,226925.28,34038.79,192886.49,76168.93
102871,20231118,33,11,3,10,6,4866.69,29200.14,4380.02,24820.12,9155.45
102872,20231221,40,6,24,2,10,8457.66,84576.6,4228.83,80347.77,42772.28
102873,20230819,191,9,5,10,14,2112.21,29570.94,1478.55,28092.39,12842.64
102874,20250402,153,1,4,2,19,7004.72,133089.68,0.0,133089.68,55277.91
102875,20230430,200,5,10,5,5,12606.96,63034.8,6303.48,56731.32,27500.16
102876,20230329,199,3,19,7,17,1648.77,28029.09,4204.36,23824.73,10710.78
102877,20251210,246,4,11,9,17,4210.9,71585.3,0.0,71585.3,35602.93
102878,20250305,206,5,13,3,10,12606.96,126069.6,12606.96,113462.64,42406.71
102879,20250610,67,4,10,1,6,4210.9,25265.4,0.0,25265.4,9554.92
102880,20250612,75,3,3,1,7,1648.77,11541.39,0.0,11541.39,4744.98
102881,20230511,24,5,6,4,20,12606.96,252139.2,0.0,252139.2,99189.45
102882,20230819,145,12,16,8,17,1192.37,20270.29,3040.54,17229.75,7988.92
102883,20230818,47,8,20,6,15,8152.69,122290.35,0.0,122290.35,61398.35
102884,20240722,295,12,17,3,4,1192.37,4769.48,476.95,4292.53,1943.39
102885,20240212,57,12,18,9,1,1192.37,1192.37,0.0,1192.37,626.04
102886,20250514,210,1,24,4,6,7004.72,42028.32,4202.83,37825.49,13710.89
102887,20241213,101,12,6,5,18,1192.37,21462.66,0.0,21462.66,9846.95
102888,20240122,50,1,11,7,2,7004.72,14009.44,0.0,14009.44,5406.13
102889,20240515,272,4,18,6,1,4210.9,4210.9,631.63,3579.27,1648.72
102890,20231128,214,10,6,1,19,4677.47,88871.93,8887.19,79984.74,28993.63
102891,20250712,204,9,23,8,14,2112.21,29570.94,0.0,29570.94,13054.91
102892,20250612,125,4,6,3,18,4210.9,75796.2,15159.24,60636.96,23730.99
102893,20251024,198,11,7,7,7,4866.69,34066.83,3406.68,30660.15,13229.91
102894,20230620,259,6,21,2,4,8457.66,33830.64,5074.6,28756.04,15605.76
102895,20250404,91,7,15,6,4,11044.9,44179.6,0.0,44179.6,20341.61
102896,20230811,1,2,7,9,5,576.14,2880.7,288.07,2592.63,1317.63
102897,20240216,116,12,20,4,5,1192.37,5961.85,0.0,5961.85,2731.2
102898,20251106,115,6,6,6,15,8457.66,126864.9,12686.49,114178.41,56594.19
102899,20230510,271,8,11,3,1,8152.69,8152.69,407.63,7745.06,4098.15
102900,20251006,198,2,21,7,2,576.14,1152.28,57.61,1094.67,520.88
102901,20250128,298,3,1,4,18,1648.77,29677.86,1483.89,28193.97,14696.39
102902,20240629,127,2,20,8,5,576.14,2880.7,144.03,2736.67,1201.18
102903,20250419,60,8,17,2,4,8152.69,32610.76,0.0,32610.76,15284.15
102904,20251228,127,9,23,8,10,2112.21,21122.1,0.0,21122.1,9494.29
102905,20230204,78,12,13,8,13,1192.37,15500.81,0.0,15500.81,8380.8
102906,20250328,274,7,25,3,6,11044.9,66269.4,3313.47,62955.93,26490.62
102907,20230712,71,6,15,4,7,8457.66,59203.62,0.0,59203.62,26727.24
102908,20231129,176,6,8,10,20,8457.66,169153.2,0.0,169153.2,73925.2
102909,20230119,228,12,10,7,5,1192.37,5961.85,298.09,5663.76,2670.84
102910,20250630,138,11,16,4,5,4866.69,24333.45,2433.35,21900.1,9469.63
102911,20240915,33,8,19,10,20,8152.69,163053.8,0.0,163053.8,57773.02
102912,20230108,284,10,15,9,10,4677.47,46774.7,4677.47,42097.23,18927.17
102913,20241221,293,5,13,2,9,12606.96,113462.64,0.0,113462.64,51263.76
102914,20251029,155,2,14,10,15,576.14,8642.1,0.0,8642.1,4474.7
102915,20251128,176,4,13,10,19,4210.9,80007.1,4000.36,76006.74,34707.99
102916,20250218,150,10,18,6,1,4677.47,4677.47,0.0,4677.47,1932.77
102917,20231208,264,7,1,6,11,11044.9,121493.9,24298.78,97195.12,36317.3
102918,20230306,84,7,5,2,15,11044.9,165673.5,0.0,165673.5,71246.72
102919,20230506,10,9,6,3,9,2112.21,19009.89,950.49,18059.4,7233.38
102920,20251201,54,4,1,8,18,4210.9,75796.2,11369.43,64426.77,29934.41
102921,20240125,22,6,16,4,10,8457.66,84576.6,8457.66,76118.94,34875.52
102922,20240430,243,5,24,10,4,12606.96,50427.84,2521.39,47906.45,20753.02
102923,20240429,8,3,15,10,12,1648.77,19785.24,2967.79,16817.45,6045.01
102924,20240311,24,11,12,4,13,4866.69,63266.97,6326.7,56940.27,24521.86
102925,20241229,105,1,12,4,13,7004.72,91061.36,0.0,91061.36,42033.16
102926,20240128,225,9,22,9,10,2112.21,21122.1,1056.11,20065.99,9308.54
102927,20251026,246,12,1,9,4,1192.37,4769.48,238.47,4531.01,1732.65
102928,20230313,16,2,21,4,7,576.14,4032.98,201.65,3831.33,2021.84
102929,20230909,25,4,9,7,10,4210.9,42109.0,0.0,42109.0,22898.28
102930,20230927,23,7,16,9,9,11044.9,99404.1,9940.41,89463.69,48394.35
102931,20250331,192,3,10,1,2,1648.77,3297.54,0.0,3297.54,1673.43
102932,20230916,60,6,12,2,20,8457.66,169153.2,8457.66,160695.54,84276.54
102933,20231008,162,7,25,3,6,11044.9,66269.4,0.0,66269.4,34527.79
102934,20230913,5,6,8,10,7,8457.66,59203.62,8880.54,50323.08,24130.08
102935,20240826,226,1,9,2,16,7004.72,112075.52,0.0,112075.52,59417.21
102936,20240913,278,5,22,2,11,12606.96,138676.56,0.0,138676.56,54717.26
102937,20250614,168,3,4,10,8,1648.77,13190.16,659.51,12530.65,5168.99
102938,20250928,42,3,10,6,11,1648.77,18136.47,1813.65,16322.82,6425.19
102939,20231207,29,1,24,1,8,7004.72,56037.76,0.0,56037.76,26992.4
102940,20230707,35,12,25,5,16,1192.37,19077.92,0.0,19077.92,9648.85
102941,20231021,238,8,6,9,14,8152.69,114137.66,11413.77,102723.89,46966.84
102942,20240519,178,9,11,5,11,2112.21,23234.31,1161.72,22072.59,8480.15
102943,20240917,88,11,12,6,5,4866.69,24333.45,2433.35,21900.1,9034.35
102944,20250411,60,9,11,2,16,2112.21,33795.36,0.0,33795.36,12396.36
102945,20230517,29,6,2,1,17,8457.66,143780.22,21567.03,122213.19,43927.42
102946,20240923,48,5,15,5,15,12606.96,189104.4,0.0,189104.4,84023.47
102947,20250119,110,6,25,5,5,8457.66,42288.3,0.0,42288.3,22191.59
102948,20240828,58,8,4,3,12,8152.69,97832.28,4891.61,92940.67,45584.2
102949,20250729,103,5,10,10,20,12606.96,252139.2,0.0,252139.2,105059.85
102950,20250927,262,9,1,2,8,2112.21,16897.68,0.0,16897.68,7704.84
102951,20250512,43,2,23,1,7,576.14,4032.98,0.0,4032.98,1931.24
102952,20240109,219,1,17,9,16,7004.72,112075.52,5603.78,106471.74,56209.08
102953,20230520,181,3,16,10,18,1648.77,29677.86,1483.89,28193.97,9922.26
102954,20250609,95,6,22,6,3,8457.66,25372.98,0.0,25372.98,9500.8
102955,20240918,210,6,22,4,7,8457.66,59203.62,8880.54,50323.08,24949.56
102956,20250915,263,1,4,10,17,7004.72,119080.24,5954.01,113126.23,42023.68
102957,20250520,245,4,10,7,9,4210.9,37898.1,5684.71,32213.39,14473.89
102958,20250908,227,12,13,7,6,1192.37,7154.22,357.71,6796.51,2919.09
102959,20230514,159,4,7,4,13,4210.9,54741.7,0.0,54741.7,25778.97
102960,20240610,193,11,14,3,9,4866.69,43800.21,8760.04,35040.17,14656.99
102961,20230301,19,2,2,1,18,576.14,10370.52,518.53,9851.99,4118.69
102962,20240411,296,1,18,8,8,7004.72,56037.76,5603.78,50433.98,24548.82
102963,20241128,84,2,23,2,3,576.14,1728.42,86.42,1642.0,709.21
102964,20251205,149,5,6,10,10,12606.96,126069.6,0.0,126069.6,62684.9
102965,20251119,265,5,20,8,20,12606.96,252139.2,25213.92,226925.28,105876.03
102966,20250616,88,9,12,6,16,2112.21,33795.36,0.0,33795.36,16627.17
102967,20241214,267,3,17,1,4,1648.77,6595.08,659.51,5935.57,2138.4
102968,20231021,37,8,24,3,19,8152.69,154901.11,7745.06,147156.05,67362.54
102969,20230601,71,5,17,4,18,12606.96,226925.28,0.0,226925.28,107037.74
102970,20250714,42,8,1,6,11,8152.69,89679.59,8967.96,80711.63,36790.31
102971,20240621,169,2,9,8,7,576.14,4032.98,201.65,3831.33,1923.75
102972,20231124,268,7,17,2,4,11044.9,44179.6,0.0,44179.6,21878.79
102973,20230302,108,9,17,8,11,2112.21,23234.31,2323.43,20910.88,10869.15
102974,20230822,42,10,8,6,20,4677.47,93549.4,18709.88,74839.52,33553.31
102975,20230613,141,6,19,4,1,8457.66,8457.66,1268.65,7189.01,2548.74
102976,20231208,54,8,15,8,19,8152.69,154901.11,0.0,154901.11,63993.46
102977,20250520,217,10,7,3,8,4677.47,37419.76,3741.98,33677.78,14304.09
102978,20241003,259,9,25,2,1,2112.21,2112.21,211.22,1900.99,842.02
102979,20230125,164,4,5,9,13,4210.9,54741.7,0.0,54741.7,27309.68
102980,20230907,295,4,19,3,3,4210.9,12632.7,0.0,12632.7,6843.2
102981,20251226,65,10,16,5,10,4677.47,46774.7,0.0,46774.7,24473.83
102982,20241216,63,4,24,10,14,4210.9,58952.6,0.0,58952.6,21329.89
102983,20251223,168,9,4,10,17,2112.21,35907.57,3590.76,32316.81,11586.98
102984,20241102,32,3,10,4,7,1648.77,11541.39,1154.14,10387.25,4064.71
102985,20230523,176,12,17,10,16,1192.37,19077.92,0.0,19077.92,9567.68
102986,20231014,226,2,7,2,12,576.14,6913.68,345.68,6568.0,3086.41
102987,20240517,108,6,8,8,20,8457.66,169153.2,0.0,169153.2,59444.3
102988,20241114,279,6,25,7,14,8457.66,118407.24,0.0,118407.24,56429.79
102989,20240820,231,11,8,3,3,4866.69,14600.07,1460.01,13140.06,6861.15
102990,20250208,123,10,16,8,19,4677.47,88871.93,0.0,88871.93,37267.86
102991,20230825,52,7,10,3,8,11044.9,88359.2,0.0,88359.2,42922.12
102992,20230329,69,9,8,4,16,2112.21,33795.36,1689.77,32105.59,14170.99
102993,20231121,279,10,14,7,13,4677.47,60807.11,3040.36,57766.75,24182.5
102994,20240525,152,3,17,9,3,1648.77,4946.31,0.0,4946.31,1983.36
102995,20230521,212,2,2,10,4,576.14,2304.56,115.23,2189.33,1071.27
102996,20241024,105,6,18,4,10,8457.66,84576.6,4228.83,80347.77,32389.81
102997,20250203,64,1,7,9,18,7004.72,126084.96,6304.25,119780.71,45166.17
102998,20240314,5,5,5,10,16,12606.96,201711.36,10085.57,191625.79,83250.7
102999,20251108,53,5,21,4,9,12606.96,113462.64,11346.26,102116.38,44998.35
103000,20251219,297,4,19,9,11,4210.9,46319.9,4631.99,41687.91,22316.08
103001,20250423,295,1,14,3,16,7004.72,112075.52,5603.78,106471.74,52068.35
103002,20230108,292,3,6,5,17,1648.77,28029.09,1401.45,26627.64,13890.02
103003,20251108,233,5,11,7,12,12606.96,151283.52,0.0,151283.52,74338.06
103004,20241104,276,12,15,6,5,1192.37,5961.85,596.19,5365.66,2010.28
103005,20240628,101,1,21,5,14,7004.72,98066.08,9806.61,88259.47,47834.08
103006,20230903,55,7,9,4,2,11044.9,22089.8,0.0,22089.8,11915.73
103007,20251028,268,2,17,2,16,576.14,9218.24,0.0,9218.24,4092.7
103008,20250105,263,4,24,10,8,4210.9,33687.2,0.0,33687.2,13703.72
103009,20250830,231,1,9,3,4,7004.72,28018.88,0.0,28018.88,9853.84
103010,20230126,58,6,7,3,17,8457.66,143780.22,14378.02,129402.2,67893.39
103011,20230217,96,9,5,5,13,2112.21,27458.73,0.0,27458.73,11063.16
103012,20231208,21,5,3,9,6,12606.96,75641.76,11346.26,64295.5,25495.01
103013,20230624,18,12,21,7,12,1192.37,14308.44,715.42,13593.02,5121.72
103014,20240703,144,2,1,5,2,576.14,1152.28,115.23,1037.05,465.58
103015,20240711,52,10,7,3,6,4677.47,28064.82,0.0,28064.82,15423.47
103016,20240506,283,11,3,3,2,4866.69,9733.38,486.67,9246.71,4557.86
103017,20240925,51,11,5,3,5,4866.69,24333.45,2433.35,21900.1,10047.71
103018,20250811,15,10,24,6,18,4677.47,84194.46,4209.72,79984.74,39902.93
103019,20240607,295,7,7,3,6,11044.9,66269.4,0.0,66269.4,24229.8
103020,20251012,153,3,6,2,10,1648.77,16487.7,0.0,16487.7,8515.51
103021,20240314,89,7,4,7,4,11044.9,44179.6,2208.98,41970.62,19909.66
103022,20230314,99,5,13,4,17,12606.96,214318.32,10715.92,203602.4,99257.89
103023,20240316,26,8,1,5,5,8152.69,40763.45,2038.17,38725.28,17028.67
103024,20231214,29,3,25,1,2,1648.77,3297.54,0.0,3297.54,1375.22
103025,20240429,201,7,24,8,5,11044.9,55224.5,0.0,55224.5,23309.06
103026,20250418,279,10,1,7,1,4677.47,4677.47,0.0,4677.47,2082.22
103027,20241003,16,1,4,4,16,7004.72,112075.52,0.0,112075.52,46702.73
103028,20230126,14,8,7,4,20,8152.69,163053.8,8152.69,154901.11,60086.34
103029,20230312,232,3,6,6,3,1648.77,4946.31,0.0,4946.31,2265.94
103030,20250218,290,1,24,8,17,7004.72,119080.24,5954.01,113126.23,41303.98
103031,20250309,254,3,6,7,4,1648.77,6595.08,0.0,6595.08,3394.66
103032,20241009,144,12,14,5,4,1192.37,4769.48,953.9,3815.58,1420.13
103033,20231209,281,2,16,7,1,576.14,576.14,28.81,547.33,225.11
103034,20250413,28,3,8,4,10,1648.77,16487.7,0.0,16487.7,8364.27
103035,20230927,95,6,5,6,3,8457.66,25372.98,1268.65,24104.33,8510.74
103036,20241202,93,4,19,10,9,4210.9,37898.1,3789.81,34108.29,12906.0
103037,20230204,299,5,10,6,15,12606.96,189104.4,18910.44,170193.96,75717.94
103038,20240105,193,10,1,3,7,4677.47,32742.29,3274.23,29468.06,12793.06
103039,20241224,162,2,8,3,5,576.14,2880.7,144.03,2736.67,1001.02
103040,20250811,154,12,18,9,1,1192.37,1192.37,238.47,953.9,463.05
103041,20240707,177,12,12,2,19,1192.37,22655.03,1132.75,21522.28,8014.67
103042,20230317,68,2,4,10,19,576.14,10946.66,1094.67,9851.99,4078.07
103043,20230706,88,7,18,6,13,11044.9,143583.7,28716.74,114866.96,56356.46
103044,20250427,131,8,18,10,14,8152.69,114137.66,11413.77,102723.89,54614.2
103045,20251118,216,3,7,3,15,1648.77,24731.55,0.0,24731.55,8946.82
103046,20230120,257,9,9,7,10,2112.21,21122.1,1056.11,20065.99,7117.95
103047,20240417,225,11,18,9,3,4866.69,14600.07,2920.01,11680.06,4343.9
103048,20230308,252,5,20,1,19,12606.96,239532.24,0.0,239532.24,104780.18
103049,20230331,26,7,19,5,17,11044.9,187763.3,28164.49,159598.81,80391.04
103050,20240217,202,10,24,4,5,4677.47,23387.35,2338.74,21048.61,10673.43
103051,20240416,143,9,9,10,17,2112.21,35907.57,1795.38,34112.19,15002.86
103052,20230322,259,3,4,2,8,1648.77,13190.16,659.51,12530.65,5708.42
103053,20241014,141,7,6,4,5,11044.9,55224.5,5522.45,49702.05,17492.42
103054,20230516,86,4,24,7,16,4210.9,67374.4,6737.44,60636.96,30228.05
103055,20230130,184,6,1,9,7,8457.66,59203.62,5920.36,53283.26,18670.22
103056,20230212,10,9,17,3,13,2112.21,27458.73,0.0,27458.73,11212.45
103057,20250405,233,4,19,7,4,4210.9,16843.6,842.18,16001.42,5611.25
103058,20251203,293,10,3,2,4,4677.47,18709.88,0.0,18709.88,8068.43
103059,20230106,12,10,3,6,13,4677.47,60807.11,3040.36,57766.75,28783.81
103060,20231108,121,3,22,4,16,1648.77,26380.32,0.0,26380.32,11642.93
103061,20251225,296,12,15,8,20,1192.37,23847.4,0.0,23847.4,8389.07
103062,20241120,154,9,3,9,18,2112.21,38019.78,1900.99,36118.79,19865.15
103063,20250306,126,1,2,1,1,7004.72,7004.72,1050.71,5954.01,3055.52
103064,20251120,142,11,8,1,8,4866.69,38933.52,1946.68,36986.84,19531.41
103065,20240515,229,2,4,5,17,576.14,9794.38,1469.16,8325.22,3443.88
103066,20250126,133,6,17,7,5,8457.66,42288.3,4228.83,38059.47,20649.95
103067,20240924,77,1,7,4,9,7004.72,63042.48,6304.25,56738.23,27401.51
103068,20230521,186,4,11,4,8,4210.9,33687.2,0.0,33687.2,14560.39
103069,20250703,165,7,19,10,20,11044.9,220898.0,11044.9,209853.1,85342.37
103070,20240713,208,7,15,4,5,11044.9,55224.5,5522.45,49702.05,18344.93
103071,20231010,137,11,24,7,1,4866.69,4866.69,486.67,4380.02,2151.76
103072,20230707,260,3,5,6,8,1648.77,13190.16,659.51,12530.65,5880.54
103073,20240814,1,3,13,9,5,1648.77,8243.85,0.0,8243.85,3456.89
103074,20230524,255,5,23,3,11,12606.96,138676.56,20801.48,117875.08,52279.22
103075,20250104,99,7,10,4,6,11044.9,66269.4,13253.88,53015.52,20912.18
103076,20250719,9,1,10,9,3,7004.72,21014.16,0.0,21014.16,7752.97
103077,20231013,283,12,11,3,4,1192.37,4769.48,238.47,4531.01,2208.07
103078,20230523,91,11,11,6,12,4866.69,58400.28,2920.01,55480.27,22601.16
103079,20250325,59,1,2,6,15,7004.72,105070.8,5253.54,99817.26,39309.3
103080,20240625,219,7,1,9,2,11044.9,22089.8,0.0,22089.8,10212.37
103081,20251205,74,8,3,7,1,8152.69,8152.69,0.0,8152.69,4286.65
103082,20231226,103,3,19,10,14,1648.77,23082.78,0.0,23082.78,8492.48
103083,20230302,136,9,23,3,12,2112.21,25346.52,0.0,25346.52,12599.39
103084,20250610,167,4,25,7,9,4210.9,37898.1,0.0,37898.1,18762.64
103085,20240917,91,3,15,6,14,1648.77,23082.78,4616.56,18466.22,9610.3
103086,20240906,197,1,4,2,20,7004.72,140094.4,0.0,140094.4,55662.25
103087,20250119,256,12,24,2,7,1192.37,8346.59,1669.32,6677.27,2749.87
103088,20231101,133,4,12,7,18,4210.9,75796.2,15159.24,60636.96,22230.41
103089,20250419,274,3,6,3,11,1648.77,18136.47,1813.65,16322.82,8159.63
103090,20230916,235,11,6,8,13,4866.69,63266.97,3163.35,60103.62,21081.87
103091,20250313,215,12,13,5,12,1192.37,14308.44,2146.27,12162.17,6161.77
103092,20231109,67,5,3,1,20,12606.96,252139.2,37820.88,214318.32,112897.5
103093,20250417,280,8,17,6,9,8152.69,73374.21,7337.42,66036.79,26988.6
103094,20250814,42,11,6,6,19,4866.69,92467.11,0.0,92467.11,36204.45
103095,20230131,19,7,4,1,17,11044.9,187763.3,0.0,187763.3,86957.89
103096,20240909,75,3,8,1,11,1648.77,18136.47,2720.47,15416.0,7898.22
103097,20240921,28,5,24,4,14,12606.96,176497.44,26474.62,150022.82,75128.43
103098,20231109,57,3,3,9,11,1648.77,18136.47,1813.65,16322.82,7125.97
103099,20240601,183,3,12,5,9,1648.77,14838.93,741.95,14096.98,5419.07
103100,20250329,142,5,21,1,3,12606.96,37820.88,3782.09,34038.79,12601.67
103101,20251006,101,9,18,5,3,2112.21,6336.63,316.83,6019.8,2665.09
103102,20230106,220,4,10,1,8,4210.9,33687.2,0.0,33687.2,15743.78
103103,20240811,257,9,6,7,3,2112.21,6336.63,316.83,6019.8,2440.7
103104,20250509,275,1,13,6,13,7004.72,91061.36,0.0,91061.36,45970.17
103105,20241212,51,2,2,3,6,576.14,3456.84,0.0,3456.84,1773.48
103106,20250129,160,4,22,3,9,4210.9,37898.1,0.0,37898.1,18768.71
103107,20240521,16,2,23,4,13,576.14,7489.82,0.0,7489.82,3537.14
103108,20251217,218,1,8,2,16,7004.72,112075.52,0.0,112075.52,55220.28
103109,20251031,198,1,2,7,7,7004.72,49033.04,0.0,49033.04,26963.29
103110,20240217,54,10,15,8,18,4677.47,84194.46,8419.45,75775.01,35961.27
103111,20230412,42,2,9,6,2,576.14,1152.28,172.84,979.44,383.91
103112,20250830,60,4,4,2,16,4210.9,67374.4,6737.44,60636.96,28374.39
103113,20250813,285,7,2,3,4,11044.9,44179.6,6626.94,37552.66,18833.94
103114,20231115,182,11,23,10,20,4866.69,97333.8,19466.76,77867.04,42680.86
103115,20251105,133,2,19,7,10,576.14,5761.4,576.14,5185.26,2474.54
103116,20251208,169,6,1,8,4,8457.66,33830.64,0.0,33830.64,18324.06
103117,20241128,115,6,17,6,6,8457.66,50745.96,5074.6,45671.36,16191.72
103118,20231207,286,9,22,10,15,2112.21,31683.15,1584.16,30098.99,10555.49
103119,20231009,240,10,25,3,2,4677.47,9354.94,935.49,8419.45,3734.78
103120,20250430,55,7,1,4,18,11044.9,198808.2,19880.82,178927.38,66599.21
103121,20250820,80,3,7,8,20,1648.77,32975.4,4946.31,28029.09,13106.84
103122,20250225,129,8,16,8,4,8152.69,32610.76,1630.54,30980.22,13849.18
103123,20240409,21,8,14,9,18,8152.69,146748.42,22012.26,124736.16,66101.94
103124,20230115,94,5,18,3,1,12606.96,12606.96,1260.7,11346.26,5596.7
103125,20250120,181,8,17,10,2,8152.69,16305.38,0.0,16305.38,7830.93
103126,20240823,100,3,7,8,13,1648.77,21434.01,4286.8,17147.21,6558.02
103127,20230906,201,10,2,8,13,4677.47,60807.11,3040.36,57766.75,29038.4
103128,20241222,234,5,13,5,16,12606.96,201711.36,0.0,201711.36,102906.96
103129,20241231,34,7,20,6,4,11044.9,44179.6,0.0,44179.6,22970.78
103130,20250116,73,2,11,2,2,576.14,1152.28,115.23,1037.05,536.93
103131,20240902,75,7,3,1,1,11044.9,11044.9,552.25,10492.65,3692.67
103132,20240209,187,1,21,10,17,7004.72,119080.24,11908.02,107172.22,56646.69
103133,20231117,145,4,23,8,4,4210.9,16843.6,842.18,16001.42,8370.99
103134,20231008,148,9,10,3,17,2112.21,35907.57,0.0,35907.57,12737.03
103135,20240909,55,12,14,4,20,1192.37,23847.4,2384.74,21462.66,7832.13
103136,20230201,162,4,2,3,5,4210.9,21054.5,0.0,21054.5,11207.7
103137,20250211,244,12,12,10,18,1192.37,21462.66,4292.53,17170.13,8407.48
103138,20250407,126,4,22,1,20,4210.9,84218.0,12632.7,71585.3,28386.04
103139,20230705,48,1,11,5,1,7004.72,7004.72,700.47,6304.25,3316.62
103140,20240719,256,7,9,2,5,11044.9,55224.5,2761.23,52463.27,26968.88
103141,20250519,63,6,16,10,8,8457.66,67661.28,3383.06,64278.22,26623.42
103142,20230816,71,9,25,4,3,2112.21,6336.63,950.49,5386.14,2862.85
103143,20241105,51,3,8,3,19,1648.77,31326.63,0.0,31326.63,14490.37
103144,20251103,51,6,12,3,9,8457.66,76118.94,0.0,76118.94,39643.99
103145,20230404,237,3,8,7,13,1648.77,21434.01,0.0,21434.01,8769.24
103146,20240822,223,12,12,10,9,1192.37,10731.33,536.57,10194.76,4511.34
103147,20231017,19,6,3,1,15,8457.66,126864.9,0.0,126864.9,56091.86
103148,20230506,257,8,4,7,12,8152.69,97832.28,0.0,97832.28,39398.52
103149,20250911,273,11,25,4,8,4866.69,38933.52,1946.68,36986.84,18291.18
103150,20240319,51,8,11,3,10,8152.69,81526.9,16305.38,65221.52,29742.01
103151,20240116,227,5,3,7,10,12606.96,126069.6,6303.48,119766.12,49686.59
103152,20250729,93,7,2,10,6,11044.9,66269.4,3313.47,62955.93,26219.01
103153,20250318,271,7,5,3,15,11044.9,165673.5,0.0,165673.5,75089.67
103154,20240906,24,8,14,4,14,8152.69,114137.66,0.0,114137.66,40182.98
103155,20250211,106,3,16,2,3,1648.77,4946.31,741.95,4204.36,2065.52
103156,20241123,107,12,18,6,13,1192.37,15500.81,775.04,14725.77,7190.97
103157,20250103,65,4,17,5,14,4210.9,58952.6,5895.26,53057.34,27440.15
103158,20230417,209,11,23,9,1,4866.69,4866.69,486.67,4380.02,1985.91
103159,20251207,202,10,22,4,8,4677.47,37419.76,0.0,37419.76,18290.19
103160,20250128,121,5,1,4,12,12606.96,151283.52,15128.35,136155.17,66370.31
103161,20231024,243,4,19,10,14,4210.9,58952.6,5895.26,53057.34,28725.17
103162,20241101,231,7,9,3,1,11044.9,11044.9,0.0,11044.9,5371.82
103163,20241020,211,8,2,10,16,8152.69,130443.04,6522.15,123920.89,65227.89
103164,20251020,174,6,9,7,6,8457.66,50745.96,2537.3,48208.66,17615.2
103165,20230226,124,9,9,10,5,2112.21,10561.05,1056.11,9504.94,4233.23
103166,20250404,67,8,24,1,7,8152.69,57068.83,0.0,57068.83,28034.11
103167,20231226,76,8,4,3,4,8152.69,32610.76,3261.08,29349.68,15179.17
103168,20250129,251,7,20,4,4,11044.9,44179.6,8835.92,35343.68,13123.87
103169,20231203,30,5,6,9,20,12606.96,252139.2,37820.88,214318.32,90954.51
103170,20240814,138,9,13,4,19,2112.21,40131.99,2006.6,38125.39,13590.8
103171,20231226,54,7,19,8,1,11044.9,11044.9,0.0,11044.9,5757.66
103172,20240102,96,1,6,5,14,7004.72,98066.08,19613.22,78452.86,42897.19
103173,20230129,49,5,6,4,13,12606.96,163890.48,0.0,163890.48,84528.98
103174,20230505,217,9,1,3,3,2112.21,6336.63,316.83,6019.8,3170.67
103175,20230209,111,2,13,7,7,576.14,4032.98,201.65,3831.33,1937.53
103176,20241202,6,1,10,9,19,7004.72,133089.68,0.0,133089.68,51499.04
103177,20250728,94,5,9,3,13,12606.96,163890.48,8194.52,155695.96,81049.45
103178,20250621,82,10,9,8,15,4677.47,70162.05,3508.1,66653.95,26550.48
103179,20230111,277,4,19,5,2,4210.9,8421.8,842.18,7579.62,3799.26
103180,20241027,134,1,6,5,12,7004.72,84056.64,4202.83,79853.81,37734.89
103181,20241027,56,12,20,2,8,1192.37,9538.96,953.9,8585.06,3390.87
103182,20250804,81,8,6,4,18,8152.69,146748.42,22012.26,124736.16,47650.84
103183,20230830,199,4,12,7,2,4210.9,8421.8,0.0,8421.8,4248.64
103184,20250529,31,3,14,2,14,1648.77,23082.78,1154.14,21928.64,10507.69
103185,20231218,233,3,18,7,10,1648.77,16487.7,0.0,16487.7,6448.04
103186,20250928,136,10,24,3,19,4677.47,88871.93,0.0,88871.93,39150.64
103187,20230102,259,9,14,2,10,2112.21,21122.1,2112.21,19009.89,8245.33
103188,20251011,187,7,1,10,6,11044.9,66269.4,0.0,66269.4,23329.87
103189,20230731,290,3,20,8,2,1648.77,3297.54,0.0,3297.54,1663.05
103190,20250130,154,4,20,9,2,4210.9,8421.8,0.0,8421.8,3860.91
103191,20230312,300,4,6,8,6,4210.9,25265.4,0.0,25265.4,9815.25
103192,20240227,89,1,6,7,8,7004.72,56037.76,0.0,56037.76,20069.78
103193,20250205,170,6,2,3,4,8457.66,33830.64,1691.53,32139.11,15937.05
103194,20241122,146,6,23,6,2,8457.66,16915.32,0.0,16915.32,7289.89
103195,20251029,284,9,10,9,7,2112.21,14785.47,739.27,14046.2,7037.3
103196,20240517,99,3,10,4,8,1648.77,13190.16,0.0,13190.16,5047.11
103197,20250523,68,1,18,10,1,7004.72,7004.72,0.0,7004.72,3497.63
103198,20240417,63,3,9,10,9,1648.77,14838.93,0.0,14838.93,7804.4
103199,20230428,228,6,25,7,20,8457.66,169153.2,0.0,169153.2,89910.8
103200,20231002,29,2,5,1,8,576.14,4609.12,921.82,3687.3,1586.64
103201,20230604,247,8,10,10,19,8152.69,154901.11,0.0,154901.11,59173.87
103202,20230131,197,3,20,2,9,1648.77,14838.93,741.95,14096.98,6530.73
103203,20250706,176,10,4,10,19,4677.47,88871.93,0.0,88871.93,38135.36
103204,20230605,118,2,16,2,12,576.14,6913.68,0.0,6913.68,2973.96
103205,20250517,141,8,11,4,5,8152.69,40763.45,4076.34,36687.11,16573.01
103206,20250327,129,7,4,8,5,11044.9,55224.5,5522.45,49702.05,26246.22
103207,20250521,62,8,25,4,8,8152.69,65221.52,0.0,65221.52,30276.9
103208,20231121,273,5,11,4,5,12606.96,63034.8,0.0,63034.8,24470.76
103209,20230805,33,6,23,10,8,8457.66,67661.28,10149.19,57512.09,24208.28
103210,20241012,49,5,7,4,5,12606.96,63034.8,0.0,63034.8,30128.71
103211,20240905,122,11,2,9,17,4866.69,82733.73,12410.06,70323.67,31436.29
103212,20250802,72,5,15,1,20,12606.96,252139.2,50427.84,201711.36,85701.58
103213,20240529,68,3,3,10,17,1648.77,28029.09,1401.45,26627.64,13091.19
103214,20240604,165,12,18,10,4,1192.37,4769.48,238.47,4531.01,2252.78
103215,20230116,155,9,16,10,16,2112.21,33795.36,0.0,33795.36,15158.63
103216,20250221,295,4,7,3,8,4210.9,33687.2,3368.72,30318.48,14182.45
103217,20250530,182,2,12,10,20,576.14,11522.8,1728.42,9794.38,3753.07
103218,20250814,278,11,10,2,14,4866.69,68133.66,0.0,68133.66,35884.91
103219,20241114,258,6,24,6,17,8457.66,143780.22,7189.01,136591.21,70468.56
103220,20231218,165,12,14,10,16,1192.37,19077.92,0.0,19077.92,9686.0
103221,20230206,261,5,13,5,16,12606.96,201711.36,0.0,201711.36,94179.08
103222,20231211,186,5,7,4,11,12606.96,138676.56,13867.66,124808.9,45683.88
103223,20250313,87,9,6,10,6,2112.21,12673.26,0.0,12673.26,5323.69
103224,20230806,274,3,12,3,13,1648.77,21434.01,0.0,21434.01,11286.82
103225,20240906,229,3,18,5,14,1648.77,23082.78,0.0,23082.78,11589.77
103226,20240105,7,2,6,2,6,576.14,3456.84,0.0,3456.84,1399.0
103227,20240811,292,10,6,5,20,4677.47,93549.4,0.0,93549.4,32993.84
103228,20250505,202,3,23,4,15,1648.77,24731.55,0.0,24731.55,10683.58
103229,20230101,135,6,2,2,19,8457.66,160695.54,0.0,160695.54,62485.02
103230,20230517,245,5,21,7,2,12606.96,25213.92,0.0,25213.92,9992.78
103231,20230603,26,12,25,5,3,1192.37,3577.11,178.86,3398.25,1356.32
103232,20240216,276,10,6,6,5,4677.47,23387.35,0.0,23387.35,12097.59
103233,20230711,45,10,8,3,13,4677.47,60807.11,9121.07,51686.04,25272.69
103234,20250509,11,9,5,9,15,2112.21,31683.15,1584.16,30098.99,10759.02
103235,20250330,144,7,4,5,14,11044.9,154628.6,15462.86,139165.74,50235.85
103236,20250611,67,7,10,1,7,11044.9,77314.3,7731.43,69582.87,34279.7
103237,20241225,6,1,19,9,11,7004.72,77051.92,0.0,77051.92,29641.32
103238,20240709,217,2,15,3,14,576.14,8065.96,806.6,7259.36,3785.6
103239,20230816,106,4,14,2,4,4210.9,16843.6,0.0,16843.6,9051.27
103240,20240614,145,12,3,8,14,1192.37,16693.18,0.0,16693.18,8976.56
103241,20230723,200,6,9,5,10,8457.66,84576.6,0.0,84576.6,42269.11
103242,20250730,92,8,16,8,13,8152.69,105984.97,5299.25,100685.72,44837.54
103243,20250510,17,7,23,8,7,11044.9,77314.3,7731.43,69582.87,32765.25
103244,20240104,24,5,14,4,3,12606.96,37820.88,1891.04,35929.84,18743.51
103245,20230724,262,9,15,2,1,2112.21,2112.21,422.44,1689.77,873.91
103246,20251009,290,4,6,8,10,4210.9,42109.0,4210.9,37898.1,13576.44
103247,20231212,147,9,8,10,15,2112.21,31683.15,0.0,31683.15,15977.78
103248,20230609,255,3,8,3,9,1648.77,14838.93,0.0,14838.93,7511.18
103249,20240207,257,7,19,7,9,11044.9,99404.1,4970.21,94433.89,47421.97
103250,20230123,85,6,10,4,18,8457.66,152237.88,0.0,152237.88,60145.97
103251,20231008,215,9,19,5,2,2112.21,4224.42,0.0,4224.42,1873.62
103252,20240210,265,7,24,8,9,11044.9,99404.1,0.0,99404.1,35031.75
103253,20230107,174,4,17,7,11,4210.9,46319.9,2316.0,44003.9,18155.59
103254,20240702,90,2,13,8,9,576.14,5185.26,0.0,5185.26,2623.98
103255,20230202,17,10,25,8,8,4677.47,37419.76,1870.99,35548.77,12994.16
103256,20250525,26,5,16,5,14,12606.96,176497.44,17649.74,158847.7,64924.23
103257,20250722,259,9,9,2,9,2112.21,19009.89,0.0,19009.89,6848.23
103258,20250207,43,9,25,1,15,2112.21,31683.15,3168.32,28514.83,15472.25
103259,20241220,213,5,14,4,15,12606.96,189104.4,0.0,189104.4,99349.37
103260,20240423,207,9,3,7,12,2112.21,25346.52,2534.65,22811.87,12009.39
103261,20230628,266,6,17,1,20,8457.66,169153.2,8457.66,160695.54,86402.21
103262,20231102,232,8,23,6,6,8152.69,48916.14,2445.81,46470.33,17286.93
103263,20251124,158,6,2,3,15,8457.66,126864.9,6343.24,120521.66,62373.04
103264,20250227,11,5,8,9,12,12606.96,151283.52,7564.18,143719.34,75662.55
103265,20230310,173,1,8,2,8,7004.72,56037.76,2801.89,53235.87,28373.09
103266,20251108,126,4,1,1,13,4210.9,54741.7,2737.09,52004.61,22778.35
103267,20240308,12,7,16,6,4,11044.9,44179.6,2208.98,41970.62,15828.29
103268,20240111,216,7,16,3,19,11044.9,209853.1,10492.66,199360.44,100720.94
103269,20230203,263,8,17,10,17,8152.69,138595.73,6929.79,131665.94,51824.5
103270,20241105,24,7,16,4,7,11044.9,77314.3,3865.72,73448.58,28708.85
103271,20231213,264,12,20,6,17,1192.37,20270.29,2027.03,18243.26,9987.86
103272,20230219,162,11,11,3,1,4866.69,4866.69,486.67,4380.02,2090.85
103273,20231010,72,2,23,1,15,576.14,8642.1,0.0,8642.1,4144.6
103274,20250515,40,9,13,2,15,2112.21,31683.15,0.0,31683.15,13565.17
103275,20240118,32,2,13,4,6,576.14,3456.84,172.84,3284.0,1781.34
103276,20230131,243,4,19,10,19,4210.9,80007.1,0.0,80007.1,41395.32
103277,20230614,291,9,6,9,16,2112.21,33795.36,0.0,33795.36,12868.72
103278,20241023,105,4,15,4,3,4210.9,12632.7,631.64,12001.06,6395.17
103279,20230113,274,7,10,3,20,11044.9,220898.0,0.0,220898.0,95216.98
103280,20240820,81,1,7,4,19,7004.72,133089.68,6654.48,126435.2,68368.08
103281,20240425,45,11,25,3,8,4866.69,38933.52,7786.7,31146.82,12785.69
103282,20230209,58,5,12,3,19,12606.96,239532.24,11976.61,227555.63,98693.01
103283,20230224,195,10,6,9,3,4677.47,14032.41,701.62,13330.79,6850.76
103284,20250618,98,1,12,4,9,7004.72,63042.48,12608.5,50433.98,23002.96
103285,20240710,119,9,17,10,9,2112.21,19009.89,1900.99,17108.9,6827.67
103286,20230422,76,12,22,3,3,1192.37,3577.11,178.86,3398.25,1555.57
103287,20250428,242,9,1,8,13,2112.21,27458.73,1372.94,26085.79,14106.4
103288,20240709,114,11,4,6,11,4866.69,53533.59,8030.04,45503.55,20728.72
103289,20230417,53,7,21,4,9,11044.9,99404.1,14910.61,84493.49,39389.49
103290,20231018,262,2,11,2,1,576.14,576.14,0.0,576.14,253.36
103291,20230405,59,8,2,6,20,8152.69,163053.8,32610.76,130443.04,56410.52
103292,20240903,22,8,2,4,7,8152.69,57068.83,0.0,57068.83,27154.53
103293,20230306,266,11,3,1,15,4866.69,73000.35,0.0,73000.35,27743.38
103294,20231206,213,9,6,4,10,2112.21,21122.1,2112.21,19009.89,9856.43
103295,20241030,16,11,1,4,15,4866.69,73000.35,0.0,73000.35,32961.74
103296,20241125,290,3,21,8,15,1648.77,24731.55,1236.58,23494.97,8640.59
103297,20250508,277,1,14,5,19,7004.72,133089.68,13308.97,119780.71,59153.28
103298,20250227,57,3,16,9,13,1648.77,21434.01,0.0,21434.01,7568.59
103299,20230309,272,3,1,6,8,1648.77,13190.16,659.51,12530.65,5529.25
103300,20231225,216,4,22,3,9,4210.9,37898.1,0.0,37898.1,14919.28
103301,20250220,95,11,9,6,11,4866.69,53533.59,10706.72,42826.87,20817.86
103302,20250919,4,2,6,3,1,576.14,576.14,57.61,518.53,212.1
103303,20231020,153,3,22,2,12,1648.77,19785.24,0.0,19785.24,9285.89
103304,20230704,80,4,15,8,12,4210.9,50530.8,0.0,50530.8,19531.57
103305,20240629,292,8,13,5,2,8152.69,16305.38,0.0,16305.38,6935.4
103306,20250708,1,3,25,9,10,1648.77,16487.7,0.0,16487.7,6820.12
103307,20240923,22,6,12,4,8,8457.66,67661.28,6766.13,60895.15,26488.35
103308,20251023,41,12,18,9,15,1192.37,17885.55,1788.56,16096.99,8141.49
103309,20240724,9,4,13,9,9,4210.9,37898.1,3789.81,34108.29,18069.63
103310,20231028,61,6,23,7,19,8457.66,160695.54,8034.78,152660.76,68648.89
103311,20251126,190,5,23,4,13,12606.96,163890.48,8194.52,155695.96,85603.59
103312,20230918,119,7,2,10,13,11044.9,143583.7,7179.19,136404.51,60388.81
103313,20251219,209,5,19,9,3,12606.96,37820.88,0.0,37820.88,17635.7
103314,20250919,90,3,24,8,2,1648.77,3297.54,659.51,2638.03,1021.44
103315,20251210,199,3,6,7,14,1648.77,23082.78,1154.14,21928.64,8239.95
103316,20250225,214,7,3,1,15,11044.9,165673.5,24851.02,140822.48,65318.99
103317,20250415,91,4,12,6,13,4210.9,54741.7,2737.09,52004.61,24338.25
103318,20231113,281,4,7,7,11,4210.9,46319.9,4631.99,41687.91,20717.26
103319,20250329,285,9,15,3,16,2112.21,33795.36,1689.77,32105.59,12439.57
103320,20250607,7,5,4,2,8,12606.96,100855.68,0.0,100855.68,38782.37
103321,20251207,129,10,8,8,4,4677.47,18709.88,0.0,18709.88,8805.33
103322,20240124,44,3,5,1,13,1648.77,21434.01,0.0,21434.01,7520.85
103323,20230517,149,5,2,10,15,12606.96,189104.4,28365.66,160738.74,60977.66
103324,20230518,157,12,21,8,8,1192.37,9538.96,1430.84,8108.12,4249.81
103325,20230525,112,5,4,4,1,12606.96,12606.96,0.0,12606.96,6458.61
103326,20251012,165,3,21,10,18,1648.77,29677.86,1483.89,28193.97,10054.94
103327,20250609,168,11,13,10,10,4866.69,48666.9,0.0,48666.9,24682.92
103328,20231005,152,1,11,9,20,7004.72,140094.4,28018.88,112075.52,53773.04
103329,20230424,266,3,8,1,11,1648.77,18136.47,1813.65,16322.82,5814.12
103330,20250919,219,7,20,9,4,11044.9,44179.6,2208.98,41970.62,16880.74
103331,20250331,65,10,25,5,18,4677.47,84194.46,12629.17,71565.29,39060.29
103332,20230311,190,7,18,4,5,11044.9,55224.5,8283.67,46940.83,17228.93
103333,20250116,126,11,1,1,15,4866.69,73000.35,3650.02,69350.33,29946.03
103334,20251213,221,10,11,1,16,4677.47,74839.52,0.0,74839.52,37636.51
103335,20240817,4,5,8,3,10,12606.96,126069.6,6303.48,119766.12,44804.89
103336,20231201,163,4,3,2,7,4210.9,29476.3,1473.82,28002.48,13265.74
103337,20250408,50,1,2,7,16,7004.72,112075.52,5603.78,106471.74,41448.37
103338,20231214,38,8,12,5,2,8152.69,16305.38,0.0,16305.38,5987.86
103339,20240103,24,3,23,4,11,1648.77,18136.47,1813.65,16322.82,8142.51
103340,20230526,102,9,16,2,7,2112.21,14785.47,0.0,14785.47,5294.13
103341,20240902,95,5,10,6,9,12606.96,113462.64,11346.26,102116.38,41594.27
103342,20230101,139,8,14,2,1,8152.69,8152.69,407.63,7745.06,4195.92
103343,20250501,66,4,11,3,3,4210.9,12632.7,1894.9,10737.8,5658.51
103344,20250821,212,6,3,10,20,8457.66,169153.2,0.0,169153.2,75145.19
103345,20230311,286,6,3,10,16,8457.66,135322.56,13532.26,121790.3,66035.03
103346,20231207,276,10,12,6,3,4677.47,14032.41,0.0,14032.41,5987.7
103347,20240607,19,10,3,1,18,4677.47,84194.46,8419.45,75775.01,34233.38
103348,20241206,178,9,24,5,3,2112.21,6336.63,633.66,5702.97,2917.37
103349,20241019,232,5,9,6,20,12606.96,252139.2,0.0,252139.2,106692.47
103350,20230828,204,1,21,8,16,7004.72,112075.52,11207.55,100867.97,35358.11
103351,20240806,6,10,8,9,1,4677.47,4677.47,467.75,4209.72,1741.93
103352,20240930,61,9,9,7,1,2112.21,2112.21,422.44,1689.77,675.45
103353,20231103,92,2,18,8,1,576.14,576.14,57.61,518.53,242.52
103354,20250317,83,12,24,5,2,1192.37,2384.74,0.0,2384.74,1011.96
103355,20250328,143,11,23,10,1,4866.69,4866.69,486.67,4380.02,2000.95
103356,20230126,78,7,11,8,6,11044.9,66269.4,3313.47,62955.93,26289.72
103357,20250221,145,12,14,8,20,1192.37,23847.4,0.0,23847.4,9318.25
103358,20240429,176,12,14,10,5,1192.37,5961.85,0.0,5961.85,3198.58
103359,20250817,154,5,1,9,17,12606.96,214318.32,32147.75,182170.57,96550.5
103360,20250603,250,1,17,8,20,7004.72,140094.4,7004.72,133089.68,72997.03
103361,20230329,87,1,22,10,4,7004.72,28018.88,1400.94,26617.94,12591.0
103362,20240731,114,2,3,6,7,576.14,4032.98,403.3,3629.68,1931.33
103363,20250309,194,2,4,4,11,576.14,6337.54,316.88,6020.66,2773.77
103364,20230407,176,3,13,10,8,1648.77,13190.16,0.0,13190.16,4931.29
103365,20250405,17,5,15,8,6,12606.96,75641.76,0.0,75641.76,31217.95
103366,20250821,4,8,16,3,9,8152.69,73374.21,0.0,73374.21,29768.15
103367,20250910,30,9,22,9,5,2112.21,10561.05,1584.16,8976.89,4749.49
103368,20230613,228,2,10,7,13,576.14,7489.82,748.98,6740.84,3468.67
103369,20241125,125,10,9,3,14,4677.47,65484.58,9822.69,55661.89,24891.08
103370,20250304,209,3,14,9,6,1648.77,9892.62,0.0,9892.62,4853.56
103371,20250208,2,6,8,5,1,8457.66,8457.66,0.0,8457.66,3610.35
103372,20251230,155,1,5,10,12,7004.72,84056.64,4202.83,79853.81,36820.98
103373,20250707,4,4,13,3,17,4210.9,71585.3,3579.27,68006.03,28299.27
103374,20230417,202,4,2,4,13,4210.9,54741.7,0.0,54741.7,23910.88
103375,20230118,190,1,5,4,17,7004.72,119080.24,17862.04,101218.2,37202.35
103376,20250528,137,1,20,7,18,7004.72,126084.96,6304.25,119780.71,42185.54
103377,20240319,23,10,4,9,6,4677.47,28064.82,0.0,28064.82,13980.66
103378,20230301,74,6,5,7,1,8457.66,8457.66,422.88,8034.78,3356.88
103379,20240214,236,6,19,6,15,8457.66,126864.9,12686.49,114178.41,48335.56
103380,20230818,295,11,6,3,13,4866.69,63266.97,0.0,63266.97,30030.06
103381,20251228,221,1,5,1,15,7004.72,105070.8,0.0,105070.8,53895.6
103382,20251006,152,11,11,9,9,4866.69,43800.21,4380.02,39420.19,21535.11
103383,20231008,23,6,10,9,18,8457.66,152237.88,30447.58,121790.3,49483.79
103384,20240807,169,4,17,8,3,4210.9,12632.7,0.0,12632.7,4462.6
103385,20230905,281,10,13,7,12,4677.47,56129.64,2806.48,53323.16,24308.88
103386,20240803,145,6,13,8,13,8457.66,109949.58,0.0,109949.58,42173.89
103387,20250129,77,2,16,4,20,576.14,11522.8,576.14,10946.66,4520.75
103388,20250414,195,1,8,9,14,7004.72,98066.08,0.0,98066.08,42560.66
103389,20231013,159,9,14,4,1,2112.21,2112.21,105.61,2006.6,821.23
103390,20231112,216,7,1,3,5,11044.9,55224.5,0.0,55224.5,28162.03
103391,20230509,188,9,12,1,1,2112.21,2112.21,0.0,2112.21,1142.66
103392,20230109,35,8,8,5,3,8152.69,24458.07,1222.9,23235.17,11891.59
103393,20241009,217,1,12,3,17,7004.72,119080.24,5954.01,113126.23,40993.29
103394,20230922,92,5,10,8,3,12606.96,37820.88,0.0,37820.88,17705.7
103395,20240921,227,10,9,7,2,4677.47,9354.94,935.49,8419.45,4577.87
103396,20250118,110,2,22,5,11,576.14,6337.54,633.75,5703.79,3122.84
103397,20250815,299,1,11,6,15,7004.72,105070.8,0.0,105070.8,56393.09
103398,20230613,269,11,19,9,18,4866.69,87600.42,0.0,87600.42,47556.93
103399,20240907,208,10,7,4,14,4677.47,65484.58,0.0,65484.58,34512.66
103400,20240426,100,6,23,8,20,8457.66,169153.2,8457.66,160695.54,76401.13
103401,20250731,203,9,1,7,12,2112.21,25346.52,2534.65,22811.87,8208.51
103402,20240116,125,12,23,3,16,1192.37,19077.92,1907.79,17170.13,8761.19
103403,20230701,278,5,8,2,1,12606.96,12606.96,1260.7,11346.26,4198.71
103404,20240116,84,1,20,2,12,7004.72,84056.64,4202.83,79853.81,31812.09
103405,20240124,74,12,23,7,20,1192.37,23847.4,2384.74,21462.66,8424.96
103406,20230930,108,10,13,8,10,4677.47,46774.7,0.0,46774.7,18111.57
103407,20231001,165,4,25,10,6,4210.9,25265.4,2526.54,22738.86,12209.73
103408,20250731,193,10,19,3,6,4677.47,28064.82,0.0,28064.82,12288.44
103409,20240429,82,4,24,8,18,4210.9,75796.2,11369.43,64426.77,30946.83
103410,20230406,70,4,22,9,6,4210.9,25265.4,0.0,25265.4,9317.48
103411,20230101,34,7,20,6,7,11044.9,77314.3,0.0,77314.3,39405.19
103412,20251123,143,5,5,10,7,12606.96,88248.72,17649.74,70598.98,31693.92
103413,20230525,269,3,20,9,1,1648.77,1648.77,164.88,1483.89,662.79
103414,20241019,44,6,9,1,11,8457.66,93034.26,0.0,93034.26,39800.13
103415,20250625,166,7,19,9,20,11044.9,220898.0,11044.9,209853.1,81915.72
103416,20240328,64,1,1,9,13,7004.72,91061.36,9106.14,81955.22,44824.28
103417,20240313,80,3,25,8,14,1648.77,23082.78,4616.56,18466.22,9139.69
103418,20231105,66,8,15,3,15,8152.69,122290.35,6114.52,116175.83,45395.75
103419,20230604,213,12,17,4,2,1192.37,2384.74,476.95,1907.79,821.04
103420,20240903,245,1,15,7,1,7004.72,7004.72,0.0,7004.72,2958.1
103421,20240502,194,1,11,4,20,7004.72,140094.4,0.0,140094.4,66514.16
103422,20240915,70,11,10,9,3,4866.69,14600.07,1460.01,13140.06,4697.82
103423,20250826,153,12,2,2,5,1192.37,5961.85,894.28,5067.57,2047.55
103424,20250608,243,6,17,10,6,8457.66,50745.96,2537.3,48208.66,20924.95
103425,20250130,292,1,14,5,6,7004.72,42028.32,0.0,42028.32,15046.22
103426,20250409,98,9,22,4,12,2112.21,25346.52,1267.33,24079.19,12250.82
103427,20250406,135,7,24,2,3,11044.9,33134.7,0.0,33134.7,14564.8
103428,20241007,249,11,19,3,7,4866.69,34066.83,0.0,34066.83,18227.88
103429,20250919,295,9,23,3,9,2112.21,19009.89,1900.99,17108.9,8034.88
103430,20230608,132,10,23,7,17,4677.47,79516.99,3975.85,75541.14,35342.33
103431,20241007,161,1,10,7,20,7004.72,140094.4,14009.44,126084.96,60819.32
103432,20231020,214,7,10,1,7,11044.9,77314.3,0.0,77314.3,38584.5
103433,20240610,196,2,5,8,4,576.14,2304.56,0.0,2304.56,1059.2
103434,20251228,39,11,4,9,11,4866.69,53533.59,2676.68,50856.91,23520.15
103435,20241126,117,5,1,4,1,12606.96,12606.96,1260.7,11346.26,4385.22
103436,20250711,224,12,23,10,6,1192.37,7154.22,0.0,7154.22,2780.29
103437,20251223,156,8,10,5,6,8152.69,48916.14,4891.61,44024.53,23589.61
103438,20231127,175,7,23,9,15,11044.9,165673.5,16567.35,149106.15,72945.21
103439,20230512,263,9,17,10,5,2112.21,10561.05,1584.16,8976.89,3373.1
103440,20250711,270,11,18,10,16,4866.69,77867.04,0.0,77867.04,37489.31
103441,20240817,35,7,17,5,2,11044.9,22089.8,0.0,22089.8,8071.77
103442,20240214,131,10,21,10,12,4677.47,56129.64,2806.48,53323.16,23649.23
103443,20240709,201,1,25,8,11,7004.72,77051.92,3852.6,73199.32,35672.94
103444,20240705,291,7,7,9,18,11044.9,198808.2,0.0,198808.2,69730.28
103445,20250629,79,4,13,8,4,4210.9,16843.6,0.0,16843.6,7724.49
103446,20231016,214,2,13,1,13,576.14,7489.82,0.0,7489.82,2769.67
103447,20241022,183,6,24,5,15,8457.66,126864.9,12686.49,114178.41,49241.77
103448,20240722,170,8,22,3,17,8152.69,138595.73,20789.36,117806.37,48830.12
103449,20250104,253,6,4,6,6,8457.66,50745.96,0.0,50745.96,22134.91
103450,20230112,4,1,13,3,17,7004.72,119080.24,5954.01,113126.23,51382.38
103451,20250429,272,3,10,6,2,1648.77,3297.54,0.0,3297.54,1427.65
103452,20241223,131,6,4,10,5,8457.66,42288.3,0.0,42288.3,16971.88
103453,20240911,134,2,25,5,17,576.14,9794.38,489.72,9304.66,4135.57
103454,20240829,3,3,7,3,7,1648.77,11541.39,577.07,10964.32,5837.73
103455,20250522,9,9,25,9,8,2112.21,16897.68,1689.77,15207.91,7818.64
103456,20230327,33,8,1,10,8,8152.69,65221.52,3261.08,61960.44,22251.01
103457,20240902,138,3,7,4,17,1648.77,28029.09,1401.45,26627.64,9643.27
103458,20230403,171,12,2,6,18,1192.37,21462.66,1073.13,20389.53,9316.69
103459,20230304,143,12,3,10,7,1192.37,8346.59,0.0,8346.59,3886.82
103460,20250606,34,10,16,6,20,4677.47,93549.4,4677.47,88871.93,46118.02
103461,20250924,70,5,11,9,5,12606.96,63034.8,3151.74,59883.06,22270.7
103462,20250112,200,10,9,5,17,4677.47,79516.99,0.0,79516.99,32884.62
103463,20230328,238,4,12,9,13,4210.9,54741.7,5474.17,49267.53,22092.97
103464,20251109,8,10,11,10,16,4677.47,74839.52,3741.98,71097.54,38440.18
103465,20240529,10,6,19,3,18,8457.66,152237.88,0.0,152237.88,73313.53
103466,20250604,1,3,23,9,20,1648.77,32975.4,0.0,32975.4,12511.78
103467,20230401,120,2,12,9,17,576.14,9794.38,489.72,9304.66,4675.98
103468,20241111,267,5,20,1,1,12606.96,12606.96,630.35,11976.61,6214.39
103469,20231111,21,4,4,9,19,4210.9,80007.1,8000.71,72006.39,34778.91
103470,20250822,147,9,14,10,15,2112.21,31683.15,0.0,31683.15,13403.87
103471,20230821,159,2,17,4,14,576.14,8065.96,806.6,7259.36,3983.11
103472,20251206,82,4,1,8,17,4210.9,71585.3,3579.27,68006.03,33648.14
103473,20241017,267,7,23,1,17,11044.9,187763.3,18776.33,168986.97,68488.85
103474,20250510,82,4,21,8,8,4210.9,33687.2,0.0,33687.2,17796.95
103475,20230305,185,12,18,5,13,1192.37,15500.81,1550.08,13950.73,6994.18
103476,20231206,236,7,16,6,10,11044.9,110449.0,16567.35,93881.65,36797.61
103477,20250627,99,12,1,4,13,1192.37,15500.81,775.04,14725.77,7638.03
103478,20240313,45,6,3,3,17,8457.66,143780.22,21567.03,122213.19,62285.44
103479,20230704,240,9,17,3,5,2112.21,10561.05,0.0,10561.05,4006.19
103480,20250220,186,6,19,4,10,8457.66,84576.6,4228.83,80347.77,36940.04
103481,20230217,216,3,8,3,5,1648.77,8243.85,412.19,7831.66,2967.28
103482,20250828,61,8,20,7,17,8152.69,138595.73,20789.36,117806.37,41867.79
103483,20231107,88,4,16,6,19,4210.9,80007.1,0.0,80007.1,39338.36
103484,20250527,162,5,23,3,18,12606.96,226925.28,11346.26,215579.02,94769.44
103485,20240728,239,8,19,5,11,8152.69,89679.59,8967.96,80711.63,29388.74
103486,20250630,216,8,11,3,11,8152.69,89679.59,0.0,89679.59,40801.19
103487,20230323,232,12,7,6,15,1192.37,17885.55,894.28,16991.27,7145.65
103488,20230513,165,8,20,10,2,8152.69,16305.38,815.27,15490.11,6358.69
103489,20251110,200,3,13,5,18,1648.77,29677.86,0.0,29677.86,11951.72
103490,20251114,227,7,7,7,17,11044.9,187763.3,0.0,187763.3,71558.64
103491,20230204,246,7,3,9,5,11044.9,55224.5,0.0,55224.5,23737.13
103492,20230811,93,2,21,10,20,576.14,11522.8,0.0,11522.8,5991.22
103493,20230630,281,9,4,7,5,2112.21,10561.05,1584.16,8976.89,4303.59
103494,20251207,199,11,25,7,4,4866.69,19466.76,973.34,18493.42,6967.64
103495,20230224,251,1,13,4,13,7004.72,91061.36,9106.14,81955.22,42613.6
103496,20230317,61,1,15,7,19,7004.72,133089.68,0.0,133089.68,59385.88
103497,20231028,285,3,13,3,18,1648.77,29677.86,1483.89,28193.97,11170.27
103498,20240716,262,11,14,2,10,4866.69,48666.9,2433.35,46233.55,20380.87
103499,20230405,125,12,11,3,2,1192.37,2384.74,119.24,2265.5,941.5
103500,20251112,212,9,24,10,8,2112.21,16897.68,3379.54,13518.14,5247.77
103501,20241226,229,1,16,5,15,7004.72,105070.8,0.0,105070.8,38909.01
103502,20231216,112,2,11,4,11,576.14,6337.54,0.0,6337.54,2272.27
103503,20241013,226,11,2,2,12,4866.69,58400.28,0.0,58400.28,21533.52
103504,20250906,114,9,9,6,9,2112.21,19009.89,0.0,19009.89,7836.56
103505,20251108,276,4,4,6,3,4210.9,12632.7,0.0,12632.7,5201.06
103506,20250916,27,11,23,9,4,4866.69,19466.76,1946.68,17520.08,9412.52
103507,20241022,26,4,13,5,18,4210.9,75796.2,15159.24,60636.96,22603.41
103508,20250316,274,10,3,3,2,4677.47,9354.94,467.75,8887.19,3888.88
103509,20250711,229,9,2,5,5,2112.21,10561.05,0.0,10561.05,5752.65
103510,20240630,183,7,17,5,10,11044.9,110449.0,0.0,110449.0,60224.01
103511,20240823,13,4,25,2,14,4210.9,58952.6,5895.26,53057.34,23104.06
103512,20240902,12,2,14,6,7,576.14,4032.98,604.95,3428.03,1620.19
103513,20250909,112,8,17,4,7,8152.69,57068.83,8560.32,48508.51,20422.74
103514,20251017,188,8,23,1,6,8152.69,48916.14,2445.81,46470.33,22801.14
103515,20231029,225,4,4,9,17,4210.9,71585.3,0.0,71585.3,33066.11
103516,20240302,20,3,19,6,3,1648.77,4946.31,0.0,4946.31,2095.54
103517,20240915,84,4,8,2,6,4210.9,25265.4,0.0,25265.4,10742.42
103518,20250202,36,9,12,10,9,2112.21,19009.89,950.49,18059.4,8426.8
103519,20250307,13,8,7,2,10,8152.69,81526.9,0.0,81526.9,34800.58
103520,20250822,131,7,6,10,4,11044.9,44179.6,0.0,44179.6,21048.84
103521,20241231,279,5,21,7,3,12606.96,37820.88,5673.13,32147.75,14383.26
103522,20230824,218,2,15,2,1,576.14,576.14,0.0,576.14,310.92
103523,20231206,40,9,22,2,4,2112.21,8448.84,422.44,8026.4,3695.05
103524,20240810,51,4,25,3,10,4210.9,42109.0,4210.9,37898.1,18324.84
103525,20250302,30,12,19,9,9,1192.37,10731.33,1073.13,9658.2,3773.26
103526,20250924,231,5,1,3,5,12606.96,63034.8,3151.74,59883.06,29569.84
103527,20230914,275,7,10,6,8,11044.9,88359.2,17671.84,70687.36,35635.63
103528,20230228,78,7,21,8,12,11044.9,132538.8,26507.76,106031.04,52996.46
103529,20250226,96,2,18,5,7,576.14,4032.98,201.65,3831.33,1687.64
103530,20230910,194,7,14,4,14,11044.9,154628.6,30925.72,123702.88,43333.01
103531,20241003,202,4,9,4,6,4210.9,25265.4,2526.54,22738.86,12150.37
103532,20231003,66,3,22,3,8,1648.77,13190.16,0.0,13190.16,6168.73
103533,20230323,38,4,24,5,15,4210.9,63163.5,12632.7,50530.8,23281.83
103534,20250512,250,6,20,8,1,8457.66,8457.66,0.0,8457.66,4422.08
103535,20230528,168,3,21,10,10,1648.77,16487.7,0.0,16487.7,7101.6
103536,20240715,151,1,20,3,6,7004.72,42028.32,0.0,42028.32,21239.97
103537,20241218,33,8,10,10,13,8152.69,105984.97,15897.75,90087.22,39355.16
103538,20240921,72,7,2,1,4,11044.9,44179.6,2208.98,41970.62,16757.47
103539,20230920,195,4,3,9,19,4210.9,80007.1,4000.36,76006.74,38010.03
103540,20250220,172,6,19,1,6,8457.66,50745.96,2537.3,48208.66,21558.6
103541,20250617,193,5,3,3,10,12606.96,126069.6,6303.48,119766.12,42548.73
103542,20241024,2,3,24,5,11,1648.77,18136.47,0.0,18136.47,8990.64
103543,20240302,139,5,22,2,9,12606.96,113462.64,17019.4,96443.24,41457.67
103544,20231016,93,9,18,10,8,2112.21,16897.68,844.88,16052.8,6583.86
103545,20240508,120,2,9,9,12,576.14,6913.68,0.0,6913.68,3430.87
103546,20230621,192,11,16,1,10,4866.69,48666.9,2433.35,46233.55,18012.34
103547,20250102,48,2,9,5,19,576.14,10946.66,547.33,10399.33,4715.18
103548,20241010,110,2,5,5,1,576.14,576.14,0.0,576.14,268.85
103549,20240807,125,8,16,3,14,8152.69,114137.66,5706.88,108430.78,49093.83
103550,20230417,271,6,17,3,2,8457.66,16915.32,0.0,16915.32,8366.61
103551,20250910,125,2,10,3,7,576.14,4032.98,201.65,3831.33,1589.67
103552,20230513,129,4,14,8,16,4210.9,67374.4,3368.72,64005.68,24588.81
103553,20230801,8,8,18,10,3,8152.69,24458.07,1222.9,23235.17,8584.55
103554,20250410,269,6,14,9,10,8457.66,84576.6,0.0,84576.6,42474.13
103555,20230419,209,11,18,9,1,4866.69,4866.69,0.0,4866.69,2119.75
103556,20240210,126,12,3,1,12,1192.37,14308.44,2146.27,12162.17,4692.67
103557,20240206,7,7,2,2,2,11044.9,22089.8,0.0,22089.8,7971.02
103558,20251025,222,6,21,8,11,8457.66,93034.26,13955.14,79079.12,27976.09
103559,20241030,71,3,10,4,4,1648.77,6595.08,0.0,6595.08,3348.01
103560,20230225,207,7,16,7,2,11044.9,22089.8,0.0,22089.8,8064.49
103561,20241016,290,3,1,8,4,1648.77,6595.08,1319.02,5276.06,2270.6
103562,20240526,106,12,17,2,5,1192.37,5961.85,0.0,5961.85,3103.6
103563,20240723,20,1,11,6,8,7004.72,56037.76,8405.66,47632.1,22264.26
103564,20240113,91,1,12,6,13,7004.72,91061.36,0.0,91061.36,32372.88
103565,20230405,39,2,25,9,7,576.14,4032.98,0.0,4032.98,1658.96
103566,20240402,295,2,7,3,8,576.14,4609.12,230.46,4378.66,1850.96
103567,20251124,194,2,7,4,6,576.14,3456.84,0.0,3456.84,1623.13
103568,20241118,211,11,10,10,11,4866.69,53533.59,0.0,53533.59,21994.59
103569,20251022,205,5,25,7,10,12606.96,126069.6,6303.48,119766.12,52174.84
103570,20230111,89,5,19,7,17,12606.96,214318.32,10715.92,203602.4,79133.2
103571,20231223,28,12,19,4,12,1192.37,14308.44,0.0,14308.44,7155.23
103572,20250827,125,5,22,3,19,12606.96,239532.24,11976.61,227555.63,108092.86
103573,20231230,242,4,12,8,13,4210.9,54741.7,5474.17,49267.53,18151.29
103574,20231230,197,7,12,2,11,11044.9,121493.9,6074.69,115419.21,41928.01
103575,20250926,200,3,12,5,8,1648.77,13190.16,1978.52,11211.64,5069.67
103576,20250503,214,5,4,1,9,12606.96,113462.64,5673.13,107789.51,59125.12
103577,20240324,128,7,19,8,12,11044.9,132538.8,0.0,132538.8,69666.55
103578,20240708,202,7,24,4,11,11044.9,121493.9,12149.39,109344.51,45663.66
103579,20250415,66,11,25,3,19,4866.69,92467.11,4623.36,87843.75,36702.59
103580,20240526,79,5,7,8,13,12606.96,163890.48,8194.52,155695.96,72940.14
103581,20240901,53,6,16,4,3,8457.66,25372.98,0.0,25372.98,11203.02
103582,20250506,101,12,21,5,18,1192.37,21462.66,3219.4,18243.26,7567.24
103583,20240311,147,7,18,10,11,11044.9,121493.9,6074.69,115419.21,50303.52
103584,20230223,212,2,13,10,18,576.14,10370.52,0.0,10370.52,4802.6
103585,20240429,280,11,3,6,14,4866.69,68133.66,0.0,68133.66,35571.82
103586,20251021,43,2,13,1,17,576.14,9794.38,979.44,8814.94,4309.87
103587,20230701,15,4,1,6,16,4210.9,67374.4,6737.44,60636.96,26971.12
103588,20250216,31,8,23,2,6,8152.69,48916.14,4891.61,44024.53,22217.13
103589,20230715,141,9,20,4,14,2112.21,29570.94,2957.09,26613.85,14418.99
103590,20230209,285,3,13,3,9,1648.77,14838.93,741.95,14096.98,5266.14
103591,20230908,147,7,7,10,19,11044.9,209853.1,20985.31,188867.79,95680.32
103592,20250624,204,3,11,8,9,1648.77,14838.93,1483.89,13355.04,6673.95
103593,20231203,199,12,10,7,12,1192.37,14308.44,1430.84,12877.6,5035.44
103594,20240127,56,8,5,2,19,8152.69,154901.11,23235.17,131665.94,61583.61
103595,20240907,6,4,13,9,19,4210.9,80007.1,0.0,80007.1,41547.38
103596,20230613,57,3,21,9,14,1648.77,23082.78,2308.28,20774.5,8863.51
103597,20240821,291,8,3,9,20,8152.69,163053.8,8152.69,154901.11,84872.63
103598,20230222,211,11,18,10,8,4866.69,38933.52,0.0,38933.52,15345.05
103599,20230816,17,2,13,8,4,576.14,2304.56,0.0,2304.56,1168.54
103600,20230226,59,7,25,6,8,11044.9,88359.2,4417.96,83941.24,33947.66
103601,20230311,42,4,8,6,8,4210.9,33687.2,0.0,33687.2,13622.41
103602,20250902,215,8,22,5,7,8152.69,57068.83,11413.77,45655.06,18477.81
103603,20230725,145,1,19,8,18,7004.72,126084.96,12608.5,113476.46,45737.87
103604,20230508,37,7,16,3,20,11044.9,220898.0,0.0,220898.0,80579.77
103605,20240529,279,2,4,7,13,576.14,7489.82,0.0,7489.82,3045.25
103606,20230620,13,1,10,2,6,7004.72,42028.32,6304.25,35724.07,12779.59
103607,20251220,288,7,14,8,4,11044.9,44179.6,2208.98,41970.62,19258.57
103608,20230309,38,10,20,5,2,4677.47,9354.94,0.0,9354.94,3544.36
103609,20240215,133,9,24,7,11,2112.21,23234.31,0.0,23234.31,9345.46
103610,20231116,31,4,11,2,7,4210.9,29476.3,0.0,29476.3,10678.58
103611,20250906,290,11,4,8,16,4866.69,77867.04,7786.7,70080.34,37537.03
103612,20230724,106,9,13,2,2,2112.21,4224.42,0.0,4224.42,2143.64
103613,20230722,45,8,4,3,7,8152.69,57068.83,8560.32,48508.51,24571.41
103614,20230720,299,11,10,6,1,4866.69,4866.69,973.34,3893.35,1598.96
103615,20250808,3,3,17,3,18,1648.77,29677.86,2967.79,26710.07,9820.04
103616,20230708,62,3,18,4,15,1648.77,24731.55,3709.73,21021.82,8615.05
103617,20231007,249,12,3,3,20,1192.37,23847.4,0.0,23847.4,10426.75
103618,20251110,189,8,13,1,10,8152.69,81526.9,12229.03,69297.87,26853.23
103619,20230527,123,9,3,8,2,2112.21,4224.42,633.66,3590.76,1615.35
103620,20230816,195,2,19,9,10,576.14,5761.4,0.0,5761.4,2755.58
103621,20230901,179,5,2,5,3,12606.96,37820.88,3782.09,34038.79,12474.54
103622,20241118,112,6,2,4,14,8457.66,118407.24,5920.36,112486.88,49119.48
103623,20240115,199,2,14,7,18,576.14,10370.52,0.0,10370.52,4343.99
103624,20231209,166,3,25,9,16,1648.77,26380.32,2638.03,23742.29,12552.17
103625,20230105,72,11,12,1,10,4866.69,48666.9,2433.35,46233.55,23659.8
103626,20250813,299,9,20,6,20,2112.21,42244.2,0.0,42244.2,19227.13
103627,20250105,219,7,20,9,10,11044.9,110449.0,5522.45,104926.55,57331.34
103628,20240328,30,1,12,9,4,7004.72,28018.88,1400.94,26617.94,12663.05
103629,20241128,222,8,12,8,13,8152.69,105984.97,0.0,105984.97,44811.75
103630,20251030,152,3,6,9,15,1648.77,24731.55,1236.58,23494.97,8629.34
103631,20231116,200,7,5,5,12,11044.9,132538.8,6626.94,125911.86,44721.13
103632,20250222,5,8,1,10,2,8152.69,16305.38,0.0,16305.38,8508.22
103633,20240716,57,4,1,9,13,4210.9,54741.7,2737.09,52004.61,28141.99
103634,20250512,93,5,2,10,17,12606.96,214318.32,10715.92,203602.4,104164.07
103635,20230111,2,11,14,5,14,4866.69,68133.66,3406.68,64726.98,23418.15
103636,20240710,52,8,5,3,18,8152.69,146748.42,0.0,146748.42,65206.56
103637,20231212,99,9,24,4,4,2112.21,8448.84,0.0,8448.84,4427.5
103638,20231127,72,4,5,1,18,4210.9,75796.2,0.0,75796.2,29181.37
103639,20231114,146,1,18,6,9,7004.72,63042.48,3152.12,59890.36,31338.57
103640,20251213,99,6,20,4,19,8457.66,160695.54,8034.78,152660.76,54406.76
103641,20240712,48,1,24,5,18,7004.72,126084.96,0.0,126084.96,59394.58
103642,20230826,117,6,4,4,4,8457.66,33830.64,5074.6,28756.04,12060.45
103643,20230302,161,4,11,7,15,4210.9,63163.5,9474.52,53688.98,20560.0
103644,20251222,68,1,14,10,10,7004.72,70047.2,0.0,70047.2,34326.05
103645,20250106,251,9,2,4,20,2112.21,42244.2,4224.42,38019.78,17292.85
103646,20230301,66,9,1,3,3,2112.21,6336.63,0.0,6336.63,2598.15
103647,20240812,169,4,10,8,3,4210.9,12632.7,631.64,12001.06,6292.36
103648,20230916,262,2,21,2,9,576.14,5185.26,0.0,5185.26,2391.1
103649,20250719,148,12,21,3,5,1192.37,5961.85,298.09,5663.76,2180.87
103650,20251110,285,10,8,3,1,4677.47,4677.47,0.0,4677.47,2344.36
103651,20251016,287,11,23,4,1,4866.69,4866.69,486.67,4380.02,1732.16
103652,20230825,75,2,8,1,20,576.14,11522.8,1152.28,10370.52,5120.39
103653,20240528,123,12,13,8,20,1192.37,23847.4,1192.37,22655.03,9374.36
103654,20241110,283,6,12,3,16,8457.66,135322.56,13532.26,121790.3,57055.26
103655,20240918,11,9,25,9,9,2112.21,19009.89,0.0,19009.89,10055.44
103656,20230102,215,10,14,5,19,4677.47,88871.93,4443.6,84428.33,41192.08
103657,20250105,79,9,20,8,18,2112.21,38019.78,1900.99,36118.79,15366.83
103658,20230410,199,6,14,7,15,8457.66,126864.9,0.0,126864.9,55880.11
103659,20240713,191,8,2,10,3,8152.69,24458.07,0.0,24458.07,9264.24
103660,20250428,48,4,14,5,18,4210.9,75796.2,0.0,75796.2,35438.45
103661,20230430,72,6,8,1,1,8457.66,8457.66,422.88,8034.78,3124.65
103662,20250327,83,11,20,5,13,4866.69,63266.97,0.0,63266.97,25955.83
103663,20251018,93,6,1,10,18,8457.66,152237.88,0.0,152237.88,58891.27
103664,20231016,129,3,7,8,10,1648.77,16487.7,824.39,15663.31,7884.26
103665,20240714,41,8,23,9,5,8152.69,40763.45,0.0,40763.45,20138.34
103666,20241201,127,7,20,8,4,11044.9,44179.6,0.0,44179.6,18449.72
103667,20250728,145,10,1,8,13,4677.47,60807.11,0.0,60807.11,27350.89
103668,20250214,8,3,9,10,6,1648.77,9892.62,0.0,9892.62,3583.97
103669,20240312,114,11,5,6,20,4866.69,97333.8,9733.38,87600.42,42497.71
103670,20240819,184,3,8,9,3,1648.77,4946.31,0.0,4946.31,2263.25
103671,20231013,269,7,8,9,2,11044.9,22089.8,0.0,22089.8,11759.06
103672,20231014,223,7,6,10,20,11044.9,220898.0,11044.9,209853.1,92025.7
103673,20230723,249,5,6,3,20,12606.96,252139.2,0.0,252139.2,94855.87
103674,20240910,45,7,15,3,18,11044.9,198808.2,29821.23,168986.97,65121.95
103675,20230902,184,11,8,9,19,4866.69,92467.11,0.0,92467.11,39874.04
103676,20240305,244,1,13,10,8,7004.72,56037.76,11207.55,44830.21,23037.41
103677,20230309,111,2,8,7,19,576.14,10946.66,0.0,10946.66,3930.2
103678,20251224,184,1,6,9,5,7004.72,35023.6,0.0,35023.6,12925.25
103679,20230410,55,10,8,4,8,4677.47,37419.76,0.0,37419.76,17729.45
103680,20250929,250,2,20,8,2,576.14,1152.28,0.0,1152.28,552.2
103681,20240112,298,11,11,4,14,4866.69,68133.66,0.0,68133.66,25839.35
103682,20241128,193,12,23,3,9,1192.37,10731.33,1073.13,9658.2,3503.98
103683,20250124,182,10,10,10,1,4677.47,4677.47,467.75,4209.72,1961.2
103684,20231020,117,1,10,4,12,7004.72,84056.64,8405.66,75650.98,41266.34
103685,20231007,120,2,13,9,15,576.14,8642.1,432.11,8209.99,4157.28
103686,20230604,146,6,13,6,10,8457.66,84576.6,4228.83,80347.77,32748.78
103687,20240516,228,1,24,7,4,7004.72,28018.88,1400.94,26617.94,14346.97
103688,20241223,101,11,20,5,4,4866.69,19466.76,2920.01,16546.75,8008.89
103689,20251018,220,7,23,1,14,11044.9,154628.6,0.0,154628.6,64777.04
103690,20250822,215,2,5,5,1,576.14,576.14,57.61,518.53,198.09
103691,20230627,165,8,18,10,2,8152.69,16305.38,815.27,15490.11,5651.35
103692,20230503,80,3,8,8,3,1648.77,4946.31,494.63,4451.68,1906.02
103693,20250623,13,7,21,2,16,11044.9,176718.4,8835.92,167882.48,65625.19
103694,20240518,70,3,7,9,16,1648.77,26380.32,0.0,26380.32,11110.0
103695,20231115,37,3,13,3,17,1648.77,28029.09,2802.91,25226.18,12094.04
103696,20250122,213,4,16,4,3,4210.9,12632.7,0.0,12632.7,6558.4
103697,20240930,99,1,2,4,1,7004.72,7004.72,1050.71,5954.01,2375.46
103698,20241120,126,10,25,1,18,4677.47,84194.46,4209.72,79984.74,39142.78
103699,20240513,38,4,5,5,9,4210.9,37898.1,1894.9,36003.2,16917.46
103700,20251025,195,7,20,9,7,11044.9,77314.3,0.0,77314.3,34462.81
103701,20240612,53,8,22,4,18,8152.69,146748.42,0.0,146748.42,71408.11
103702,20250425,176,10,3,10,11,4677.47,51452.17,7717.83,43734.34,23348.45
103703,20231013,22,2,4,4,9,576.14,5185.26,518.53,4666.73,1661.67
103704,20250305,181,3,23,10,14,1648.77,23082.78,0.0,23082.78,8928.37
103705,20250630,113,6,3,8,5,8457.66,42288.3,2114.42,40173.88,22042.79
103706,20241009,177,4,8,2,16,4210.9,67374.4,13474.88,53899.52,22804.15
103707,20250314,161,7,20,7,16,11044.9,176718.4,35343.68,141374.72,56837.66
103708,20250622,262,5,19,2,14,12606.96,176497.44,0.0,176497.44,71611.44
103709,20240812,189,2,1,1,10,576.14,5761.4,288.07,5473.33,2066.83
103710,20230112,212,10,5,10,19,4677.47,88871.93,4443.6,84428.33,36018.43
103711,20241114,57,3,22,9,2,1648.77,3297.54,494.63,2802.91,1410.38
103712,20250705,214,12,16,1,6,1192.37,7154.22,357.71,6796.51,2693.34
103713,20241016,12,10,15,6,19,4677.47,88871.93,8887.19,79984.74,32112.28
103714,20240705,71,2,5,4,19,576.14,10946.66,0.0,10946.66,4788.26
103715,20250130,3,3,5,3,7,1648.77,11541.39,0.0,11541.39,5178.45
103716,20230113,147,6,16,10,19,8457.66,160695.54,8034.78,152660.76,80214.7
103717,20250204,60,9,10,2,2,2112.21,4224.42,211.22,4013.2,1568.05
103718,20251220,69,2,10,4,15,576.14,8642.1,432.11,8209.99,4254.21
103719,20231022,125,4,15,3,5,4210.9,21054.5,2105.45,18949.05,10143.29
103720,20240706,163,2,23,2,13,576.14,7489.82,374.49,7115.33,3580.34
103721,20250630,7,7,7,2,14,11044.9,154628.6,7731.43,146897.17,71124.74
103722,20251201,219,4,1,9,4,4210.9,16843.6,0.0,16843.6,6361.22
103723,20231107,14,1,24,4,17,7004.72,119080.24,0.0,119080.24,63543.74
103724,20230917,199,5,25,7,18,12606.96,226925.28,0.0,226925.28,124484.46
103725,20240311,217,8,22,3,19,8152.69,154901.11,0.0,154901.11,83553.55
103726,20251109,86,12,18,7,20,1192.37,23847.4,1192.37,22655.03,11208.72
103727,20230625,106,7,1,2,11,11044.9,121493.9,6074.69,115419.21,46241.43
103728,20240808,223,10,5,10,1,4677.47,4677.47,233.87,4443.6,1884.51
103729,20250508,144,10,23,5,2,4677.47,9354.94,0.0,9354.94,3625.6
103730,20240619,190,2,19,4,7,576.14,4032.98,0.0,4032.98,2076.88
103731,20230102,40,2,11,2,10,576.14,5761.4,0.0,5761.4,2564.05
103732,20251222,31,9,2,2,7,2112.21,14785.47,2957.09,11828.38,5875.74
103733,20230315,147,5,21,10,3,12606.96,37820.88,0.0,37820.88,13702.02
103734,20240510,33,6,13,10,13,8457.66,109949.58,16492.44,93457.14,39063.78
103735,20240313,170,4,17,3,4,4210.9,16843.6,0.0,16843.6,8070.53
103736,20250904,159,8,11,4,12,8152.69,97832.28,4891.61,92940.67,36192.68
103737,20230125,53,7,17,4,11,11044.9,121493.9,0.0,121493.9,53393.62
103738,20250924,231,9,9,3,2,2112.21,4224.42,0.0,4224.42,2261.87
103739,20230318,80,8,22,8,4,8152.69,32610.76,1630.54,30980.22,14599.8
103740,20240223,248,12,4,10,14,1192.37,16693.18,0.0,16693.18,7063.93
103741,20250308,218,9,14,2,4,2112.21,8448.84,0.0,8448.84,3922.44
103742,20250228,225,6,19,9,17,8457.66,143780.22,0.0,143780.22,56051.46
103743,20250427,34,8,2,6,11,8152.69,89679.59,13451.94,76227.65,31753.99
103744,20240229,192,4,9,1,12,4210.9,50530.8,2526.54,48004.26,17444.5
103745,20241213,217,6,15,3,5,8457.66,42288.3,2114.42,40173.88,16044.75
103746,20240505,127,10,21,8,19,4677.47,88871.93,8887.19,79984.74,36139.98
103747,20240801,82,7,13,8,5,11044.9,55224.5,0.0,55224.5,29328.87
103748,20250914,172,9,2,1,3,2112.21,6336.63,633.66,5702.97,2611.31
103749,20240702,218,7,18,2,16,11044.9,176718.4,8835.92,167882.48,65743.37
103750,20240219,4,3,17,3,11,1648.77,18136.47,0.0,18136.47,9615.78
103751,20250804,92,8,25,8,13,8152.69,105984.97,5299.25,100685.72,46520.34
103752,20240330,131,6,3,10,12,8457.66,101491.92,10149.19,91342.73,44942.82
103753,20231204,164,3,17,9,12,1648.77,19785.24,2967.79,16817.45,7320.53
103754,20240503,3,9,15,3,7,2112.21,14785.47,2217.82,12567.65,4417.92
103755,20250824,65,12,1,5,15,1192.37,17885.55,1788.56,16096.99,6354.32
103756,20231208,248,8,16,10,15,8152.69,122290.35,18343.55,103946.8,56133.9
103757,20230826,62,9,10,4,5,2112.21,10561.05,0.0,10561.05,5160.75
103758,20250911,259,7,7,2,1,11044.9,11044.9,1104.49,9940.41,3601.37
103759,20250625,43,3,3,1,2,1648.77,3297.54,329.75,2967.79,1463.91
103760,20240724,73,4,10,2,10,4210.9,42109.0,2105.45,40003.55,21109.46
103761,20230417,179,12,22,5,16,1192.37,19077.92,1907.79,17170.13,8385.0
103762,20250704,241,2,25,1,20,576.14,11522.8,1152.28,10370.52,5255.16
103763,20250524,62,11,19,4,19,4866.69,92467.11,4623.36,87843.75,32648.65
103764,20250117,223,6,25,10,13,8457.66,109949.58,5497.48,104452.1,46068.79
103765,20240829,21,10,20,9,13,4677.47,60807.11,3040.36,57766.75,22927.95
103766,20240811,137,1,1,7,20,7004.72,140094.4,14009.44,126084.96,47971.27
103767,20240730,71,11,13,4,12,4866.69,58400.28,0.0,58400.28,25799.99
103768,20240215,94,3,3,3,19,1648.77,31326.63,0.0,31326.63,12583.11
103769,20230128,235,1,12,8,10,7004.72,70047.2,3502.36,66544.84,26528.06
103770,20230413,59,6,16,6,19,8457.66,160695.54,0.0,160695.54,85421.66
103771,20241104,20,12,23,6,4,1192.37,4769.48,0.0,4769.48,2047.98
103772,20231107,215,1,1,5,17,7004.72,119080.24,0.0,119080.24,51236.08
103773,20240303,134,8,11,5,20,8152.69,163053.8,8152.69,154901.11,71449.86
103774,20240221,113,6,10,8,17,8457.66,143780.22,7189.01,136591.21,53462.24
103775,20251004,46,10,6,1,4,4677.47,18709.88,0.0,18709.88,8056.17
103776,20230706,130,7,8,10,17,11044.9,187763.3,28164.49,159598.81,87298.99
103777,20250304,146,11,8,6,5,4866.69,24333.45,0.0,24333.45,9527.37
103778,20251010,72,11,14,1,14,4866.69,68133.66,0.0,68133.66,34457.65
103779,20231018,159,7,18,4,11,11044.9,121493.9,0.0,121493.9,64123.79
103780,20231207,256,11,5,2,10,4866.69,48666.9,0.0,48666.9,24925.67
103781,20231017,11,9,13,9,2,2112.21,4224.42,0.0,4224.42,2041.7
103782,20250211,9,6,3,9,19,8457.66,160695.54,0.0,160695.54,80852.04
103783,20240727,107,3,16,6,4,1648.77,6595.08,329.75,6265.33,3009.49
103784,20230427,102,4,11,2,14,4210.9,58952.6,5895.26,53057.34,28222.01
103785,20250220,103,1,3,10,2,7004.72,14009.44,0.0,14009.44,5008.98
103786,20230418,270,10,19,10,8,4677.47,37419.76,0.0,37419.76,16415.06
103787,20230822,2,5,18,5,2,12606.96,25213.92,0.0,25213.92,12070.9
103788,20240417,172,12,9,1,3,1192.37,3577.11,0.0,3577.11,1882.12
103789,20240104,26,10,24,5,8,4677.47,37419.76,0.0,37419.76,15061.54
103790,20240327,228,7,14,7,3,11044.9,33134.7,0.0,33134.7,14363.79
103791,20231215,274,11,1,3,17,4866.69,82733.73,8273.37,74460.36,27287.45
103792,20231008,220,9,3,1,12,2112.21,25346.52,3801.98,21544.54,11268.73
103793,20240912,235,12,9,8,15,1192.37,17885.55,1788.56,16096.99,8440.67
103794,20240327,38,2,2,5,12,576.14,6913.68,691.37,6222.31,3356.16
103795,20240515,5,10,14,10,16,4677.47,74839.52,11225.93,63613.59,29957.68
103796,20251028,149,3,4,10,18,1648.77,29677.86,1483.89,28193.97,10571.57
103797,20240923,72,11,14,1,20,4866.69,97333.8,0.0,97333.8,53508.25
103798,20241230,15,12,4,6,13,1192.37,15500.81,1550.08,13950.73,6074.54
103799,20230721,261,8,16,5,13,8152.69,105984.97,15897.75,90087.22,33787.49
103800,20251223,278,4,14,2,8,4210.9,33687.2,1684.36,32002.84,14567.47
103801,20250102,13,2,24,2,13,576.14,7489.82,1123.47,6366.35,3224.32
103802,20231127,236,7,6,6,19,11044.9,209853.1,0.0,209853.1,91290.89
103803,20250609,228,9,23,7,17,2112.21,35907.57,0.0,35907.57,17589.23
103804,20240203,230,11,13,2,3,4866.69,14600.07,2190.01,12410.06,6799.5
103805,20241027,87,3,18,10,20,1648.77,32975.4,3297.54,29677.86,14626.0
103806,20230102,238,5,19,9,19,12606.96,239532.24,0.0,239532.24,99070.11
103807,20230806,70,6,11,9,20,8457.66,169153.2,8457.66,160695.54,71183.41
103808,20250607,166,10,16,9,13,4677.47,60807.11,0.0,60807.11,27959.65
103809,20240120,286,6,24,10,18,8457.66,152237.88,0.0,152237.88,54176.17
103810,20230529,149,2,25,10,15,576.14,8642.1,0.0,8642.1,4661.94
103811,20250304,169,8,18,8,19,8152.69,154901.11,0.0,154901.11,56383.11
103812,20231012,181,7,12,10,3,11044.9,33134.7,1656.73,31477.97,13796.17
103813,20230822,158,9,14,3,2,2112.21,4224.42,0.0,4224.42,2028.98
103814,20230331,3,12,20,3,6,1192.37,7154.22,0.0,7154.22,3354.42
103815,20240106,268,8,18,2,16,8152.69,130443.04,0.0,130443.04,57735.54
103816,20230412,120,11,1,9,5,4866.69,24333.45,1216.67,23116.78,8174.18
103817,20230728,77,6,21,4,1,8457.66,8457.66,0.0,8457.66,3818.09
103818,20230315,253,5,6,6,19,12606.96,239532.24,23953.22,215579.02,76442.5
103819,20241206,77,3,6,4,8,1648.77,13190.16,1978.52,11211.64,4839.11
103820,20240307,61,11,18,7,1,4866.69,4866.69,0.0,4866.69,2566.14
103821,20230128,256,11,7,2,1,4866.69,4866.69,730.0,4136.69,2119.96
103822,20231220,198,11,23,7,14,4866.69,68133.66,0.0,68133.66,33409.33
103823,20250713,187,4,16,10,10,4210.9,42109.0,8421.8,33687.2,16488.44
103824,20241030,254,12,3,7,9,1192.37,10731.33,0.0,10731.33,5786.41
103825,20250122,209,11,25,9,16,4866.69,77867.04,0.0,77867.04,38471.94
103826,20251006,107,6,21,6,10,8457.66,84576.6,0.0,84576.6,35905.77
103827,20240604,170,12,3,3,9,1192.37,10731.33,0.0,10731.33,4677.01
103828,20250507,182,9,7,10,9,2112.21,19009.89,950.49,18059.4,9161.71
103829,20240413,181,11,18,10,14,4866.69,68133.66,3406.68,64726.98,33718.56
103830,20251009,111,7,13,7,10,11044.9,110449.0,5522.45,104926.55,41767.85
103831,20230302,236,8,12,6,17,8152.69,138595.73,6929.79,131665.94,70423.15
103832,20240818,125,3,25,3,14,1648.77,23082.78,2308.28,20774.5,9805.91
103833,20240323,129,5,8,8,14,12606.96,176497.44,35299.49,141197.95,68918.97
103834,20230306,183,1,25,5,10,7004.72,70047.2,0.0,70047.2,25351.11
103835,20230307,90,9,9,8,13,2112.21,27458.73,1372.94,26085.79,12953.25
103836,20230117,27,8,7,9,9,8152.69,73374.21,0.0,73374.21,40147.6
103837,20240206,291,1,23,9,15,7004.72,105070.8,5253.54,99817.26,53196.18
103838,20250930,73,10,11,2,9,4677.47,42097.23,2104.86,39992.37,21372.61
103839,20230110,124,9,1,10,3,2112.21,6336.63,316.83,6019.8,2510.36
103840,20241220,57,6,2,9,5,8457.66,42288.3,4228.83,38059.47,18162.18
103841,20240906,176,1,22,10,6,7004.72,42028.32,8405.66,33622.66,12401.47
103842,20240305,176,4,3,10,5,4210.9,21054.5,3158.17,17896.33,8399.2
103843,20240421,115,8,20,6,11,8152.69,89679.59,0.0,89679.59,45691.52
103844,20230725,58,3,8,3,12,1648.77,19785.24,989.26,18795.98,7611.51
103845,20231208,206,6,6,3,15,8457.66,126864.9,12686.49,114178.41,43364.67
103846,20250608,195,3,22,9,12,1648.77,19785.24,0.0,19785.24,7127.09
103847,20250114,254,4,17,7,7,4210.9,29476.3,1473.82,28002.48,13591.83
103848,20241214,150,6,3,6,9,8457.66,76118.94,3805.95,72312.99,31548.55
103849,20230325,42,10,8,6,11,4677.47,51452.17,0.0,51452.17,22913.06
103850,20240915,177,6,11,2,8,8457.66,67661.28,6766.13,60895.15,29820.81
103851,20250505,70,8,6,9,18,8152.69,146748.42,14674.84,132073.58,57207.23
103852,20240214,127,8,9,8,13,8152.69,105984.97,0.0,105984.97,54973.15
103853,20230627,163,8,12,2,14,8152.69,114137.66,11413.77,102723.89,51618.68
103854,20231208,218,5,4,2,6,12606.96,75641.76,7564.18,68077.58,24218.56
103855,20240611,270,2,17,10,15,576.14,8642.1,0.0,8642.1,3049.13
103856,20230502,218,10,8,2,3,4677.47,14032.41,701.62,13330.79,5816.19
103857,20230211,121,10,20,4,11,4677.47,51452.17,7717.83,43734.34,19119.14
103858,20251008,31,5,11,2,2,12606.96,25213.92,2521.39,22692.53,11215.12
103859,20231020,65,11,23,5,14,4866.69,68133.66,3406.68,64726.98,31414.58
103860,20230724,89,4,9,7,8,4210.9,33687.2,3368.72,30318.48,13831.39
103861,20251222,20,5,17,6,12,12606.96,151283.52,22692.53,128590.99,47333.1
103862,20240820,78,1,5,8,12,7004.72,84056.64,4202.83,79853.81,31818.41
103863,20240901,188,1,22,1,5,7004.72,35023.6,1751.18,33272.42,16872.0
103864,20240501,55,4,9,4,5,4210.9,21054.5,1052.73,20001.77,10069.33
103865,20250623,194,8,6,4,20,8152.69,163053.8,8152.69,154901.11,57629.38
103866,20241109,150,10,1,6,10,4677.47,46774.7,2338.74,44435.96,17277.43
103867,20230624,267,12,7,1,10,1192.37,11923.7,0.0,11923.7,6278.86
103868,20250201,116,2,2,4,6,576.14,3456.84,345.68,3111.16,1453.07
103869,20250917,61,11,21,7,4,4866.69,19466.76,0.0,19466.76,8401.85
103870,20230823,240,10,5,3,13,4677.47,60807.11,9121.07,51686.04,28013.26
103871,20230512,232,4,6,6,17,4210.9,71585.3,0.0,71585.3,31173.4
103872,20230620,28,12,17,4,16,1192.37,19077.92,0.0,19077.92,9037.41
103873,20231117,51,10,18,3,8,4677.47,37419.76,0.0,37419.76,19831.67
103874,20241021,227,4,22,7,15,4210.9,63163.5,3158.18,60005.32,26810.93
103875,20230225,184,3,19,9,17,1648.77,28029.09,2802.91,25226.18,11287.83
103876,20250624,150,6,20,6,20,8457.66,169153.2,16915.32,152237.88,55748.76
103877,20240207,29,5,9,1,11,12606.96,138676.56,0.0,138676.56,70970.91
103878,20231230,4,3,25,3,13,1648.77,21434.01,2143.4,19290.61,8760.8
103879,20251009,285,10,2,3,7,4677.47,32742.29,3274.23,29468.06,12138.95
103880,20241210,29,3,20,1,11,1648.77,18136.47,906.82,17229.65,7589.97
103881,20250323,25,4,21,7,2,4210.9,8421.8,0.0,8421.8,3965.97
103882,20240226,140,7,22,10,15,11044.9,165673.5,16567.35,149106.15,61061.87
103883,20230521,275,12,24,6,5,1192.37,5961.85,0.0,5961.85,2592.17
103884,20251031,50,1,3,7,8,7004.72,56037.76,5603.78,50433.98,24359.92
103885,20250703,89,2,2,7,11,576.14,6337.54,0.0,6337.54,2528.13
103886,20250207,31,2,18,2,10,576.14,5761.4,0.0,5761.4,2019.86
103887,20240426,275,11,18,6,6,4866.69,29200.14,0.0,29200.14,11598.56
103888,20230306,282,12,7,4,3,1192.37,3577.11,536.57,3040.54,1472.91
103889,20251207,63,12,25,10,14,1192.37,16693.18,0.0,16693.18,8650.73
103890,20240501,276,10,22,6,3,4677.47,14032.41,701.62,13330.79,6535.86
103891,20240517,195,10,1,9,15,4677.47,70162.05,7016.21,63145.84,29583.96
103892,20240919,249,7,16,3,6,11044.9,66269.4,0.0,66269.4,23500.92
103893,20230923,42,5,23,6,4,12606.96,50427.84,5042.78,45385.06,24657.92
103894,20230119,234,2,14,5,8,576.14,4609.12,0.0,4609.12,1949.83
103895,20230226,273,10,11,4,4,4677.47,18709.88,0.0,18709.88,8265.19
103896,20251219,191,2,25,10,4,576.14,2304.56,345.68,1958.88,914.46
103897,20230614,136,11,10,3,12,4866.69,58400.28,0.0,58400.28,24684.26
103898,20250825,73,10,13,2,12,4677.47,56129.64,0.0,56129.64,28880.97
103899,20240117,233,7,16,7,3,11044.9,33134.7,0.0,33134.7,14553.74
103900,20230827,257,9,14,7,5,2112.21,10561.05,1056.11,9504.94,3783.95
103901,20241226,206,2,5,3,13,576.14,7489.82,748.98,6740.84,2873.87
103902,20250621,279,4,1,7,12,4210.9,50530.8,0.0,50530.8,19782.54
103903,20230721,101,9,17,5,16,2112.21,33795.36,3379.54,30415.82,15652.98
103904,20230406,85,12,5,4,7,1192.37,8346.59,834.66,7511.93,4022.83
103905,20240814,195,2,10,9,10,576.14,5761.4,576.14,5185.26,2733.41
103906,20231227,254,7,7,7,7,11044.9,77314.3,0.0,77314.3,41771.8
103907,20230815,37,8,14,3,4,8152.69,32610.76,3261.08,29349.68,11294.44
103908,20230729,192,3,10,1,17,1648.77,28029.09,0.0,28029.09,13179.08
103909,20251225,216,4,14,3,9,4210.9,37898.1,1894.9,36003.2,18662.03
103910,20250306,161,7,18,7,19,11044.9,209853.1,0.0,209853.1,94875.17
103911,20250916,12,4,13,6,18,4210.9,75796.2,3789.81,72006.39,39046.06
103912,20230107,15,5,18,6,8,12606.96,100855.68,5042.78,95812.9,45096.28
103913,20240411,206,12,8,3,3,1192.37,3577.11,357.71,3219.4,1498.09
103914,20240106,75,12,20,1,4,1192.37,4769.48,476.95,4292.53,1646.33
103915,20230429,197,6,20,2,8,8457.66,67661.28,0.0,67661.28,24272.55
103916,20240625,26,7,24,5,5,11044.9,55224.5,2761.23,52463.27,19222.08
103917,20250714,88,3,17,6,6,1648.77,9892.62,0.0,9892.62,3707.91
103918,20240130,11,2,18,9,4,576.14,2304.56,115.23,2189.33,1021.71
103919,20250331,28,8,11,4,15,8152.69,122290.35,6114.52,116175.83,57602.26
103920,20251202,130,10,16,10,10,4677.47,46774.7,2338.74,44435.96,19541.12
103921,20230427,162,3,5,3,4,1648.77,6595.08,329.75,6265.33,2331.18
103922,20250418,172,7,12,1,17,11044.9,187763.3,18776.33,168986.97,77831.75
103923,20251230,53,1,14,4,3,7004.72,21014.16,1050.71,19963.45,9509.96
103924,20241003,209,4,4,9,14,4210.9,58952.6,0.0,58952.6,21743.11
103925,20250802,188,6,15,1,6,8457.66,50745.96,5074.6,45671.36,22865.77
103926,20230731,215,10,10,5,20,4677.47,93549.4,4677.47,88871.93,39779.14
103927,20251104,37,2,19,3,7,576.14,4032.98,201.65,3831.33,1869.49
103928,20230420,201,9,6,8,2,2112.21,4224.42,0.0,4224.42,1653.59
103929,20230127,256,2,14,2,16,576.14,9218.24,0.0,9218.24,4692.72
103930,20231218,59,7,8,6,7,11044.9,77314.3,3865.72,73448.58,27477.62
103931,20240510,40,8,20,2,17,8152.69,138595.73,0.0,138595.73,64541.14
103932,20230403,159,12,20,4,2,1192.37,2384.74,0.0,2384.74,1155.43
103933,20250101,152,6,17,9,11,8457.66,93034.26,4651.71,88382.55,36974.78
103934,20250512,121,11,20,4,19,4866.69,92467.11,4623.36,87843.75,45342.57
103935,20231110,247,5,24,10,7,12606.96,88248.72,4412.44,83836.28,31926.99
103936,20241021,176,2,15,10,9,576.14,5185.26,0.0,5185.26,2437.28
103937,20240113,166,9,3,9,9,2112.21,19009.89,1900.99,17108.9,8957.01
103938,20240103,55,12,6,4,7,1192.37,8346.59,417.33,7929.26,2834.43
103939,20250320,120,10,20,9,9,4677.47,42097.23,0.0,42097.23,15556.34
103940,20240301,285,5,11,3,8,12606.96,100855.68,0.0,100855.68,43158.4
103941,20230418,125,1,25,3,16,7004.72,112075.52,5603.78,106471.74,48366.2
103942,20241122,24,11,19,4,14,4866.69,68133.66,6813.37,61320.29,25213.11
103943,20250809,70,11,9,9,2,4866.69,9733.38,486.67,9246.71,4621.98
103944,20231227,56,8,16,2,7,8152.69,57068.83,0.0,57068.83,30768.18
103945,20230710,215,7,17,5,3,11044.9,33134.7,0.0,33134.7,12963.59
103946,20250821,99,7,15,4,1,11044.9,11044.9,552.25,10492.65,3958.01
103947,20250907,116,12,10,4,1,1192.37,1192.37,119.24,1073.13,414.28
103948,20230929,88,11,6,6,9,4866.69,43800.21,0.0,43800.21,20732.65
103949,20240415,32,7,22,4,8,11044.9,88359.2,0.0,88359.2,35073.1
103950,20241002,158,1,4,3,18,7004.72,126084.96,0.0,126084.96,64073.92
103951,20240817,138,3,10,4,18,1648.77,29677.86,4451.68,25226.18,10195.17
103952,20230305,81,12,9,4,8,1192.37,9538.96,953.9,8585.06,4299.29
103953,20230115,158,8,14,3,12,8152.69,97832.28,9783.23,88049.05,47334.82
103954,20230830,264,7,22,6,3,11044.9,33134.7,6626.94,26507.76,11485.96
103955,20240715,5,10,19,10,10,4677.47,46774.7,0.0,46774.7,21001.77
103956,20240130,277,10,23,5,3,4677.47,14032.41,2104.86,11927.55,5289.77
103957,20241017,160,11,5,3,10,4866.69,48666.9,4866.69,43800.21,24003.55
103958,20230425,261,3,13,5,3,1648.77,4946.31,494.63,4451.68,2289.77
103959,20230525,14,11,7,4,11,4866.69,53533.59,0.0,53533.59,25337.48
103960,20240107,296,10,6,8,2,4677.47,9354.94,467.75,8887.19,3420.68
103961,20250910,196,12,13,8,14,1192.37,16693.18,834.66,15858.52,8520.91
103962,20250517,89,3,19,7,12,1648.77,19785.24,0.0,19785.24,9050.8
103963,20230711,292,5,3,5,3,12606.96,37820.88,1891.04,35929.84,16468.56
103964,20240128,9,10,8,9,10,4677.47,46774.7,0.0,46774.7,22486.52
103965,20231101,151,1,13,3,14,7004.72,98066.08,9806.61,88259.47,39935.42
103966,20240120,139,7,7,2,7,11044.9,77314.3,7731.43,69582.87,33741.37
103967,20240416,122,5,7,9,16,12606.96,201711.36,0.0,201711.36,108483.23
103968,20251214,196,7,20,8,9,11044.9,99404.1,9940.41,89463.69,40396.98
103969,20250111,148,3,10,3,8,1648.77,13190.16,1319.02,11871.14,4574.18
103970,20231001,284,6,11,9,1,8457.66,8457.66,422.88,8034.78,3140.32
103971,20230214,296,6,6,8,18,8457.66,152237.88,7611.89,144625.99,77691.54
103972,20250203,140,8,21,10,1,8152.69,8152.69,0.0,8152.69,3549.55
103973,20250514,146,6,7,6,11,8457.66,93034.26,4651.71,88382.55,45773.44
103974,20250821,208,6,2,4,9,8457.66,76118.94,3805.95,72312.99,36916.76
103975,20251207,104,1,2,7,19,7004.72,133089.68,13308.97,119780.71,50073.68
103976,20231007,282,9,15,4,7,2112.21,14785.47,2217.82,12567.65,6876.91
103977,20250403,194,9,14,4,14,2112.21,29570.94,1478.55,28092.39,12860.1
103978,20240612,234,1,14,5,4,7004.72,28018.88,1400.94,26617.94,13859.18
103979,20230215,222,10,2,8,3,4677.47,14032.41,1403.24,12629.17,5989.32
103980,20230618,42,1,25,6,7,7004.72,49033.04,4903.3,44129.74,17746.42
103981,20250706,53,6,13,4,16,8457.66,135322.56,13532.26,121790.3,52828.52
103982,20241029,1,11,11,9,3,4866.69,14600.07,730.0,13870.07,6255.91
103983,20230210,50,7,16,7,10,11044.9,110449.0,0.0,110449.0,58246.79
103984,20240106,105,5,23,4,7,12606.96,88248.72,17649.74,70598.98,29904.84
103985,20250609,295,9,11,3,1,2112.21,2112.21,316.83,1795.38,984.66
103986,20240723,166,1,21,9,11,7004.72,77051.92,7705.19,69346.73,29937.38
103987,20240414,249,6,10,3,2,8457.66,16915.32,0.0,16915.32,8328.88
103988,20240625,92,9,14,8,3,2112.21,6336.63,316.83,6019.8,2953.32
103989,20231210,170,8,4,3,10,8152.69,81526.9,16305.38,65221.52,33843.24
103990,20241107,29,11,8,1,18,4866.69,87600.42,0.0,87600.42,43024.51
103991,20251001,220,12,6,1,13,1192.37,15500.81,2325.12,13175.69,5404.28
103992,20230527,211,4,17,10,10,4210.9,42109.0,2105.45,40003.55,20071.71
103993,20250413,287,1,22,4,13,7004.72,91061.36,0.0,91061.36,41198.87
103994,20240328,10,12,3,3,1,1192.37,1192.37,119.24,1073.13,558.06
103995,20231017,225,9,19,9,13,2112.21,27458.73,1372.94,26085.79,9568.58
103996,20240302,1,5,21,9,17,12606.96,214318.32,32147.75,182170.57,69131.17
103997,20250929,236,6,17,6,13,8457.66,109949.58,10994.96,98954.62,35599.37
103998,20240318,199,6,14,7,5,8457.66,42288.3,0.0,42288.3,16444.25
103999,20250515,111,5,10,7,10,12606.96,126069.6,0.0,126069.6,59130.01
104000,20250405,261,10,13,5,8,4677.47,37419.76,0.0,37419.76,17117.42
104001,20231105,101,4,12,5,15,4210.9,63163.5,6316.35,56847.15,20905.85
104002,20230408,230,4,4,2,15,4210.9,63163.5,0.0,63163.5,33052.03
104003,20250802,237,7,6,7,14,11044.9,154628.6,23194.29,131434.31,56204.58
104004,20250314,228,9,11,7,2,2112.21,4224.42,211.22,4013.2,2128.38
104005,20250927,254,5,16,7,12,12606.96,151283.52,7564.18,143719.34,69966.55
104006,20240505,147,9,23,10,11,2112.21,23234.31,0.0,23234.31,9777.66
104007,20240125,229,12,15,5,9,1192.37,10731.33,1609.7,9121.63,4778.3
104008,20240506,244,7,15,10,14,11044.9,154628.6,7731.43,146897.17,59681.16
104009,20240627,77,1,16,4,14,7004.72,98066.08,4903.3,93162.78,34107.21
104010,20250630,180,4,10,7,3,4210.9,12632.7,0.0,12632.7,6327.42
104011,20240301,107,1,20,6,19,7004.72,133089.68,0.0,133089.68,47441.63
104012,20230406,293,5,24,2,2,12606.96,25213.92,2521.39,22692.53,9633.44
104013,20250101,260,3,8,6,10,1648.77,16487.7,1648.77,14838.93,6212.78
104014,20251211,171,11,22,6,14,4866.69,68133.66,0.0,68133.66,28506.53
104015,20240105,103,11,5,10,14,4866.69,68133.66,3406.68,64726.98,23067.29
104016,20230128,19,5,15,1,1,12606.96,12606.96,1891.04,10715.92,4973.52
104017,20230611,36,1,24,10,8,7004.72,56037.76,5603.78,50433.98,23551.8
104018,20250110,216,2,3,3,20,576.14,11522.8,1152.28,10370.52,4869.69
104019,20250328,161,2,3,7,18,576.14,10370.52,0.0,10370.52,5468.86
104020,20251025,111,12,15,7,9,1192.37,10731.33,536.57,10194.76,3724.15
104021,20240919,241,8,14,1,3,8152.69,24458.07,1222.9,23235.17,11683.18
104022,20250416,262,8,22,2,1,8152.69,8152.69,0.0,8152.69,3606.03
104023,20250422,205,11,21,7,13,4866.69,63266.97,3163.35,60103.62,22806.45
104024,20230202,191,12,5,10,12,1192.37,14308.44,715.42,13593.02,7416.22
104025,20250206,9,9,21,9,20,2112.21,42244.2,0.0,42244.2,20854.52
104026,20240421,119,1,24,10,6,7004.72,42028.32,2101.42,39926.9,15459.18
104027,20250515,147,1,11,10,9,7004.72,63042.48,6304.25,56738.23,27579.42
104028,20251231,217,3,5,3,3,1648.77,4946.31,0.0,4946.31,2081.95
104029,20240318,46,9,13,1,13,2112.21,27458.73,0.0,27458.73,12271.6
104030,20250712,125,4,18,3,19,4210.9,80007.1,8000.71,72006.39,28850.52
104031,20251021,174,3,9,7,15,1648.77,24731.55,0.0,24731.55,10152.03
104032,20230920,2,4,11,5,20,4210.9,84218.0,0.0,84218.0,31213.07
104033,20231207,116,9,16,4,8,2112.21,16897.68,1689.77,15207.91,8340.36
104034,20250412,212,5,16,10,16,12606.96,201711.36,0.0,201711.36,78820.21
104035,20240221,188,2,17,1,7,576.14,4032.98,0.0,4032.98,1698.16
104036,20250204,101,5,14,5,11,12606.96,138676.56,6933.83,131742.73,48179.23
104037,20240306,270,9,12,10,6,2112.21,12673.26,1267.33,11405.93,5107.48
104038,20241102,176,10,20,10,2,4677.47,9354.94,935.49,8419.45,3826.66
104039,20230605,88,9,13,6,11,2112.21,23234.31,0.0,23234.31,10542.94
104040,20230815,193,8,12,3,20,8152.69,163053.8,0.0,163053.8,74614.62
104041,20230718,113,5,18,8,19,12606.96,239532.24,0.0,239532.24,126546.25
104042,20230326,29,4,18,1,3,4210.9,12632.7,1263.27,11369.43,5948.82
104043,20240123,133,3,23,7,20,1648.77,32975.4,6595.08,26380.32,10146.13
104044,20231118,53,12,20,4,12,1192.37,14308.44,715.42,13593.02,6781.73
104045,20240510,27,10,24,9,4,4677.47,18709.88,0.0,18709.88,8475.61
104046,20231113,242,4,10,8,3,4210.9,12632.7,2526.54,10106.16,4134.88
104047,20250402,46,4,8,1,3,4210.9,12632.7,0.0,12632.7,6041.24
104048,20250112,101,1,3,5,11,7004.72,77051.92,0.0,77051.92,29893.21
104049,20240921,152,1,15,9,15,7004.72,105070.8,5253.54,99817.26,48345.86
104050,20230724,25,10,24,7,14,4677.47,65484.58,0.0,65484.58,30110.2
104051,20241002,164,8,14,9,14,8152.69,114137.66,0.0,114137.66,58215.23
104052,20241028,156,2,18,5,6,576.14,3456.84,172.84,3284.0,1213.95
104053,20250412,137,6,5,7,2,8457.66,16915.32,845.77,16069.55,7824.06
104054,20230730,12,7,4,6,13,11044.9,143583.7,28716.74,114866.96,48945.62
104055,20230711,9,1,25,9,17,7004.72,119080.24,5954.01,113126.23,43215.06
104056,20240527,69,12,4,4,13,1192.37,15500.81,775.04,14725.77,6383.34
104057,20251028,65,3,22,5,3,1648.77,4946.31,247.32,4698.99,2113.81
104058,20250403,88,11,13,6,20,4866.69,97333.8,4866.69,92467.11,39417.96
104059,20231027,16,9,7,4,9,2112.21,19009.89,950.49,18059.4,9208.96
104060,20230626,2,1,12,5,19,7004.72,133089.68,0.0,133089.68,64203.76
104061,20241221,253,3,25,6,5,1648.77,8243.85,412.19,7831.66,3455.12
104062,20240217,81,3,1,4,2,1648.77,3297.54,659.51,2638.03,1272.06
104063,20240701,287,6,20,4,16,8457.66,135322.56,13532.26,121790.3,48815.71
104064,20240127,285,8,4,3,5,8152.69,40763.45,2038.17,38725.28,14238.3
104065,20241116,96,12,2,5,11,1192.37,13116.07,1311.61,11804.46,5339.68
104066,20230217,76,11,17,3,13,4866.69,63266.97,0.0,63266.97,26953.04
104067,20240812,283,1,6,3,6,7004.72,42028.32,0.0,42028.32,18227.76
104068,20250104,154,8,9,9,15,8152.69,122290.35,24458.07,97832.28,42051.04
104069,20241129,22,12,19,4,1,1192.37,1192.37,0.0,1192.37,437.23
104070,20251026,300,9,11,8,14,2112.21,29570.94,0.0,29570.94,14417.67
104071,20240223,19,2,13,1,11,576.14,6337.54,316.88,6020.66,2534.0
104072,20231003,113,9,18,8,16,2112.21,33795.36,1689.77,32105.59,17187.7
104073,20250625,196,6,14,8,20,8457.66,169153.2,8457.66,160695.54,63881.46
104074,20240226,200,11,2,5,14,4866.69,68133.66,3406.68,64726.98,34111.75
104075,20231010,12,2,4,6,7,576.14,4032.98,201.65,3831.33,1347.96
104076,20240726,247,10,9,10,15,4677.47,70162.05,10524.31,59637.74,21823.14
104077,20230201,110,9,1,5,7,2112.21,14785.47,0.0,14785.47,7422.09
104078,20240609,267,10,25,1,11,4677.47,51452.17,5145.22,46306.95,21394.92
104079,20240816,158,2,19,3,4,576.14,2304.56,0.0,2304.56,1179.42
104080,20230408,186,4,10,4,15,4210.9,63163.5,0.0,63163.5,25131.1
104081,20250104,48,12,14,5,16,1192.37,19077.92,0.0,19077.92,6892.07
104082,20241109,114,3,22,6,13,1648.77,21434.01,1071.7,20362.31,10416.66
104083,20240607,262,9,13,2,17,2112.21,35907.57,3590.76,32316.81,13985.88
104084,20241110,195,12,22,9,5,1192.37,5961.85,298.09,5663.76,2171.26
104085,20251231,96,3,17,5,6,1648.77,9892.62,989.26,8903.36,4720.69
104086,20230815,270,4,5,10,8,4210.9,33687.2,0.0,33687.2,12071.7
104087,20251110,264,6,14,6,18,8457.66,152237.88,15223.79,137014.09,66630.18
104088,20250515,249,7,21,3,16,11044.9,176718.4,8835.92,167882.48,79267.79
104089,20250328,143,6,18,10,8,8457.66,67661.28,3383.06,64278.22,25952.98
104090,20240728,295,6,19,3,16,8457.66,135322.56,0.0,135322.56,49510.45
104091,20250101,103,2,16,10,11,576.14,6337.54,950.63,5386.91,2622.0
104092,20241106,82,9,23,8,20,2112.21,42244.2,2112.21,40131.99,18359.98
104093,20250725,142,2,22,1,3,576.14,1728.42,172.84,1555.58,635.03
104094,20251214,198,11,6,7,14,4866.69,68133.66,3406.68,64726.98,32500.88
104095,20230830,253,7,9,6,11,11044.9,121493.9,0.0,121493.9,57421.14
104096,20241229,163,2,25,2,12,576.14,6913.68,691.37,6222.31,2720.18
104097,20230817,207,8,17,7,20,8152.69,163053.8,8152.69,154901.11,83193.21
104098,20230117,26,10,7,5,12,4677.47,56129.64,5612.96,50516.68,25947.15
104099,20230505,57,7,7,9,2,11044.9,22089.8,0.0,22089.8,10984.85
104100,20250831,80,3,9,8,5,1648.77,8243.85,0.0,8243.85,3348.26
104101,20240316,157,11,20,8,6,4866.69,29200.14,1460.01,27740.13,11984.9
104102,20230410,291,11,17,9,9,4866.69,43800.21,2190.01,41610.2,20340.38
104103,20230619,260,1,9,6,1,7004.72,7004.72,700.47,6304.25,2454.29
104104,20240906,284,1,3,9,11,7004.72,77051.92,11557.79,65494.13,28668.53
104105,20240510,192,9,13,1,13,2112.21,27458.73,5491.75,21966.98,9823.5
104106,20241209,168,5,9,10,14,12606.96,176497.44,26474.62,150022.82,62861.07
104107,20231112,202,1,20,4,14,7004.72,98066.08,4903.3,93162.78,37587.89
104108,20250405,71,8,5,4,2,8152.69,16305.38,815.27,15490.11,7743.16
104109,20250320,154,10,19,9,3,4677.47,14032.41,0.0,14032.41,6850.27
104110,20251222,179,7,15,5,5,11044.9,55224.5,5522.45,49702.05,21018.31
104111,20230329,88,2,12,6,11,576.14,6337.54,633.75,5703.79,2965.73
104112,20240321,286,4,1,10,16,4210.9,67374.4,3368.72,64005.68,33599.81
104113,20231012,46,3,13,1,6,1648.77,9892.62,494.63,9397.99,3698.19
104114,20250129,204,8,21,8,17,8152.69,138595.73,0.0,138595.73,69253.19
104115,20230106,229,9,20,5,1,2112.21,2112.21,211.22,1900.99,980.96
104116,20230618,289,12,19,8,4,1192.37,4769.48,238.47,4531.01,1644.46
104117,20250916,192,6,3,1,5,8457.66,42288.3,2114.42,40173.88,19588.72
104118,20240904,50,5,20,7,6,12606.96,75641.76,0.0,75641.76,36643.66
104119,20250529,142,10,18,1,6,4677.47,28064.82,1403.24,26661.58,12920.01
104120,20240515,265,11,11,8,19,4866.69,92467.11,4623.36,87843.75,38475.12
104121,20250608,180,7,25,7,11,11044.9,121493.9,6074.69,115419.21,41243.91
104122,20230208,186,6,10,4,20,8457.66,169153.2,0.0,169153.2,86058.09
104123,20240306,157,4,25,8,14,4210.9,58952.6,2947.63,56004.97,26963.51
104124,20230728,173,7,19,2,6,11044.9,66269.4,13253.88,53015.52,26252.48
104125,20240628,28,8,13,4,8,8152.69,65221.52,0.0,65221.52,24295.71
104126,20240307,185,10,15,5,15,4677.47,70162.05,0.0,70162.05,25271.71
104127,20230408,57,2,11,9,9,576.14,5185.26,259.26,4926.0,2570.2
104128,20240812,135,4,22,2,3,4210.9,12632.7,1263.27,11369.43,5478.39
104129,20250917,69,3,12,4,12,1648.77,19785.24,989.26,18795.98,8460.0
104130,20250401,131,2,8,10,11,576.14,6337.54,0.0,6337.54,3443.06
104131,20250926,159,2,13,4,18,576.14,10370.52,0.0,10370.52,4975.16
104132,20250815,110,10,22,5,11,4677.47,51452.17,0.0,51452.17,26865.27
104133,20250121,191,6,18,10,1,8457.66,8457.66,845.77,7611.89,3690.47
104134,20241205,249,12,20,3,10,1192.37,11923.7,1192.37,10731.33,4533.18
104135,20251024,51,11,14,3,13,4866.69,63266.97,0.0,63266.97,32106.91
104136,20251223,135,11,21,2,4,4866.69,19466.76,1946.68,17520.08,7570.58
104137,20240503,110,12,24,5,10,1192.37,11923.7,596.19,11327.51,4645.6
104138,20250810,53,5,13,4,19,12606.96,239532.24,47906.45,191625.79,84107.94
104139,20230716,131,12,16,10,19,1192.37,22655.03,1132.75,21522.28,11016.64
104140,20240517,149,2,18,10,12,576.14,6913.68,691.37,6222.31,2889.52
104141,20230327,266,12,7,1,16,1192.37,19077.92,2861.69,16216.23,6884.97
104142,20250404,19,2,15,1,1,576.14,576.14,0.0,576.14,296.67
104143,20230726,10,2,15,3,12,576.14,6913.68,345.68,6568.0,2339.84
104144,20230322,54,8,24,8,2,8152.69,16305.38,2445.81,13859.57,6125.96
104145,20240706,295,1,16,3,18,7004.72,126084.96,6304.25,119780.71,56234.23
104146,20251219,161,6,22,7,4,8457.66,33830.64,0.0,33830.64,16601.61
104147,20230813,187,10,25,10,8,4677.47,37419.76,3741.98,33677.78,16977.98
104148,20250518,228,7,22,7,8,11044.9,88359.2,0.0,88359.2,34423.72
104149,20250527,250,4,12,8,12,4210.9,50530.8,5053.08,45477.72,21323.11
104150,20230404,251,1,15,4,5,7004.72,35023.6,0.0,35023.6,16029.12
104151,20240707,44,4,8,1,12,4210.9,50530.8,5053.08,45477.72,22768.71
104152,20230115,39,5,7,9,2,12606.96,25213.92,1260.7,23953.22,12746.83
104153,20240926,85,8,21,4,10,8152.69,81526.9,16305.38,65221.52,25784.82
104154,20250409,116,6,16,4,19,8457.66,160695.54,8034.78,152660.76,76899.06
104155,20230509,138,9,1,4,7,2112.21,14785.47,1478.55,13306.92,6930.65
104156,20230123,27,8,22,9,8,8152.69,65221.52,6522.15,58699.37,29633.55
104157,20250613,187,9,5,10,13,2112.21,27458.73,2745.87,24712.86,11188.33
104158,20241202,93,11,14,10,8,4866.69,38933.52,5840.03,33093.49,14699.3
104159,20240625,35,3,17,5,17,1648.77,28029.09,0.0,28029.09,15073.9
104160,20230801,46,3,22,1,5,1648.77,8243.85,1648.77,6595.08,3359.22
104161,20231207,39,5,21,9,6,12606.96,75641.76,0.0,75641.76,28881.03
104162,20250212,43,2,19,1,16,576.14,9218.24,921.82,8296.42,3810.64
104163,20231028,171,10,10,6,13,4677.47,60807.11,12161.42,48645.69,24408.26
104164,20250713,136,11,21,3,9,4866.69,43800.21,0.0,43800.21,18591.45
104165,20240315,93,6,22,10,11,8457.66,93034.26,0.0,93034.26,49764.66
104166,20230813,267,2,25,1,18,576.14,10370.52,1037.05,9333.47,4693.83
104167,20241202,44,4,13,1,15,4210.9,63163.5,0.0,63163.5,34315.1
104168,20241123,74,1,7,7,18,7004.72,126084.96,12608.5,113476.46,54320.46
104169,20230725,111,8,24,7,14,8152.69,114137.66,5706.88,108430.78,54872.98
104170,20240726,255,2,9,3,13,576.14,7489.82,748.98,6740.84,2582.84
104171,20230602,134,11,17,5,8,4866.69,38933.52,0.0,38933.52,16146.85
104172,20230503,50,2,6,7,15,576.14,8642.1,0.0,8642.1,3382.62
104173,20250308,6,4,1,9,17,4210.9,71585.3,3579.27,68006.03,34379.91
104174,20240819,240,8,2,3,19,8152.69,154901.11,0.0,154901.11,67282.47
104175,20250916,223,2,18,10,8,576.14,4609.12,460.91,4148.21,1764.83
104176,20250203,2,8,14,5,16,8152.69,130443.04,13044.3,117398.74,42631.72
104177,20250502,95,2,16,6,5,576.14,2880.7,0.0,2880.7,1322.59
104178,20251123,203,9,2,7,10,2112.21,21122.1,0.0,21122.1,9039.97
104179,20240331,23,4,22,9,6,4210.9,25265.4,0.0,25265.4,10345.54
104180,20241103,206,5,20,3,14,12606.96,176497.44,8824.87,167672.57,62346.97
104181,20230620,206,1,11,3,8,7004.72,56037.76,2801.89,53235.87,18850.11
104182,20240527,292,1,19,5,16,7004.72,112075.52,5603.78,106471.74,42151.48
104183,20230925,173,11,4,2,20,4866.69,97333.8,4866.69,92467.11,33345.12
104184,20230522,192,9,19,1,4,2112.21,8448.84,0.0,8448.84,4635.83
104185,20231019,297,7,15,9,1,11044.9,11044.9,552.25,10492.65,4039.99
104186,20241111,127,2,20,8,8,576.14,4609.12,230.46,4378.66,1881.05
104187,20231011,175,3,13,9,1,1648.77,1648.77,0.0,1648.77,614.36
104188,20230221,282,12,17,4,15,1192.37,17885.55,0.0,17885.55,7248.46
104189,20230122,73,10,8,2,7,4677.47,32742.29,3274.23,29468.06,12483.01
104190,20240417,258,5,7,6,20,12606.96,252139.2,12606.96,239532.24,84040.45
104191,20250111,230,4,11,2,3,4210.9,12632.7,631.64,12001.06,5011.82
104192,20240603,194,10,7,4,12,4677.47,56129.64,0.0,56129.64,29480.21
104193,20230616,156,1,25,5,3,7004.72,21014.16,0.0,21014.16,9637.43
104194,20240123,45,10,11,3,12,4677.47,56129.64,2806.48,53323.16,25432.87
104195,20250914,290,10,1,8,8,4677.47,37419.76,0.0,37419.76,18772.5
104196,20250718,52,8,16,3,3,8152.69,24458.07,3668.71,20789.36,10183.7
104197,20240129,17,6,14,8,17,8457.66,143780.22,7189.01,136591.21,49363.62
104198,20240913,38,3,9,5,13,1648.77,21434.01,0.0,21434.01,7901.53
104199,20250314,130,9,8,10,18,2112.21,38019.78,1900.99,36118.79,14150.14
104200,20250706,198,9,9,7,4,2112.21,8448.84,844.88,7603.96,3351.13
104201,20250406,235,8,22,8,14,8152.69,114137.66,17120.65,97017.01,34138.15
104202,20240727,115,5,11,6,19,12606.96,239532.24,23953.22,215579.02,95072.35
104203,20240422,41,11,25,9,16,4866.69,77867.04,7786.7,70080.34,25153.34
104204,20240407,91,5,19,6,14,12606.96,176497.44,17649.74,158847.7,78552.17
104205,20250713,171,8,9,6,11,8152.69,89679.59,0.0,89679.59,31393.64
104206,20240729,274,1,19,3,10,7004.72,70047.2,7004.72,63042.48,34461.78
104207,20240320,60,9,3,2,12,2112.21,25346.52,0.0,25346.52,13212.87
104208,20240815,84,8,2,2,15,8152.69,122290.35,6114.52,116175.83,60381.46
104209,20250107,297,12,10,9,16,1192.37,19077.92,953.9,18124.02,6768.84
104210,20230809,27,8,19,9,16,8152.69,130443.04,0.0,130443.04,68642.07
104211,20250111,149,11,24,10,12,4866.69,58400.28,2920.01,55480.27,24537.09
104212,20251114,290,8,5,8,6,8152.69,48916.14,0.0,48916.14,22761.81
104213,20240829,260,6,9,6,1,8457.66,8457.66,845.77,7611.89,3547.1
104214,20251105,133,11,13,7,17,4866.69,82733.73,12410.06,70323.67,35044.3
104215,20230124,223,7,24,10,19,11044.9,209853.1,20985.31,188867.79,72978.37
104216,20250415,35,4,17,5,5,4210.9,21054.5,3158.17,17896.33,9061.94
104217,20250902,18,10,25,7,15,4677.47,70162.05,10524.31,59637.74,31493.15
104218,20250618,192,8,2,1,7,8152.69,57068.83,2853.44,54215.39,28659.12
104219,20250412,74,7,8,7,16,11044.9,176718.4,8835.92,167882.48,64928.13
104220,20250628,36,11,3,10,2,4866.69,9733.38,1460.01,8273.37,4152.06
104221,20250102,64,3,18,9,20,1648.77,32975.4,1648.77,31326.63,12138.64
104222,20230308,209,9,21,9,6,2112.21,12673.26,0.0,12673.26,4851.23
104223,20240130,124,1,5,10,7,7004.72,49033.04,2451.65,46581.39,24959.0
104224,20240531,144,7,1,5,13,11044.9,143583.7,14358.37,129225.33,68220.56
104225,20250212,290,5,23,8,8,12606.96,100855.68,10085.57,90770.11,31811.4
104226,20241205,67,4,11,1,15,4210.9,63163.5,3158.18,60005.32,25703.73
104227,20231015,157,2,5,8,17,576.14,9794.38,0.0,9794.38,4372.98
104228,20230410,17,7,9,8,9,11044.9,99404.1,4970.21,94433.89,48690.64
104229,20241119,148,9,16,3,11,2112.21,23234.31,0.0,23234.31,8673.13
104230,20251201,6,5,6,9,12,12606.96,151283.52,0.0,151283.52,62359.62
104231,20231021,272,1,11,6,8,7004.72,56037.76,11207.55,44830.21,19368.42
104232,20240911,68,6,11,10,1,8457.66,8457.66,422.88,8034.78,4193.58
104233,20250518,282,9,21,4,15,2112.21,31683.15,1584.16,30098.99,10699.67
104234,20240105,22,4,24,4,19,4210.9,80007.1,16001.42,64005.68,24562.61
104235,20240525,39,8,2,9,3,8152.69,24458.07,1222.9,23235.17,11464.61
104236,20241029,287,7,14,4,7,11044.9,77314.3,15462.86,61851.44,31243.46
104237,20230927,277,8,19,5,17,8152.69,138595.73,13859.57,124736.16,47636.23
104238,20251129,255,4,23,3,3,4210.9,12632.7,0.0,12632.7,4819.39
104239,20240926,291,6,14,9,6,8457.66,50745.96,2537.3,48208.66,17963.51
104240,20250314,159,5,4,4,14,12606.96,176497.44,0.0,176497.44,68646.85
104241,20240110,278,9,17,2,1,2112.21,2112.21,105.61,2006.6,710.09
104242,20230610,22,3,17,4,16,1648.77,26380.32,0.0,26380.32,12846.03
104243,20231104,11,3,22,9,6,1648.77,9892.62,989.26,8903.36,4284.45
104244,20230108,43,12,16,1,12,1192.37,14308.44,0.0,14308.44,7718.3
104245,20230517,204,5,17,8,16,12606.96,201711.36,10085.57,191625.79,92308.0
104246,20230520,29,5,13,1,14,12606.96,176497.44,0.0,176497.44,78240.17
104247,20230206,51,6,6,3,13,8457.66,109949.58,10994.96,98954.62,45937.75
104248,20240601,142,3,2,1,8,1648.77,13190.16,1978.52,11211.64,4817.07
104249,20250912,274,6,10,3,18,8457.66,152237.88,22835.68,129402.2,66124.77
104250,20240218,7,10,12,2,17,4677.47,79516.99,15903.4,63613.59,24068.31
104251,20240502,285,4,13,3,18,4210.9,75796.2,7579.62,68216.58,24018.59
104252,20230411,46,5,11,1,15,12606.96,189104.4,37820.88,151283.52,57594.52
104253,20231003,206,8,3,3,9,8152.69,73374.21,7337.42,66036.79,30132.92
104254,20251021,52,10,21,3,15,4677.47,70162.05,0.0,70162.05,29678.3
104255,20230807,290,7,16,8,20,11044.9,220898.0,44179.6,176718.4,96326.77
104256,20230928,15,10,5,6,12,4677.47,56129.64,0.0,56129.64,21112.56
104257,20230902,288,3,18,8,12,1648.77,19785.24,0.0,19785.24,7822.47
104258,20231102,290,8,1,8,9,8152.69,73374.21,3668.71,69705.5,36260.75
104259,20250903,300,6,17,8,6,8457.66,50745.96,2537.3,48208.66,17867.49
104260,20250131,166,2,3,9,14,576.14,8065.96,806.6,7259.36,3705.28
104261,20250627,43,5,20,1,6,12606.96,75641.76,15128.35,60513.41,32120.97
104262,20250813,172,8,10,1,4,8152.69,32610.76,6522.15,26088.61,14156.58
104263,20240111,154,9,15,9,8,2112.21,16897.68,844.88,16052.8,6127.2
104264,20230924,178,10,3,5,17,4677.47,79516.99,11927.55,67589.44,26869.97
104265,20230524,92,5,21,8,19,12606.96,239532.24,47906.45,191625.79,104161.89
104266,20250820,231,4,25,3,14,4210.9,58952.6,5895.26,53057.34,23462.89
104267,20231218,133,5,7,7,10,12606.96,126069.6,0.0,126069.6,66396.87
104268,20240915,237,9,16,7,6,2112.21,12673.26,633.66,12039.6,6301.55
104269,20250111,244,2,11,10,13,576.14,7489.82,748.98,6740.84,3507.14
104270,20240401,266,11,21,1,2,4866.69,9733.38,973.34,8760.04,4140.67
104271,20230407,116,5,18,4,1,12606.96,12606.96,630.35,11976.61,4492.09
104272,20250822,298,7,2,4,1,11044.9,11044.9,1104.49,9940.41,4607.63
104273,20230120,34,7,23,6,12,11044.9,132538.8,6626.94,125911.86,56103.36
104274,20230919,148,3,13,3,13,1648.77,21434.01,2143.4,19290.61,10490.25
104275,20231011,65,6,9,5,20,8457.66,169153.2,0.0,169153.2,60321.82
104276,20250424,119,1,20,10,3,7004.72,21014.16,2101.42,18912.74,7634.81
104277,20230501,52,11,11,3,5,4866.69,24333.45,1216.67,23116.78,8593.59
104278,20230821,236,3,6,6,13,1648.77,21434.01,0.0,21434.01,7784.12
104279,20251003,169,7,19,8,1,11044.9,11044.9,1656.73,9388.17,4476.53
104280,20251204,137,3,20,7,8,1648.77,13190.16,0.0,13190.16,5487.0
104281,20251216,140,8,10,10,6,8152.69,48916.14,0.0,48916.14,22390.91
104282,20240511,166,10,14,9,14,4677.47,65484.58,9822.69,55661.89,24839.67
104283,20250903,43,6,8,1,20,8457.66,169153.2,0.0,169153.2,64914.59
104284,20250602,84,12,10,2,15,1192.37,17885.55,1788.56,16096.99,6394.62
104285,20241026,6,1,24,9,7,7004.72,49033.04,0.0,49033.04,22680.41
104286,20230319,29,7,10,1,15,11044.9,165673.5,8283.68,157389.82,82304.34
104287,20240930,155,3,15,10,17,1648.77,28029.09,1401.45,26627.64,13803.95
104288,20241027,163,5,22,2,2,12606.96,25213.92,2521.39,22692.53,9231.96
104289,20240524,64,7,20,9,16,11044.9,176718.4,8835.92,167882.48,83072.23
104290,20230506,222,8,12,8,9,8152.69,73374.21,11006.13,62368.08,24630.82
104291,20240207,157,4,22,8,19,4210.9,80007.1,4000.36,76006.74,26894.6
104292,20241016,109,12,25,8,19,1192.37,22655.03,3398.25,19256.78,9787.01
104293,20241211,90,9,16,8,18,2112.21,38019.78,3801.98,34217.8,14264.54
104294,20240210,128,9,4,8,8,2112.21,16897.68,0.0,16897.68,9071.53
104295,20240421,142,6,8,1,7,8457.66,59203.62,0.0,59203.62,32393.38
104296,20250516,159,2,6,4,5,576.14,2880.7,0.0,2880.7,1282.29
104297,20240603,12,11,19,6,18,4866.69,87600.42,0.0,87600.42,43179.64
104298,20250728,81,1,8,4,8,7004.72,56037.76,0.0,56037.76,23246.67
104299,20230529,205,1,5,7,8,7004.72,56037.76,5603.78,50433.98,20946.78
104300,20230228,250,12,3,8,12,1192.37,14308.44,2146.27,12162.17,5045.52
104301,20251018,28,10,9,4,2,4677.47,9354.94,0.0,9354.94,3559.2
104302,20240904,175,7,10,9,3,11044.9,33134.7,0.0,33134.7,15710.15
104303,20250130,191,2,5,10,11,576.14,6337.54,0.0,6337.54,3233.14
104304,20230314,249,9,3,3,19,2112.21,40131.99,0.0,40131.99,16048.51
104305,20241208,11,6,23,9,8,8457.66,67661.28,6766.13,60895.15,25089.54
104306,20240604,36,10,23,10,16,4677.47,74839.52,0.0,74839.52,36551.72
104307,20241005,184,8,4,9,13,8152.69,105984.97,5299.25,100685.72,39883.91
104308,20251120,68,5,14,10,8,12606.96,100855.68,0.0,100855.68,51110.31
104309,20230904,211,3,3,10,18,1648.77,29677.86,2967.79,26710.07,14112.41
104310,20250604,122,6,5,9,1,8457.66,8457.66,1268.65,7189.01,2517.27
104311,20250611,38,6,2,5,10,8457.66,84576.6,0.0,84576.6,34919.86
104312,20250228,257,6,22,7,14,8457.66,118407.24,5920.36,112486.88,49732.23
104313,20230608,157,4,22,8,7,4210.9,29476.3,2947.63,26528.67,11526.49
104314,20251031,22,12,25,4,19,1192.37,22655.03,0.0,22655.03,8129.22
104315,20240805,214,12,4,1,2,1192.37,2384.74,238.47,2146.27,1008.7
104316,20250921,263,9,17,10,18,2112.21,38019.78,0.0,38019.78,17822.89
104317,20230320,144,7,22,5,4,11044.9,44179.6,0.0,44179.6,17610.63
104318,20251207,59,7,17,6,16,11044.9,176718.4,17671.84,159046.56,79009.85
104319,20230701,271,11,12,3,14,4866.69,68133.66,10220.05,57913.61,20799.63
104320,20241218,19,11,19,1,13,4866.69,63266.97,0.0,63266.97,27208.08
104321,20231125,195,8,6,9,17,8152.69,138595.73,0.0,138595.73,61790.62
104322,20231116,250,3,1,8,18,1648.77,29677.86,0.0,29677.86,14356.75
104323,20240817,230,3,21,2,7,1648.77,11541.39,577.07,10964.32,4608.75
104324,20240802,10,8,17,3,8,8152.69,65221.52,6522.15,58699.37,28902.64
104325,20230228,274,4,2,3,13,4210.9,54741.7,2737.09,52004.61,28106.41
104326,20251201,300,11,19,8,12,4866.69,58400.28,0.0,58400.28,23422.05
104327,20240804,281,4,14,7,15,4210.9,63163.5,9474.52,53688.98,21585.25
104328,20250911,135,10,2,2,14,4677.47,65484.58,0.0,65484.58,29665.85
104329,20250505,231,6,3,3,18,8457.66,152237.88,0.0,152237.88,68245.91
104330,20230726,44,7,10,1,12,11044.9,132538.8,6626.94,125911.86,52910.54
104331,20250118,206,4,10,3,8,4210.9,33687.2,5053.08,28634.12,10533.95
104332,20230410,225,4,19,9,5,4210.9,21054.5,0.0,21054.5,7505.39
104333,20241216,271,6,14,3,11,8457.66,93034.26,9303.43,83730.83,32888.27
104334,20250819,245,8,8,7,1,8152.69,8152.69,815.27,7337.42,2714.0
104335,20251011,286,8,4,10,19,8152.69,154901.11,15490.11,139411.0,72205.12
104336,20230809,191,5,18,10,16,12606.96,201711.36,20171.14,181540.22,63997.11
104337,20230731,74,5,22,7,2,12606.96,25213.92,0.0,25213.92,10715.66
104338,20240817,173,6,1,2,2,8457.66,16915.32,3383.06,13532.26,5536.83
104339,20230306,260,12,24,6,2,1192.37,2384.74,238.47,2146.27,1002.8
104340,20240303,291,8,13,9,15,8152.69,122290.35,0.0,122290.35,55275.28
104341,20231004,159,7,4,4,13,11044.9,143583.7,0.0,143583.7,56060.76
104342,20240731,128,9,8,8,2,2112.21,4224.42,0.0,4224.42,1968.8
104343,20240819,115,6,6,6,20,8457.66,169153.2,0.0,169153.2,90897.46
104344,20230206,252,12,23,1,9,1192.37,10731.33,0.0,10731.33,5884.18
104345,20250425,161,5,14,7,13,12606.96,163890.48,0.0,163890.48,77657.77
104346,20240203,184,2,17,9,20,576.14,11522.8,1152.28,10370.52,3954.82
104347,20241120,80,8,25,8,11,8152.69,89679.59,4483.98,85195.61,30767.32
104348,20231206,66,4,2,3,5,4210.9,21054.5,0.0,21054.5,11385.95
104349,20230321,191,7,24,10,15,11044.9,165673.5,8283.68,157389.82,81779.97
104350,20230729,95,6,3,6,12,8457.66,101491.92,5074.6,96417.32,47949.85
104351,20240621,53,9,21,4,6,2112.21,12673.26,1267.33,11405.93,5148.27
104352,20230125,173,2,14,2,13,576.14,7489.82,374.49,7115.33,3500.23
104353,20230824,93,4,19,10,5,4210.9,21054.5,1052.73,20001.77,9214.12
104354,20240718,249,11,20,3,2,4866.69,9733.38,486.67,9246.71,3942.09
104355,20240201,214,2,11,1,5,576.14,2880.7,144.03,2736.67,1292.53
104356,20240731,156,5,5,5,1,12606.96,12606.96,0.0,12606.96,6427.65
104357,20240615,285,3,9,3,18,1648.77,29677.86,1483.89,28193.97,12083.29
104358,20230525,126,8,8,1,15,8152.69,122290.35,0.0,122290.35,51777.52
104359,20240408,38,2,18,5,2,576.14,1152.28,115.23,1037.05,441.84
104360,20250218,63,5,4,10,20,12606.96,252139.2,25213.92,226925.28,109810.78
104361,20250417,4,7,3,3,1,11044.9,11044.9,0.0,11044.9,5921.57
104362,20230709,257,10,24,7,4,4677.47,18709.88,1870.99,16838.89,8636.95
104363,20230914,162,7,22,3,20,11044.9,220898.0,0.0,220898.0,90734.91
104364,20250922,210,9,18,4,7,2112.21,14785.47,0.0,14785.47,8039.81
104365,20240327,135,2,9,2,3,576.14,1728.42,0.0,1728.42,629.06
104366,20230801,57,9,21,9,4,2112.21,8448.84,0.0,8448.84,4560.31
104367,20241201,44,12,23,1,8,1192.37,9538.96,0.0,9538.96,4552.34
104368,20250630,2,5,10,5,15,12606.96,189104.4,0.0,189104.4,79845.87
104369,20230103,294,12,9,2,2,1192.37,2384.74,238.47,2146.27,1138.7
104370,20250717,52,5,22,3,17,12606.96,214318.32,10715.92,203602.4,79921.28
104371,20230214,102,2,9,2,12,576.14,6913.68,691.37,6222.31,2662.81
104372,20241006,243,3,25,10,5,1648.77,8243.85,412.19,7831.66,3777.04
104373,20250825,138,1,15,4,9,7004.72,63042.48,0.0,63042.48,24773.1
104374,20250710,136,5,20,3,19,12606.96,239532.24,11976.61,227555.63,123770.98
104375,20250710,2,10,8,5,8,4677.47,37419.76,1870.99,35548.77,17475.91
104376,20250316,148,2,6,3,13,576.14,7489.82,1497.96,5991.86,2182.01
104377,20250228,9,4,6,9,14,4210.9,58952.6,5895.26,53057.34,23355.0
104378,20240423,34,12,21,6,18,1192.37,21462.66,0.0,21462.66,9610.59
104379,20250323,124,2,22,10,2,576.14,1152.28,0.0,1152.28,632.94
104380,20250411,171,5,14,6,4,12606.96,50427.84,0.0,50427.84,19927.66
104381,20230318,199,5,1,7,2,12606.96,25213.92,0.0,25213.92,10290.27
104382,20251203,205,8,20,7,10,8152.69,81526.9,12229.03,69297.87,29501.09
104383,20251128,140,9,9,10,17,2112.21,35907.57,0.0,35907.57,12654.67
104384,20240519,208,2,1,4,2,576.14,1152.28,172.84,979.44,432.13
104385,20250817,3,2,15,3,16,576.14,9218.24,1382.74,7835.5,3941.6
104386,20240330,247,6,19,10,10,8457.66,84576.6,4228.83,80347.77,41121.1
104387,20230317,228,9,4,7,4,2112.21,8448.84,1267.33,7181.51,2619.65
104388,20230807,294,12,25,2,14,1192.37,16693.18,1669.32,15023.86,8241.19
104389,20240723,13,3,3,2,9,1648.77,14838.93,0.0,14838.93,5449.24
104390,20241231,172,10,14,1,15,4677.47,70162.05,0.0,70162.05,27817.32
104391,20251128,156,11,19,5,14,4866.69,68133.66,13626.73,54506.93,29167.94
104392,20250205,83,4,19,5,4,4210.9,16843.6,842.18,16001.42,7775.75
104393,20240308,120,6,8,9,1,8457.66,8457.66,1268.65,7189.01,3604.76
104394,20240929,300,10,6,8,13,4677.47,60807.11,3040.36,57766.75,31540.03
104395,20240315,198,12,4,7,20,1192.37,23847.4,1192.37,22655.03,11696.66
104396,20240427,54,8,7,8,19,8152.69,154901.11,23235.17,131665.94,66184.49
104397,20231113,140,9,16,10,5,2112.21,10561.05,1584.16,8976.89,3493.94
104398,20241215,270,7,11,10,8,11044.9,88359.2,8835.92,79523.28,30273.46
104399,20250908,199,9,15,7,3,2112.21,6336.63,0.0,6336.63,2316.98
104400,20240509,141,10,7,4,4,4677.47,18709.88,2806.48,15903.4,7098.02
104401,20250310,226,1,14,2,1,7004.72,7004.72,0.0,7004.72,3235.08
104402,20230727,245,4,11,7,15,4210.9,63163.5,3158.18,60005.32,22423.3
104403,20230906,199,3,11,7,1,1648.77,1648.77,0.0,1648.77,844.65
104404,20240120,190,5,13,4,10,12606.96,126069.6,6303.48,119766.12,61550.45
104405,20251231,230,1,4,2,10,7004.72,70047.2,7004.72,63042.48,29987.95
104406,20241102,185,8,1,5,8,8152.69,65221.52,3261.08,61960.44,24627.26
104407,20230928,244,12,4,10,18,1192.37,21462.66,4292.53,17170.13,7374.68
104408,20231106,186,6,5,4,20,8457.66,169153.2,16915.32,152237.88,73026.9
104409,20241105,13,10,6,2,13,4677.47,60807.11,12161.42,48645.69,17094.95
104410,20230614,57,11,25,9,2,4866.69,9733.38,0.0,9733.38,4042.67
104411,20230601,213,2,19,4,15,576.14,8642.1,0.0,8642.1,3470.53
104412,20240531,264,2,5,6,3,576.14,1728.42,259.26,1469.16,514.56
104413,20251114,72,11,25,1,7,4866.69,34066.83,1703.34,32363.49,13288.16
104414,20250207,294,10,2,2,18,4677.47,84194.46,12629.17,71565.29,31890.51
104415,20240207,112,2,2,4,9,576.14,5185.26,518.53,4666.73,2127.31
104416,20251008,239,11,8,5,14,4866.69,68133.66,10220.05,57913.61,31142.34
104417,20241011,215,2,20,5,5,576.14,2880.7,0.0,2880.7,1049.62
104418,20251222,281,3,5,7,1,1648.77,1648.77,82.44,1566.33,783.37
104419,20251213,204,5,4,8,16,12606.96,201711.36,0.0,201711.36,96340.37
104420,20240402,15,3,7,6,14,1648.77,23082.78,0.0,23082.78,8616.19
104421,20250612,123,7,17,8,7,11044.9,77314.3,0.0,77314.3,36734.74
104422,20230516,212,8,14,10,9,8152.69,73374.21,0.0,73374.21,29258.97
104423,20240406,296,11,3,8,19,4866.69,92467.11,9246.71,83220.4,40088.75
104424,20241204,72,9,5,1,13,2112.21,27458.73,2745.87,24712.86,13154.7
104425,20231225,195,10,8,9,15,4677.47,70162.05,3508.1,66653.95,31394.19
104426,20241019,85,3,11,4,6,1648.77,9892.62,1483.89,8408.73,3640.1
104427,20240610,133,5,22,7,17,12606.96,214318.32,0.0,214318.32,116222.0
104428,20250529,278,7,17,2,4,11044.9,44179.6,6626.94,37552.66,19781.19
104429,20230602,159,4,8,4,2,4210.9,8421.8,421.09,8000.71,2839.15
104430,20251130,13,6,18,2,16,8457.66,135322.56,6766.13,128556.43,66615.66
104431,20241011,179,10,22,5,2,4677.47,9354.94,935.49,8419.45,4478.89
104432,20231208,247,9,16,10,20,2112.21,42244.2,0.0,42244.2,22577.79
104433,20230720,78,1,23,8,9,7004.72,63042.48,12608.5,50433.98,27271.83
104434,20250816,87,2,14,10,6,576.14,3456.84,518.53,2938.31,1596.46
104435,20250320,12,4,5,6,7,4210.9,29476.3,0.0,29476.3,12067.34
104436,20230114,90,10,11,8,12,4677.47,56129.64,5612.96,50516.68,23636.12
104437,20250929,240,4,24,3,15,4210.9,63163.5,12632.7,50530.8,25736.91
104438,20240205,184,8,19,9,11,8152.69,89679.59,8967.96,80711.63,29337.84
104439,20231027,131,12,15,10,9,1192.37,10731.33,1073.13,9658.2,3522.33
104440,20250908,111,7,15,7,1,11044.9,11044.9,0.0,11044.9,5031.41
104441,20231031,182,7,21,10,15,11044.9,165673.5,24851.02,140822.48,52219.03
104442,20231125,187,9,10,10,6,2112.21,12673.26,0.0,12673.26,4513.28
104443,20230130,279,1,12,7,13,7004.72,91061.36,18212.27,72849.09,25964.48
104444,20251106,75,10,6,1,9,4677.47,42097.23,8419.45,33677.78,15549.84
104445,20251113,239,4,6,5,4,4210.9,16843.6,0.0,16843.6,7484.3
104446,20251204,269,4,3,9,6,4210.9,25265.4,1263.27,24002.13,9502.58
104447,20250524,181,5,18,10,12,12606.96,151283.52,0.0,151283.52,53030.0
104448,20231001,4,2,20,3,15,576.14,8642.1,864.21,7777.89,3578.47
104449,20231010,279,8,9,7,3,8152.69,24458.07,1222.9,23235.17,11461.77
104450,20250930,221,4,21,1,13,4210.9,54741.7,0.0,54741.7,20878.6
104451,20241101,181,6,3,10,1,8457.66,8457.66,0.0,8457.66,3574.94
104452,20230615,17,9,4,8,20,2112.21,42244.2,0.0,42244.2,19328.97
104453,20240608,66,3,14,3,6,1648.77,9892.62,0.0,9892.62,3556.71
104454,20240305,215,1,15,5,5,7004.72,35023.6,0.0,35023.6,14515.45
104455,20231111,271,4,1,3,7,4210.9,29476.3,2947.63,26528.67,12907.8
104456,20240716,102,8,11,2,7,8152.69,57068.83,2853.44,54215.39,29608.23
104457,20231017,287,1,20,4,4,7004.72,28018.88,4202.83,23816.05,11714.94
104458,20240328,64,7,14,9,20,11044.9,220898.0,0.0,220898.0,101973.22
104459,20240917,5,4,7,10,1,4210.9,4210.9,0.0,4210.9,1708.32
104460,20240601,33,1,13,10,4,7004.72,28018.88,1400.94,26617.94,10721.19
104461,20250808,3,1,22,3,18,7004.72,126084.96,0.0,126084.96,64020.37
104462,20241109,283,1,4,3,11,7004.72,77051.92,7705.19,69346.73,25588.72
104463,20250413,154,3,19,9,14,1648.77,23082.78,2308.28,20774.5,7977.23
104464,20230108,67,5,4,1,4,12606.96,50427.84,0.0,50427.84,20855.45
104465,20230207,209,10,19,9,14,4677.47,65484.58,0.0,65484.58,32334.16
104466,20240204,63,6,6,10,11,8457.66,93034.26,0.0,93034.26,45552.01
104467,20231130,69,11,18,4,2,4866.69,9733.38,0.0,9733.38,5036.93
104468,20240131,234,11,15,5,10,4866.69,48666.9,0.0,48666.9,26000.13
104469,20230428,157,8,13,8,6,8152.69,48916.14,7337.42,41578.72,20757.36
104470,20240211,187,1,25,10,4,7004.72,28018.88,0.0,28018.88,14932.02
104471,20231122,167,6,17,7,14,8457.66,118407.24,11840.72,106566.52,47166.49
104472,20231229,206,1,8,3,3,7004.72,21014.16,4202.83,16811.33,6813.16
104473,20230208,122,1,9,9,12,7004.72,84056.64,8405.66,75650.98,34552.02
104474,20251105,4,12,25,3,19,1192.37,22655.03,1132.75,21522.28,11134.64
104475,20250603,35,5,5,5,6,12606.96,75641.76,3782.09,71859.67,37983.2
104476,20250123,169,12,25,8,10,1192.37,11923.7,1192.37,10731.33,4538.21
104477,20240106,24,6,24,4,12,8457.66,101491.92,5074.6,96417.32,42287.76
104478,20250630,254,10,20,7,3,4677.47,14032.41,0.0,14032.41,5439.99
104479,20250708,281,4,1,7,10,4210.9,42109.0,4210.9,37898.1,16809.6
104480,20231020,227,5,11,7,4,12606.96,50427.84,0.0,50427.84,21573.58
104481,20241231,272,10,15,6,2,4677.47,9354.94,935.49,8419.45,3130.4
104482,20241214,86,3,4,7,7,1648.77,11541.39,0.0,11541.39,5676.79
104483,20250208,32,1,17,4,7,7004.72,49033.04,0.0,49033.04,21404.13
104484,20230525,67,11,17,1,19,4866.69,92467.11,13870.07,78597.04,36731.72
104485,20240410,4,11,16,3,9,4866.69,43800.21,0.0,43800.21,16257.13
104486,20230828,127,12,19,8,20,1192.37,23847.4,2384.74,21462.66,9568.76
104487,20230917,239,2,21,5,11,576.14,6337.54,633.75,5703.79,3062.98
104488,20240327,109,9,22,8,16,2112.21,33795.36,3379.54,30415.82,16010.45
104489,20241223,75,9,12,1,18,2112.21,38019.78,5702.97,32316.81,14620.78
104490,20251115,54,9,25,8,9,2112.21,19009.89,1900.99,17108.9,9304.35
104491,20250815,203,12,8,7,2,1192.37,2384.74,238.47,2146.27,1136.04
104492,20230118,3,8,8,3,16,8152.69,130443.04,6522.15,123920.89,58626.39
104493,20240831,142,6,15,1,9,8457.66,76118.94,11417.84,64701.1,26653.06
104494,20230814,23,8,13,9,19,8152.69,154901.11,23235.17,131665.94,50569.11
104495,20250522,70,7,21,9,11,11044.9,121493.9,0.0,121493.9,48166.49
104496,20250714,182,10,4,10,13,4677.47,60807.11,0.0,60807.11,31015.67
104497,20240614,128,6,19,8,17,8457.66,143780.22,0.0,143780.22,67899.46
104498,20241105,291,12,2,9,15,1192.37,17885.55,1788.56,16096.99,7900.54
104499,20250528,187,9,11,10,15,2112.21,31683.15,1584.16,30098.99,11876.87
104500,20251014,169,7,22,8,18,11044.9,198808.2,0.0,198808.2,88547.24
104501,20240925,112,5,22,4,2,12606.96,25213.92,1260.7,23953.22,12959.87
104502,20240307,30,8,21,9,4,8152.69,32610.76,3261.08,29349.68,15204.29
104503,20250811,199,2,22,7,7,576.14,4032.98,0.0,4032.98,1432.14
104504,20230106,252,9,18,1,7,2112.21,14785.47,0.0,14785.47,5638.36
104505,20240126,102,12,23,2,17,1192.37,20270.29,0.0,20270.29,7149.96
104506,20240123,210,10,19,4,20,4677.47,93549.4,0.0,93549.4,50590.31
104507,20241113,23,12,6,9,8,1192.37,9538.96,0.0,9538.96,5245.81
104508,20231011,202,6,7,4,6,8457.66,50745.96,2537.3,48208.66,19896.31
104509,20241108,61,5,20,7,15,12606.96,189104.4,0.0,189104.4,88661.05
104510,20230420,97,3,5,8,8,1648.77,13190.16,0.0,13190.16,5902.07
104511,20240821,218,10,11,2,2,4677.47,9354.94,467.75,8887.19,4373.14
104512,20241004,189,6,23,1,15,8457.66,126864.9,25372.98,101491.92,36372.71
104513,20231101,19,1,14,1,4,7004.72,28018.88,1400.94,26617.94,9708.32
104514,20250506,159,5,12,4,19,12606.96,239532.24,0.0,239532.24,106357.45
104515,20250313,57,3,4,9,18,1648.77,29677.86,1483.89,28193.97,15096.02
104516,20230710,76,8,22,3,1,8152.69,8152.69,815.27,7337.42,3044.92
104517,20250615,208,2,5,4,6,576.14,3456.84,518.53,2938.31,1561.04
104518,20240430,14,6,13,4,10,8457.66,84576.6,0.0,84576.6,39031.38
104519,20241223,128,11,1,8,9,4866.69,43800.21,0.0,43800.21,18166.94
104520,20241127,298,6,2,4,5,8457.66,42288.3,8457.66,33830.64,13276.81
104521,20241112,220,1,16,1,16,7004.72,112075.52,5603.78,106471.74,48741.35
104522,20240930,111,4,21,7,5,4210.9,21054.5,1052.73,20001.77,10432.23
104523,20240128,296,12,20,8,2,1192.37,2384.74,0.0,2384.74,1227.42
104524,20230314,15,9,6,6,8,2112.21,16897.68,844.88,16052.8,6828.96
104525,20231019,218,10,1,2,6,4677.47,28064.82,4209.72,23855.1,9226.02
104526,20230508,289,8,12,8,11,8152.69,89679.59,8967.96,80711.63,34712.64
104527,20250726,20,7,21,6,15,11044.9,165673.5,0.0,165673.5,81885.85
104528,20241128,56,3,2,2,2,1648.77,3297.54,0.0,3297.54,1713.63
104529,20240601,159,10,2,4,15,4677.47,70162.05,3508.1,66653.95,29669.32
104530,20231202,59,7,6,6,3,11044.9,33134.7,1656.73,31477.97,12236.35
104531,20240501,119,10,24,10,3,4677.47,14032.41,1403.24,12629.17,4818.16
104532,20250212,76,2,1,3,11,576.14,6337.54,0.0,6337.54,2827.03
104533,20231123,89,7,2,7,2,11044.9,22089.8,3313.47,18776.33,7044.59
104534,20231025,262,4,21,2,15,4210.9,63163.5,3158.18,60005.32,24358.9
104535,20250718,28,6,10,4,20,8457.66,169153.2,8457.66,160695.54,72023.6
104536,20250630,86,9,5,7,2,2112.21,4224.42,211.22,4013.2,1525.6
104537,20251127,14,2,6,4,14,576.14,8065.96,1613.19,6452.77,2972.67
104538,20240819,133,7,23,7,14,11044.9,154628.6,0.0,154628.6,72044.24
104539,20231009,139,8,14,2,1,8152.69,8152.69,815.27,7337.42,3179.97
104540,20230209,219,5,15,9,5,12606.96,63034.8,6303.48,56731.32,22772.74
104541,20241202,91,6,15,6,7,8457.66,59203.62,2960.18,56243.44,24924.58
104542,20240528,241,8,18,1,18,8152.69,146748.42,0.0,146748.42,64320.39
104543,20240712,214,6,16,1,15,8457.66,126864.9,6343.24,120521.66,63093.75
104544,20250607,45,3,20,3,17,1648.77,28029.09,1401.45,26627.64,11736.19
104545,20231110,280,5,5,6,13,12606.96,163890.48,8194.52,155695.96,79266.85
104546,20231007,263,3,13,10,3,1648.77,4946.31,494.63,4451.68,2231.08
104547,20240610,62,8,1,4,1,8152.69,8152.69,0.0,8152.69,4264.98
104548,20230602,265,7,2,8,11,11044.9,121493.9,0.0,121493.9,59950.81
104549,20251121,6,4,3,9,13,4210.9,54741.7,0.0,54741.7,30101.99
104550,20250123,33,3,15,10,19,1648.77,31326.63,1566.33,29760.3,15758.48
104551,20231223,135,3,18,2,12,1648.77,19785.24,0.0,19785.24,8401.13
104552,20240707,43,7,1,1,3,11044.9,33134.7,1656.73,31477.97,11556.19
104553,20240619,285,1,17,3,15,7004.72,105070.8,0.0,105070.8,51536.2
104554,20250823,1,12,17,9,13,1192.37,15500.81,775.04,14725.77,7799.98
104555,20250121,88,1,16,6,15,7004.72,105070.8,5253.54,99817.26,49400.18
104556,20230423,242,5,2,8,10,12606.96,126069.6,0.0,126069.6,54831.42
104557,20250202,227,10,13,7,15,4677.47,70162.05,7016.21,63145.84,30286.22
104558,20240824,212,2,22,10,2,576.14,1152.28,0.0,1152.28,418.82
104559,20230313,293,1,2,2,16,7004.72,112075.52,0.0,112075.52,41605.46
104560,20250111,15,12,6,6,1,1192.37,1192.37,0.0,1192.37,452.77
104561,20240814,290,8,6,8,8,8152.69,65221.52,6522.15,58699.37,27797.36
104562,20230309,42,1,22,6,6,7004.72,42028.32,2101.42,39926.9,21047.03
104563,20250116,243,5,21,10,15,12606.96,189104.4,18910.44,170193.96,81827.65
104564,20241114,118,10,14,2,11,4677.47,51452.17,2572.61,48879.56,24424.83
104565,20250713,159,5,25,4,6,12606.96,75641.76,0.0,75641.76,32277.52
104566,20240612,85,1,10,4,3,7004.72,21014.16,1050.71,19963.45,7438.4
104567,20240308,226,5,2,2,12,12606.96,151283.52,0.0,151283.52,80121.91
104568,20240120,123,8,25,8,20,8152.69,163053.8,16305.38,146748.42,76849.16
104569,20250517,203,12,19,7,20,1192.37,23847.4,1192.37,22655.03,10346.88
104570,20250210,3,9,11,3,11,2112.21,23234.31,1161.72,22072.59,8115.67
104571,20250726,155,10,22,10,2,4677.47,9354.94,935.49,8419.45,3824.06
104572,20250311,265,9,3,8,9,2112.21,19009.89,0.0,19009.89,8981.32
104573,20251121,30,4,11,9,17,4210.9,71585.3,3579.27,68006.03,27654.54
104574,20230403,183,8,9,5,9,8152.69,73374.21,0.0,73374.21,33971.34
104575,20250613,108,3,9,8,12,1648.77,19785.24,1978.52,17806.72,7362.5
104576,20250622,56,2,4,2,3,576.14,1728.42,172.84,1555.58,562.11
104577,20251127,191,12,3,10,18,1192.37,21462.66,0.0,21462.66,10419.81
104578,20251113,284,11,24,9,11,4866.69,53533.59,2676.68,50856.91,26125.26
104579,20230606,125,6,19,3,14,8457.66,118407.24,0.0,118407.24,57214.58
104580,20230418,233,12,23,7,7,1192.37,8346.59,834.66,7511.93,3670.6
104581,20251225,5,1,5,10,5,7004.72,35023.6,3502.36,31521.24,13671.34
104582,20231114,178,10,16,5,5,4677.47,23387.35,0.0,23387.35,12168.73
104583,20240830,280,3,19,6,17,1648.77,28029.09,4204.36,23824.73,12756.86
104584,20230728,73,2,25,2,10,576.14,5761.4,288.07,5473.33,2663.42
104585,20240727,229,5,13,5,1,12606.96,12606.96,0.0,12606.96,5884.61
104586,20250722,54,8,24,8,18,8152.69,146748.42,22012.26,124736.16,60676.48
104587,20240105,42,5,14,6,3,12606.96,37820.88,1891.04,35929.84,16161.5
104588,20230408,139,6,5,2,20,8457.66,169153.2,16915.32,152237.88,58792.11
104589,20250702,220,10,17,1,17,4677.47,79516.99,3975.85,75541.14,33313.58
104590,20251210,237,8,11,7,10,8152.69,81526.9,0.0,81526.9,36894.53
104591,20250714,151,2,8,3,9,576.14,5185.26,0.0,5185.26,2766.92
104592,20231006,298,12,7,4,14,1192.37,16693.18,3338.64,13354.54,7123.15
104593,20241103,223,3,23,10,15,1648.77,24731.55,0.0,24731.55,13558.06
104594,20240303,129,7,8,8,17,11044.9,187763.3,9388.16,178375.14,66386.94
104595,20240724,271,5,10,3,16,12606.96,201711.36,10085.57,191625.79,83239.65
104596,20241216,209,2,3,9,12,576.14,6913.68,345.68,6568.0,3354.04
104597,20231006,68,12,8,10,2,1192.37,2384.74,476.95,1907.79,977.32
104598,20230227,215,6,20,5,9,8457.66,76118.94,3805.95,72312.99,37839.78
104599,20240420,53,7,2,4,5,11044.9,55224.5,5522.45,49702.05,21864.04
104600,20240905,124,4,2,10,7,4210.9,29476.3,2947.63,26528.67,14379.72
104601,20231227,252,2,18,1,14,576.14,8065.96,403.3,7662.66,2930.13
104602,20240902,234,6,14,5,7,8457.66,59203.62,8880.54,50323.08,25662.77
104603,20230804,67,11,3,1,7,4866.69,34066.83,1703.34,32363.49,11420.02
104604,20240116,286,8,18,10,2,8152.69,16305.38,2445.81,13859.57,6004.51
104605,20241015,153,6,20,2,17,8457.66,143780.22,0.0,143780.22,61864.02
104606,20240419,182,7,11,10,10,11044.9,110449.0,0.0,110449.0,59202.7
104607,20231205,283,11,17,3,6,4866.69,29200.14,0.0,29200.14,10664.05
104608,20231217,268,12,18,2,13,1192.37,15500.81,775.04,14725.77,5276.25
104609,20241009,140,7,19,10,20,11044.9,220898.0,11044.9,209853.1,86466.29
104610,20251024,81,12,18,4,10,1192.37,11923.7,596.19,11327.51,4046.19
104611,20231112,23,4,3,9,8,4210.9,33687.2,3368.72,30318.48,11627.51
104612,20250731,47,12,25,6,6,1192.37,7154.22,0.0,7154.22,2731.97
104613,20230204,107,7,13,6,17,11044.9,187763.3,9388.16,178375.14,72883.37
104614,20250625,247,9,13,10,5,2112.21,10561.05,528.05,10033.0,4598.28
104615,20241123,96,8,5,5,17,8152.69,138595.73,6929.79,131665.94,56055.96
104616,20230301,125,3,1,3,17,1648.77,28029.09,5605.82,22423.27,10014.76
104617,20240408,138,8,3,4,1,8152.69,8152.69,407.63,7745.06,3742.16
104618,20240411,114,5,21,6,12,12606.96,151283.52,15128.35,136155.17,68197.19
104619,20250124,246,4,11,9,14,4210.9,58952.6,0.0,58952.6,31882.04
104620,20230922,232,8,21,6,2,8152.69,16305.38,0.0,16305.38,6784.97
104621,20241126,272,6,23,6,19,8457.66,160695.54,8034.78,152660.76,55290.54
104622,20230915,237,4,24,7,5,4210.9,21054.5,0.0,21054.5,8819.27
104623,20250706,12,5,23,6,6,12606.96,75641.76,7564.18,68077.58,24395.72
104624,20231109,170,6,11,3,10,8457.66,84576.6,12686.49,71890.11,32655.47
104625,20240401,297,8,15,9,2,8152.69,16305.38,0.0,16305.38,6046.03
104626,20250903,286,9,3,10,12,2112.21,25346.52,2534.65,22811.87,9906.4
104627,20240807,205,11,15,7,8,4866.69,38933.52,1946.68,36986.84,19169.61
104628,20241204,195,10,1,9,10,4677.47,46774.7,9354.94,37419.76,15181.48
104629,20240625,221,8,24,1,8,8152.69,65221.52,0.0,65221.52,32110.84
104630,20230525,84,5,18,2,20,12606.96,252139.2,0.0,252139.2,115210.42
104631,20250615,15,1,22,6,14,7004.72,98066.08,14709.91,83356.17,33161.62
104632,20240620,161,10,19,7,9,4677.47,42097.23,8419.45,33677.78,14627.92
104633,20230307,250,7,1,8,18,11044.9,198808.2,9940.41,188867.79,73897.51
104634,20230624,66,12,2,3,8,1192.37,9538.96,1430.84,8108.12,3235.04
104635,20251113,15,12,4,6,8,1192.37,9538.96,953.9,8585.06,3871.1
104636,20230706,193,3,18,3,8,1648.77,13190.16,0.0,13190.16,5735.87
104637,20230420,165,9,25,10,3,2112.21,6336.63,0.0,6336.63,3071.57
104638,20230828,188,4,7,1,15,4210.9,63163.5,0.0,63163.5,32315.92
104639,20241029,207,8,1,7,5,8152.69,40763.45,2038.17,38725.28,17037.98
104640,20231206,262,8,3,2,11,8152.69,89679.59,13451.94,76227.65,32256.71
104641,20250602,189,8,23,1,19,8152.69,154901.11,15490.11,139411.0,57041.83
104642,20251010,175,10,11,9,20,4677.47,93549.4,4677.47,88871.93,48457.64
104643,20230222,176,6,21,10,8,8457.66,67661.28,6766.13,60895.15,26023.21
104644,20230619,227,2,10,7,17,576.14,9794.38,0.0,9794.38,5171.61
104645,20240809,39,9,8,9,20,2112.21,42244.2,0.0,42244.2,16141.12
104646,20241002,68,12,22,10,12,1192.37,14308.44,0.0,14308.44,7677.99
104647,20250717,272,11,17,6,6,4866.69,29200.14,2920.01,26280.13,9588.6
104648,20241003,50,2,20,7,6,576.14,3456.84,0.0,3456.84,1785.27
104649,20250205,252,5,23,1,10,12606.96,126069.6,0.0,126069.6,45638.26
104650,20240223,21,11,5,9,16,4866.69,77867.04,3893.35,73973.69,37209.27
104651,20240620,238,4,1,9,17,4210.9,71585.3,7158.53,64426.77,29596.69
104652,20240906,30,4,24,9,12,4210.9,50530.8,5053.08,45477.72,18118.07
104653,20230707,87,12,10,10,10,1192.37,11923.7,0.0,11923.7,5847.93
104654,20240215,224,4,10,10,1,4210.9,4210.9,210.54,4000.36,1472.34
104655,20230701,283,1,12,3,6,7004.72,42028.32,0.0,42028.32,19515.21
104656,20230506,14,5,16,4,20,12606.96,252139.2,37820.88,214318.32,78806.59
104657,20240429,79,6,10,8,14,8457.66,118407.24,0.0,118407.24,54554.67
104658,20230628,59,4,10,6,8,4210.9,33687.2,0.0,33687.2,15175.0
104659,20250121,243,2,7,10,7,576.14,4032.98,201.65,3831.33,1866.33
104660,20250604,91,8,14,6,18,8152.69,146748.42,7337.42,139411.0,53969.89
104661,20240504,149,3,4,10,4,1648.77,6595.08,0.0,6595.08,3328.24
104662,20230626,105,9,3,4,8,2112.21,16897.68,0.0,16897.68,6894.25
104663,20240917,287,1,6,4,20,7004.72,140094.4,7004.72,133089.68,62614.48
104664,20251217,36,10,13,10,14,4677.47,65484.58,0.0,65484.58,27640.56
104665,20240121,60,10,4,2,19,4677.47,88871.93,13330.79,75541.14,26984.81
104666,20231112,36,11,7,10,7,4866.69,34066.83,0.0,34066.83,18493.01
104667,20240228,49,8,5,4,8,8152.69,65221.52,6522.15,58699.37,30887.63
104668,20250327,251,1,10,4,3,7004.72,21014.16,3152.12,17862.04,6555.64
104669,20240321,281,10,3,7,20,4677.47,93549.4,0.0,93549.4,42212.81
104670,20250908,149,1,11,10,1,7004.72,7004.72,0.0,7004.72,3463.38
104671,20231122,12,4,9,6,9,4210.9,37898.1,1894.9,36003.2,15696.37
104672,20251006,40,5,17,2,16,12606.96,201711.36,20171.14,181540.22,76063.26
104673,20251012,233,6,25,7,5,8457.66,42288.3,0.0,42288.3,22071.65
104674,20250729,78,4,3,8,13,4210.9,54741.7,5474.17,49267.53,19302.7
104675,20250318,14,4,22,4,16,4210.9,67374.4,13474.88,53899.52,24296.05
104676,20230607,48,11,22,5,2,4866.69,9733.38,0.0,9733.38,5136.91
104677,20250619,16,4,25,4,19,4210.9,80007.1,4000.36,76006.74,39671.17
104678,20240226,31,7,13,2,15,11044.9,165673.5,0.0,165673.5,69429.46
104679,20240729,207,10,13,7,13,4677.47,60807.11,6080.71,54726.4,21842.01
104680,20231008,127,4,23,8,15,4210.9,63163.5,0.0,63163.5,28337.07
104681,20241013,268,1,1,2,19,7004.72,133089.68,6654.48,126435.2,67341.2
104682,20240715,25,9,14,7,7,2112.21,14785.47,0.0,14785.47,5814.25
104683,20240317,16,7,11,4,18,11044.9,198808.2,19880.82,178927.38,73115.19
104684,20251213,283,4,20,3,6,4210.9,25265.4,0.0,25265.4,10535.94
104685,20230111,296,8,6,8,5,8152.69,40763.45,2038.17,38725.28,20441.85
104686,20231017,192,9,11,1,9,2112.21,19009.89,0.0,19009.89,10451.39
104687,20230819,109,10,25,8,4,4677.47,18709.88,2806.48,15903.4,8603.15
104688,20230219,110,5,17,5,6,12606.96,75641.76,7564.18,68077.58,27029.63
104689,20251012,278,9,7,2,18,2112.21,38019.78,3801.98,34217.8,13313.82
104690,20240130,75,4,18,1,1,4210.9,4210.9,0.0,4210.9,2059.01
104691,20250422,131,8,12,10,17,8152.69,138595.73,0.0,138595.73,60180.81
104692,20240714,265,7,24,8,16,11044.9,176718.4,26507.76,150210.64,60557.39
104693,20250315,119,8,25,10,3,8152.69,24458.07,0.0,24458.07,10518.56
104694,20230805,235,6,12,8,6,8457.66,50745.96,2537.3,48208.66,21508.64
104695,20230318,63,5,12,10,17,12606.96,214318.32,0.0,214318.32,96994.94
104696,20230816,138,5,3,4,12,12606.96,151283.52,7564.18,143719.34,65939.87
104697,20240930,110,12,13,5,3,1192.37,3577.11,0.0,3577.11,1637.61
104698,20230831,53,5,13,4,1,12606.96,12606.96,1891.04,10715.92,5631.11
104699,20230605,46,9,20,1,6,2112.21,12673.26,0.0,12673.26,6332.43
104700,20241112,175,6,23,9,9,8457.66,76118.94,0.0,76118.94,31979.61
104701,20240612,90,12,13,8,17,1192.37,20270.29,4054.06,16216.23,6907.38
104702,20240607,119,8,15,10,3,8152.69,24458.07,4891.61,19566.46,10006.11
104703,20240211,149,11,9,10,11,4866.69,53533.59,0.0,53533.59,22355.23
104704,20241226,211,7,1,10,1,11044.9,11044.9,0.0,11044.9,3881.06
104705,20230626,48,10,14,5,5,4677.47,23387.35,0.0,23387.35,11812.65
104706,20240327,268,7,19,2,16,11044.9,176718.4,26507.76,150210.64,73212.34
104707,20230722,228,12,7,7,13,1192.37,15500.81,1550.08,13950.73,5529.38
104708,20250122,29,10,11,1,15,4677.47,70162.05,0.0,70162.05,35642.23
104709,20240201,133,1,25,7,20,7004.72,140094.4,7004.72,133089.68,57398.59
104710,20250108,17,9,4,8,3,2112.21,6336.63,0.0,6336.63,3236.15
104711,20240615,10,4,9,3,17,4210.9,71585.3,3579.27,68006.03,31445.62
104712,20240122,243,8,2,10,1,8152.69,8152.69,815.27,7337.42,2821.56
104713,20250924,293,6,23,2,19,8457.66,160695.54,0.0,160695.54,79056.55
104714,20240916,93,10,12,10,9,4677.47,42097.23,0.0,42097.23,21038.9
104715,20250526,295,6,10,3,5,8457.66,42288.3,4228.83,38059.47,20787.87
104716,20250901,182,7,5,10,16,11044.9,176718.4,0.0,176718.4,79540.59
104717,20230125,58,7,24,3,3,11044.9,33134.7,1656.73,31477.97,13830.34
104718,20240708,157,8,19,8,10,8152.69,81526.9,8152.69,73374.21,30361.14
104719,20240113,120,6,22,9,4,8457.66,33830.64,3383.06,30447.58,14989.95
104720,20240411,84,7,9,2,17,11044.9,187763.3,9388.16,178375.14,88061.38
104721,20230405,28,2,15,4,1,576.14,576.14,28.81,547.33,297.3
104722,20230731,65,11,23,5,20,4866.69,97333.8,0.0,97333.8,46839.23
104723,20250707,208,2,24,4,8,576.14,4609.12,0.0,4609.12,1862.62
104724,20240909,287,5,3,4,10,12606.96,126069.6,0.0,126069.6,61915.65
104725,20240517,161,12,12,7,5,1192.37,5961.85,596.19,5365.66,2829.85
104726,20240218,110,8,6,5,18,8152.69,146748.42,14674.84,132073.58,65057.91
104727,20250410,252,10,18,1,4,4677.47,18709.88,1870.99,16838.89,6056.2
104728,20231011,213,6,13,4,9,8457.66,76118.94,3805.95,72312.99,39057.48
104729,20250825,50,2,11,7,17,576.14,9794.38,489.72,9304.66,4900.82
104730,20230513,269,8,2,9,17,8152.69,138595.73,13859.57,124736.16,50582.89
104731,20230105,250,12,19,8,4,1192.37,4769.48,0.0,4769.48,2066.64
104732,20230605,154,7,9,9,9,11044.9,99404.1,0.0,99404.1,47706.73
104733,20230731,299,9,8,6,2,2112.21,4224.42,422.44,3801.98,1678.56
104734,20240913,89,12,25,7,10,1192.37,11923.7,1788.56,10135.14,4539.47
104735,20251123,280,11,25,6,11,4866.69,53533.59,10706.72,42826.87,16571.64
104736,20251014,248,5,18,10,16,12606.96,201711.36,10085.57,191625.79,69234.63
104737,20230905,76,6,8,3,6,8457.66,50745.96,0.0,50745.96,18723.3
104738,20230627,285,1,18,3,6,7004.72,42028.32,4202.83,37825.49,16311.7
104739,20230504,210,11,13,4,14,4866.69,68133.66,6813.37,61320.29,23282.12
104740,20250531,185,12,7,5,18,1192.37,21462.66,4292.53,17170.13,8856.16
104741,20250109,236,2,14,6,10,576.14,5761.4,288.07,5473.33,2819.07
104742,20251220,69,2,25,4,1,576.14,576.14,57.61,518.53,201.08
104743,20250825,5,12,19,10,1,1192.37,1192.37,59.62,1132.75,580.14
104744,20250925,267,1,17,1,17,7004.72,119080.24,11908.02,107172.22,46446.62
104745,20250609,297,4,6,9,2,4210.9,8421.8,421.09,8000.71,4145.41
104746,20230313,293,9,8,2,9,2112.21,19009.89,950.49,18059.4,8465.77
104747,20250610,252,12,10,1,18,1192.37,21462.66,1073.13,20389.53,8805.69
104748,20231227,210,6,2,4,16,8457.66,135322.56,13532.26,121790.3,59024.39
104749,20240704,175,7,11,9,15,11044.9,165673.5,0.0,165673.5,73588.56
104750,20250108,142,2,25,1,20,576.14,11522.8,576.14,10946.66,4930.69
104751,20250703,139,8,16,2,19,8152.69,154901.11,0.0,154901.11,80830.64
104752,20230324,100,5,11,8,5,12606.96,63034.8,6303.48,56731.32,20548.2
104753,20250614,92,7,20,8,8,11044.9,88359.2,0.0,88359.2,33134.83
104754,20250307,131,6,6,10,12,8457.66,101491.92,20298.38,81193.54,32033.78
104755,20230121,17,8,25,8,9,8152.69,73374.21,7337.42,66036.79,23630.9
104756,20250219,117,6,3,4,14,8457.66,118407.24,5920.36,112486.88,42669.37
104757,20231101,140,8,13,10,16,8152.69,130443.04,0.0,130443.04,48919.91
104758,20240214,247,11,19,10,19,4866.69,92467.11,18493.42,73973.69,26805.83
104759,20250103,108,7,24,8,14,11044.9,154628.6,7731.43,146897.17,57550.38
104760,20231006,253,7,8,6,7,11044.9,77314.3,15462.86,61851.44,23250.18
104761,20251227,182,12,13,10,6,1192.37,7154.22,715.42,6438.8,3246.16
104762,20240417,239,3,8,5,16,1648.77,26380.32,2638.03,23742.29,9194.15
104763,20240301,53,1,8,4,8,7004.72,56037.76,5603.78,50433.98,25968.98
104764,20230419,4,9,23,3,19,2112.21,40131.99,0.0,40131.99,19303.33
104765,20240529,18,4,24,7,15,4210.9,63163.5,0.0,63163.5,24602.36
104766,20240422,101,11,4,5,18,4866.69,87600.42,13140.06,74460.36,33725.16
104767,20251228,144,6,13,5,3,8457.66,25372.98,0.0,25372.98,12157.06
104768,20230126,138,8,8,4,15,8152.69,122290.35,0.0,122290.35,55611.9
104769,20250131,59,8,14,6,19,8152.69,154901.11,15490.11,139411.0,63860.1
104770,20250301,152,6,23,9,12,8457.66,101491.92,0.0,101491.92,50297.5
104771,20231023,50,6,16,7,18,8457.66,152237.88,15223.79,137014.09,60657.99
104772,20231119,223,5,1,10,11,12606.96,138676.56,0.0,138676.56,52571.44
104773,20250711,102,11,20,2,14,4866.69,68133.66,3406.68,64726.98,27349.21
104774,20240223,135,12,5,2,17,1192.37,20270.29,4054.06,16216.23,6367.74
104775,20230319,114,10,15,6,20,4677.47,93549.4,14032.41,79516.99,35285.65
104776,20251126,112,11,7,4,3,4866.69,14600.07,1460.01,13140.06,4659.09
104777,20231204,49,10,17,4,12,4677.47,56129.64,5612.96,50516.68,26008.76
104778,20250511,177,6,25,2,3,8457.66,25372.98,2537.3,22835.68,11315.01
104779,20230919,170,1,13,3,14,7004.72,98066.08,4903.3,93162.78,49590.72
104780,20251209,208,11,22,4,2,4866.69,9733.38,486.67,9246.71,4082.87
104781,20240901,254,7,16,7,3,11044.9,33134.7,4970.2,28164.5,14526.34
104782,20251225,220,4,5,1,18,4210.9,75796.2,3789.81,72006.39,35631.05
104783,20230702,1,4,17,9,11,4210.9,46319.9,0.0,46319.9,17570.4
104784,20250819,196,3,5,8,4,1648.77,6595.08,0.0,6595.08,3054.81
104785,20250331,124,11,15,10,10,4866.69,48666.9,0.0,48666.9,23619.65
104786,20250429,117,10,20,4,9,4677.47,42097.23,2104.86,39992.37,21331.56
104787,20240814,4,4,18,3,19,4210.9,80007.1,0.0,80007.1,40609.61
104788,20240808,213,6,14,4,12,8457.66,101491.92,0.0,101491.92,45060.99
104789,20251117,252,4,2,1,2,4210.9,8421.8,0.0,8421.8,4383.0
104790,20230202,75,12,15,1,7,1192.37,8346.59,0.0,8346.59,3549.04
104791,20231210,180,12,13,7,15,1192.37,17885.55,0.0,17885.55,8779.93
104792,20240116,88,12,7,6,10,1192.37,11923.7,1788.56,10135.14,4463.55
104793,20240313,34,7,22,6,13,11044.9,143583.7,0.0,143583.7,53012.2
104794,20230911,18,10,1,7,10,4677.47,46774.7,2338.74,44435.96,19381.11
104795,20230216,227,4,24,7,5,4210.9,21054.5,1052.73,20001.77,8217.55
104796,20250705,286,10,21,10,7,4677.47,32742.29,3274.23,29468.06,13343.72
104797,20250113,144,2,16,5,14,576.14,8065.96,806.6,7259.36,3683.24
104798,20230217,102,8,4,2,14,8152.69,114137.66,0.0,114137.66,61353.79
104799,20250119,287,2,1,4,10,576.14,5761.4,0.0,5761.4,2582.08
104800,20240520,140,7,14,10,19,11044.9,209853.1,20985.31,188867.79,75733.78
104801,20251008,110,12,8,5,18,1192.37,21462.66,1073.13,20389.53,9375.52
104802,20230427,167,3,17,7,19,1648.77,31326.63,0.0,31326.63,13042.87
104803,20250613,177,2,18,2,7,576.14,4032.98,201.65,3831.33,1953.1
104804,20240912,231,8,3,3,19,8152.69,154901.11,7745.06,147156.05,73685.5
104805,20251026,122,8,9,9,8,8152.69,65221.52,6522.15,58699.37,24709.62
104806,20250405,261,6,20,5,7,8457.66,59203.62,2960.18,56243.44,24129.24
104807,20241024,30,3,8,9,2,1648.77,3297.54,164.88,3132.66,1453.96
104808,20250309,144,7,20,5,6,11044.9,66269.4,0.0,66269.4,26140.51
104809,20240420,184,5,17,9,13,12606.96,163890.48,8194.52,155695.96,59999.12
104810,20230818,96,2,22,5,12,576.14,6913.68,0.0,6913.68,3557.15
104811,20251030,232,2,1,6,17,576.14,9794.38,489.72,9304.66,3646.64
104812,20240927,215,10,10,5,13,4677.47,60807.11,3040.36,57766.75,30670.8
104813,20230501,109,8,13,8,9,8152.69,73374.21,3668.71,69705.5,30803.64
104814,20230908,42,7,3,6,6,11044.9,66269.4,0.0,66269.4,33962.93
104815,20230401,122,12,19,9,13,1192.37,15500.81,1550.08,13950.73,7614.4
104816,20250417,258,12,23,6,3,1192.37,3577.11,178.86,3398.25,1803.07
104817,20230401,22,5,4,4,11,12606.96,138676.56,6933.83,131742.73,51949.08
104818,20240319,191,3,18,10,14,1648.77,23082.78,2308.28,20774.5,10019.57
104819,20230103,52,4,17,3,11,4210.9,46319.9,0.0,46319.9,16214.96
104820,20230223,86,10,11,7,16,4677.47,74839.52,0.0,74839.52,33957.06
104821,20230805,16,2,6,4,10,576.14,5761.4,576.14,5185.26,2702.71
104822,20230713,278,2,12,2,18,576.14,10370.52,0.0,10370.52,5180.43
104823,20230705,152,10,19,9,19,4677.47,88871.93,0.0,88871.93,47339.36
104824,20250204,19,6,11,1,4,8457.66,33830.64,1691.53,32139.11,15567.18
104825,20240331,296,7,18,8,15,11044.9,165673.5,0.0,165673.5,72336.35
104826,20251005,40,8,1,2,18,8152.69,146748.42,0.0,146748.42,60495.24
104827,20231030,105,12,6,4,18,1192.37,21462.66,3219.4,18243.26,9866.76
104828,20250118,9,8,23,9,4,8152.69,32610.76,1630.54,30980.22,11361.87
104829,20240326,107,3,3,6,7,1648.77,11541.39,0.0,11541.39,4854.34
104830,20231004,22,10,25,4,9,4677.47,42097.23,0.0,42097.23,15173.21
104831,20240312,245,11,3,7,16,4866.69,77867.04,3893.35,73973.69,33615.87
104832,20241215,198,3,23,7,15,1648.77,24731.55,0.0,24731.55,8690.2
104833,20250329,55,2,23,4,6,576.14,3456.84,518.53,2938.31,1492.07
104834,20230926,17,11,8,8,2,4866.69,9733.38,1946.68,7786.7,3647.15
104835,20250128,38,7,11,5,16,11044.9,176718.4,17671.84,159046.56,61010.84
104836,20230830,284,7,2,9,3,11044.9,33134.7,1656.73,31477.97,16678.4
104837,20230927,118,11,20,2,20,4866.69,97333.8,14600.07,82733.73,32194.46
104838,20240108,167,6,19,7,17,8457.66,143780.22,14378.02,129402.2,60322.37
104839,20231005,31,7,5,2,8,11044.9,88359.2,0.0,88359.2,35953.16
104840,20241129,221,9,22,1,17,2112.21,35907.57,3590.76,32316.81,17751.25
104841,20230804,11,10,23,9,13,4677.47,60807.11,3040.36,57766.75,26812.1
104842,20250408,281,1,10,7,12,7004.72,84056.64,0.0,84056.64,32164.73
104843,20230514,73,1,7,2,14,7004.72,98066.08,0.0,98066.08,36724.75
104844,20240715,53,12,18,4,1,1192.37,1192.37,0.0,1192.37,595.51
104845,20250413,22,9,23,4,3,2112.21,6336.63,633.66,5702.97,2565.84
104846,20230729,132,1,25,7,18,7004.72,126084.96,12608.5,113476.46,45916.55
104847,20241028,135,5,19,2,12,12606.96,151283.52,0.0,151283.52,65171.13
104848,20241111,257,1,14,7,5,7004.72,35023.6,3502.36,31521.24,13911.8
104849,20241128,204,7,20,8,18,11044.9,198808.2,0.0,198808.2,94165.01
104850,20241214,293,11,2,2,16,4866.69,77867.04,0.0,77867.04,36728.15
104851,20240715,41,5,5,9,20,12606.96,252139.2,25213.92,226925.28,92601.67
104852,20250105,233,11,15,7,14,4866.69,68133.66,0.0,68133.66,35401.87
104853,20251228,148,8,13,3,13,8152.69,105984.97,5299.25,100685.72,52923.18
104854,20241208,100,1,4,8,13,7004.72,91061.36,13659.2,77402.16,42063.3
104855,20251011,72,9,21,1,13,2112.21,27458.73,0.0,27458.73,15043.15
104856,20250207,266,6,19,1,1,8457.66,8457.66,0.0,8457.66,4283.5
104857,20250304,67,10,15,1,13,4677.47,60807.11,0.0,60807.11,30507.6
104858,20250303,71,12,18,4,13,1192.37,15500.81,775.04,14725.77,7415.88
104859,20240923,268,3,9,2,13,1648.77,21434.01,3215.1,18218.91,8542.83
104860,20250425,248,11,2,10,4,4866.69,19466.76,0.0,19466.76,8286.92
104861,20251016,252,11,10,1,2,4866.69,9733.38,0.0,9733.38,5152.55
104862,20251015,68,4,3,10,5,4210.9,21054.5,0.0,21054.5,8520.83
104863,20240220,175,3,11,9,13,1648.77,21434.01,2143.4,19290.61,6754.37
104864,20241019,268,10,10,2,20,4677.47,93549.4,0.0,93549.4,33912.01
104865,20240104,56,6,2,2,11,8457.66,93034.26,9303.43,83730.83,29444.03
104866,20250107,117,6,7,4,3,8457.66,25372.98,0.0,25372.98,9484.56
104867,20240711,191,7,1,10,11,11044.9,121493.9,6074.69,115419.21,59540.64
104868,20240415,148,11,5,3,8,4866.69,38933.52,0.0,38933.52,19276.78
104869,20230911,4,10,3,3,5,4677.47,23387.35,3508.1,19879.25,9258.37
104870,20240612,116,12,4,4,9,1192.37,10731.33,1609.7,9121.63,4361.37
104871,20230603,144,1,18,5,16,7004.72,112075.52,5603.78,106471.74,42913.2
104872,20240208,239,8,19,5,18,8152.69,146748.42,0.0,146748.42,77009.78
104873,20230403,77,2,4,4,14,576.14,8065.96,1209.89,6856.07,2601.57
104874,20230709,112,8,20,4,19,8152.69,154901.11,23235.17,131665.94,69814.58
104875,20251124,42,9,4,6,1,2112.21,2112.21,422.44,1689.77,863.14
104876,20250223,78,5,6,8,14,12606.96,176497.44,0.0,176497.44,78123.56
104877,20250610,112,11,11,4,12,4866.69,58400.28,2920.01,55480.27,24429.72
104878,20240801,178,3,14,5,7,1648.77,11541.39,1154.14,10387.25,4259.83
104879,20251206,273,3,7,4,16,1648.77,26380.32,2638.03,23742.29,9017.77
104880,20240928,152,12,6,9,5,1192.37,5961.85,298.09,5663.76,2211.81
104881,20230828,35,8,17,5,18,8152.69,146748.42,14674.84,132073.58,60847.32
104882,20241109,24,4,9,4,11,4210.9,46319.9,0.0,46319.9,21344.39
104883,20251215,96,9,16,5,6,2112.21,12673.26,0.0,12673.26,5099.71
104884,20250323,243,7,13,10,13,11044.9,143583.7,14358.37,129225.33,58985.6
104885,20251011,154,6,23,9,17,8457.66,143780.22,7189.01,136591.21,67556.89
104886,20230922,29,11,16,1,11,4866.69,53533.59,0.0,53533.59,26060.31
104887,20240316,200,9,12,5,20,2112.21,42244.2,0.0,42244.2,17923.52
104888,20231007,203,3,4,7,2,1648.77,3297.54,164.88,3132.66,1281.59
104889,20230618,132,5,8,7,1,12606.96,12606.96,630.35,11976.61,4483.52
104890,20250304,42,5,10,6,12,12606.96,151283.52,0.0,151283.52,76805.24
104891,20250221,157,6,23,8,15,8457.66,126864.9,0.0,126864.9,68039.51
104892,20240313,36,10,20,10,16,4677.47,74839.52,0.0,74839.52,28027.13
104893,20250112,117,4,8,4,9,4210.9,37898.1,3789.81,34108.29,18301.4
104894,20231204,222,10,15,8,1,4677.47,4677.47,0.0,4677.47,2338.74
104895,20240226,155,4,10,10,10,4210.9,42109.0,2105.45,40003.55,17972.27
104896,20241229,283,12,14,3,3,1192.37,3577.11,357.71,3219.4,1463.86
104897,20230709,244,9,13,10,2,2112.21,4224.42,633.66,3590.76,1972.03
104898,20230925,60,6,19,2,19,8457.66,160695.54,0.0,160695.54,75752.02
104899,20240321,234,7,8,5,17,11044.9,187763.3,0.0,187763.3,99628.05
104900,20230403,108,4,4,8,6,4210.9,25265.4,0.0,25265.4,10000.61
104901,20241020,136,9,2,3,15,2112.21,31683.15,0.0,31683.15,13943.56
104902,20230829,160,12,24,3,17,1192.37,20270.29,0.0,20270.29,8701.4
104903,20250806,159,8,16,4,16,8152.69,130443.04,0.0,130443.04,57630.85
104904,20240328,207,7,14,7,12,11044.9,132538.8,6626.94,125911.86,44163.13
104905,20250709,194,12,5,4,6,1192.37,7154.22,1073.13,6081.09,2796.84
104906,20231113,62,3,22,4,18,1648.77,29677.86,0.0,29677.86,13835.99
104907,20240311,258,7,18,6,6,11044.9,66269.4,3313.47,62955.93,31983.33
104908,20250620,69,7,9,4,7,11044.9,77314.3,3865.72,73448.58,28609.12
104909,20230123,154,12,25,9,12,1192.37,14308.44,715.42,13593.02,7471.54
104910,20250601,292,3,22,5,2,1648.77,3297.54,494.63,2802.91,1205.75
104911,20250324,17,5,18,8,12,12606.96,151283.52,30256.7,121026.82,44646.81
104912,20240219,130,11,9,10,7,4866.69,34066.83,6813.37,27253.46,12378.8
104913,20240721,297,9,3,9,4,2112.21,8448.84,1689.77,6759.07,3254.93
104914,20250605,180,2,5,7,9,576.14,5185.26,0.0,5185.26,1845.01
104915,20250307,121,8,18,4,3,8152.69,24458.07,1222.9,23235.17,11420.18
104916,20240920,287,12,24,4,8,1192.37,9538.96,953.9,8585.06,3438.18
104917,20251219,49,2,23,4,14,576.14,8065.96,806.6,7259.36,3381.97
104918,20250110,283,11,23,3,12,4866.69,58400.28,2920.01,55480.27,22280.98
104919,20230531,127,8,19,8,7,8152.69,57068.83,8560.32,48508.51,19001.5
104920,20250419,100,12,13,8,11,1192.37,13116.07,655.8,12460.27,4802.85
104921,20250329,237,7,17,7,16,11044.9,176718.4,8835.92,167882.48,71051.47
104922,20240305,185,9,14,5,3,2112.21,6336.63,0.0,6336.63,3200.71
104923,20230702,249,5,20,3,3,12606.96,37820.88,1891.04,35929.84,14156.78
104924,20230218,281,11,18,7,10,4866.69,48666.9,0.0,48666.9,24689.91
104925,20230924,99,4,20,4,20,4210.9,84218.0,0.0,84218.0,43143.39
104926,20250411,59,6,1,6,2,8457.66,16915.32,0.0,16915.32,6197.76
104927,20230806,172,5,17,1,1,12606.96,12606.96,0.0,12606.96,4874.93
104928,20240212,212,5,16,10,20,12606.96,252139.2,0.0,252139.2,92009.92
104929,20230127,45,1,24,3,17,7004.72,119080.24,23816.05,95264.19,35195.33
104930,20250226,129,8,23,8,20,8152.69,163053.8,0.0,163053.8,84437.27
104931,20230703,176,8,8,10,17,8152.69,138595.73,13859.57,124736.16,44325.27
104932,20250719,294,7,15,2,8,11044.9,88359.2,0.0,88359.2,34133.29
104933,20230316,300,11,13,8,4,4866.69,19466.76,0.0,19466.76,7518.94
104934,20240201,235,3,14,8,10,1648.77,16487.7,0.0,16487.7,6342.66
104935,20250115,261,7,19,5,19,11044.9,209853.1,10492.66,199360.44,76085.18
104936,20240630,186,10,16,4,4,4677.47,18709.88,1870.99,16838.89,8429.28
104937,20250115,186,11,15,4,20,4866.69,97333.8,0.0,97333.8,49021.6
104938,20250928,240,1,4,3,4,7004.72,28018.88,2801.89,25216.99,10380.6
104939,20230716,239,11,16,5,7,4866.69,34066.83,1703.34,32363.49,12511.0
104940,20250427,3,10,14,3,17,4677.47,79516.99,0.0,79516.99,35916.01
104941,20250510,33,1,25,10,17,7004.72,119080.24,0.0,119080.24,56085.61
104942,20240215,178,9,13,5,16,2112.21,33795.36,5069.3,28726.06,14752.89
104943,20240823,109,12,7,8,14,1192.37,16693.18,0.0,16693.18,8792.99
104944,20230415,87,7,7,10,5,11044.9,55224.5,2761.23,52463.27,27172.38
104945,20250518,180,10,13,7,9,4677.47,42097.23,4209.72,37887.51,17187.61
104946,20250304,198,10,9,7,19,4677.47,88871.93,4443.6,84428.33,45970.33
104947,20230610,179,6,21,5,8,8457.66,67661.28,0.0,67661.28,29681.01
104948,20240601,164,11,2,9,5,4866.69,24333.45,0.0,24333.45,12286.7
104949,20240509,227,8,6,7,20,8152.69,163053.8,8152.69,154901.11,71538.23
104950,20240712,269,10,13,9,11,4677.47,51452.17,7717.83,43734.34,20919.73
104951,20240613,171,1,8,6,15,7004.72,105070.8,10507.08,94563.72,39705.37
104952,20230308,247,9,1,10,12,2112.21,25346.52,0.0,25346.52,9965.81
104953,20251228,191,7,19,10,7,11044.9,77314.3,0.0,77314.3,36448.47
104954,20240522,209,10,13,9,10,4677.47,46774.7,9354.94,37419.76,17024.96
104955,20240720,15,8,8,6,15,8152.69,122290.35,0.0,122290.35,66467.01
104956,20240716,45,6,1,3,13,8457.66,109949.58,0.0,109949.58,56311.73
104957,20240611,16,6,4,4,2,8457.66,16915.32,1691.53,15223.79,8006.19
104958,20250414,185,9,8,5,18,2112.21,38019.78,1900.99,36118.79,16841.66
104959,20240226,104,5,13,7,15,12606.96,189104.4,0.0,189104.4,82337.61
104960,20250318,222,12,2,8,8,1192.37,9538.96,0.0,9538.96,4973.83
104961,20231007,249,4,19,3,20,4210.9,84218.0,4210.9,80007.1,29785.99
104962,20231028,28,12,25,4,19,1192.37,22655.03,0.0,22655.03,11625.28
104963,20230420,46,1,6,1,16,7004.72,112075.52,5603.78,106471.74,47548.97
104964,20251228,57,11,20,9,11,4866.69,53533.59,0.0,53533.59,21938.38
104965,20251126,135,10,15,2,16,4677.47,74839.52,3741.98,71097.54,31557.82
104966,20251127,101,4,1,5,14,4210.9,58952.6,0.0,58952.6,23600.04
104967,20241020,229,11,12,5,9,4866.69,43800.21,4380.02,39420.19,17526.68
104968,20240306,175,1,12,9,6,7004.72,42028.32,2101.42,39926.9,15457.54
104969,20250815,15,12,13,6,17,1192.37,20270.29,1013.51,19256.78,8406.41
104970,20250821,31,8,3,2,18,8152.69,146748.42,14674.84,132073.58,49388.92
104971,20231124,94,4,24,3,13,4210.9,54741.7,8211.25,46530.45,24313.98
104972,20230813,66,4,16,3,15,4210.9,63163.5,0.0,63163.5,29664.38
104973,20251202,153,11,4,2,7,4866.69,34066.83,5110.02,28956.81,11573.81
104974,20250422,257,8,1,7,11,8152.69,89679.59,13451.94,76227.65,34379.04
104975,20230124,251,10,3,4,2,4677.47,9354.94,467.75,8887.19,4450.41
104976,20250114,61,1,14,7,9,7004.72,63042.48,0.0,63042.48,22516.41
104977,20250720,271,4,25,3,18,4210.9,75796.2,7579.62,68216.58,27987.77
104978,20251223,138,9,7,4,1,2112.21,2112.21,0.0,2112.21,957.91
104979,20241220,237,4,14,7,11,4210.9,46319.9,4631.99,41687.91,20344.53
104980,20230115,150,5,20,6,5,12606.96,63034.8,3151.74,59883.06,27115.92
104981,20230121,97,2,15,8,18,576.14,10370.52,1555.58,8814.94,3977.39
104982,20250309,132,4,24,7,3,4210.9,12632.7,631.64,12001.06,5986.62
104983,20241028,258,5,9,6,9,12606.96,113462.64,17019.4,96443.24,44379.82
104984,20241008,111,1,7,7,6,7004.72,42028.32,8405.66,33622.66,11994.38
104985,20250131,224,1,23,10,11,7004.72,77051.92,0.0,77051.92,36512.04
104986,20230421,64,12,12,9,6,1192.37,7154.22,0.0,7154.22,3809.02
104987,20230319,67,10,20,1,20,4677.47,93549.4,4677.47,88871.93,34586.0
104988,20230213,85,4,12,4,13,4210.9,54741.7,0.0,54741.7,29769.12
104989,20240516,16,8,20,4,19,8152.69,154901.11,0.0,154901.11,65158.21
104990,20230504,93,11,15,10,7,4866.69,34066.83,5110.02,28956.81,10284.05
104991,20231026,183,4,3,5,18,4210.9,75796.2,15159.24,60636.96,25180.81
104992,20230215,150,3,7,6,3,1648.77,4946.31,494.63,4451.68,2031.48
104993,20230321,197,9,5,2,2,2112.21,4224.42,0.0,4224.42,2217.39
104994,20230308,291,4,2,9,12,4210.9,50530.8,0.0,50530.8,20595.19
104995,20250707,112,9,12,4,15,2112.21,31683.15,3168.32,28514.83,12748.49
104996,20250704,105,10,17,4,5,4677.47,23387.35,0.0,23387.35,11537.87
104997,20241101,122,9,4,9,12,2112.21,25346.52,3801.98,21544.54,9849.23
104998,20250922,75,11,7,1,17,4866.69,82733.73,12410.06,70323.67,30753.82
104999,20240716,68,10,12,10,4,4677.47,18709.88,935.49,17774.39,6877.5
105000,20250112,187,11,15,10,14,4866.69,68133.66,6813.37,61320.29,31070.29
105001,20230612,173,6,19,2,2,8457.66,16915.32,0.0,16915.32,9089.82
105002,20230911,295,7,24,3,20,11044.9,220898.0,0.0,220898.0,90715.36
105003,20251024,233,7,4,7,11,11044.9,121493.9,0.0,121493.9,59741.16
105004,20240825,263,9,10,10,19,2112.21,40131.99,4013.2,36118.79,19032.98
105005,20241028,16,9,19,4,5,2112.21,10561.05,1056.11,9504.94,3874.42
105006,20240817,22,4,11,4,1,4210.9,4210.9,210.54,4000.36,2080.73
105007,20250109,178,6,20,5,7,8457.66,59203.62,0.0,59203.62,24659.98
105008,20251112,40,1,17,2,5,7004.72,35023.6,3502.36,31521.24,13848.14
105009,20241106,154,8,25,9,15,8152.69,122290.35,6114.52,116175.83,62357.88
105010,20240710,191,10,6,10,12,4677.47,56129.64,0.0,56129.64,27593.77
105011,20230916,112,9,15,4,5,2112.21,10561.05,1584.16,8976.89,4464.5
105012,20240523,248,10,16,10,20,4677.47,93549.4,0.0,93549.4,41974.86
105013,20240806,170,6,20,3,10,8457.66,84576.6,4228.83,80347.77,33111.95
105014,20250502,237,5,24,7,4,12606.96,50427.84,2521.39,47906.45,18037.47
105015,20241129,216,11,16,3,4,4866.69,19466.76,0.0,19466.76,8230.6
105016,20240328,176,1,6,10,15,7004.72,105070.8,5253.54,99817.26,40196.56
105017,20230212,193,5,4,3,5,12606.96,63034.8,9455.22,53579.58,29315.85
105018,20251002,76,11,16,3,13,4866.69,63266.97,0.0,63266.97,32332.83
105019,20240802,189,2,23,1,7,576.14,4032.98,0.0,4032.98,1811.97
105020,20230412,29,6,10,1,12,8457.66,101491.92,0.0,101491.92,40407.17
105021,20240816,181,6,20,10,11,8457.66,93034.26,13955.14,79079.12,33427.23
105022,20250610,96,2,14,5,18,576.14,10370.52,2074.1,8296.42,4004.78
105023,20240221,191,11,16,10,14,4866.69,68133.66,3406.68,64726.98,23353.09
105024,20241230,4,5,24,3,19,12606.96,239532.24,0.0,239532.24,107920.87
105025,20230415,151,4,3,3,16,4210.9,67374.4,0.0,67374.4,35852.85
105026,20250823,287,6,25,4,6,8457.66,50745.96,0.0,50745.96,25050.21
105027,20250724,299,4,8,6,13,4210.9,54741.7,2737.09,52004.61,27428.97
105028,20240511,36,11,22,10,14,4866.69,68133.66,0.0,68133.66,31692.42
105029,20251126,260,9,12,6,1,2112.21,2112.21,422.44,1689.77,602.71
105030,20250131,283,4,20,3,3,4210.9,12632.7,0.0,12632.7,5354.81
105031,20240224,89,1,6,7,13,7004.72,91061.36,0.0,91061.36,32472.09
105032,20240124,122,12,7,9,19,1192.37,22655.03,1132.75,21522.28,9684.05
105033,20230329,95,1,22,6,8,7004.72,56037.76,2801.89,53235.87,25407.15
105034,20251128,87,11,3,10,18,4866.69,87600.42,4380.02,83220.4,32643.29
105035,20240831,146,8,17,6,4,8152.69,32610.76,3261.08,29349.68,12692.06
105036,20250716,222,7,8,8,9,11044.9,99404.1,14910.61,84493.49,43165.78
105037,20230117,279,4,10,7,17,4210.9,71585.3,7158.53,64426.77,24940.82
105038,20240117,208,7,10,4,16,11044.9,176718.4,0.0,176718.4,87579.19
105039,20250425,158,5,1,3,9,12606.96,113462.64,5673.13,107789.51,49773.0
105040,20231207,254,10,14,7,14,4677.47,65484.58,0.0,65484.58,30697.64
105041,20241101,266,2,22,1,18,576.14,10370.52,518.53,9851.99,5073.36
105042,20240911,140,10,19,10,6,4677.47,28064.82,0.0,28064.82,12777.77
105043,20230630,157,5,13,8,20,12606.96,252139.2,0.0,252139.2,128246.55
105044,20241116,128,2,11,8,11,576.14,6337.54,633.75,5703.79,2456.48
105045,20231023,101,10,9,5,1,4677.47,4677.47,701.62,3975.85,1889.81
105046,20230123,285,10,13,3,9,4677.47,42097.23,4209.72,37887.51,17724.91
105047,20250310,215,11,17,5,3,4866.69,14600.07,2920.01,11680.06,4372.4
105048,20240108,72,10,5,1,8,4677.47,37419.76,3741.98,33677.78,16164.84
105049,20231007,137,7,18,7,16,11044.9,176718.4,0.0,176718.4,93777.95
105050,20240408,240,4,8,3,16,4210.9,67374.4,6737.44,60636.96,30603.93
105051,20230420,199,11,23,7,3,4866.69,14600.07,0.0,14600.07,6317.96
105052,20240908,267,6,16,1,17,8457.66,143780.22,0.0,143780.22,77015.65
105053,20241106,168,10,13,10,11,4677.47,51452.17,5145.22,46306.95,20369.09
105054,20250328,191,8,17,10,13,8152.69,105984.97,5299.25,100685.72,35282.87
105055,20241223,173,2,24,2,5,576.14,2880.7,432.1,2448.6,1169.06
105056,20250907,218,5,21,2,9,12606.96,113462.64,17019.4,96443.24,38846.71
105057,20250428,115,3,15,6,2,1648.77,3297.54,0.0,3297.54,1224.95
105058,20250608,182,4,9,10,9,4210.9,37898.1,0.0,37898.1,13730.12
105059,20231106,45,11,17,3,14,4866.69,68133.66,3406.68,64726.98,28556.42
105060,20230724,189,3,2,1,8,1648.77,13190.16,0.0,13190.16,6282.66
105061,20230709,293,9,12,2,1,2112.21,2112.21,211.22,1900.99,820.79
105062,20230727,121,4,11,4,18,4210.9,75796.2,0.0,75796.2,34766.55
105063,20240622,97,3,6,8,19,1648.77,31326.63,1566.33,29760.3,15946.33
105064,20250516,211,12,7,10,6,1192.37,7154.22,1073.13,6081.09,2945.22
105065,20230408,143,3,7,10,7,1648.77,11541.39,577.07,10964.32,3840.94
105066,20230325,259,10,3,2,16,4677.47,74839.52,0.0,74839.52,31636.62
105067,20230917,42,9,9,6,12,2112.21,25346.52,1267.33,24079.19,12466.24
105068,20240828,298,7,12,4,20,11044.9,220898.0,11044.9,209853.1,87456.38
105069,20230929,243,1,23,10,6,7004.72,42028.32,0.0,42028.32,19925.09
105070,20230715,58,5,7,3,11,12606.96,138676.56,20801.48,117875.08,53133.38
105071,20240201,23,5,1,9,16,12606.96,201711.36,10085.57,191625.79,101440.94
105072,20250120,64,4,2,9,14,4210.9,58952.6,0.0,58952.6,27652.76
105073,20231110,72,2,13,1,18,576.14,10370.52,518.53,9851.99,4014.69
105074,20240216,236,2,10,6,15,576.14,8642.1,0.0,8642.1,4466.88
105075,20230331,146,4,3,6,20,4210.9,84218.0,0.0,84218.0,34226.26
105076,20230628,92,7,14,8,14,11044.9,154628.6,0.0,154628.6,80589.14
105077,20231226,114,4,13,6,3,4210.9,12632.7,1894.9,10737.8,5837.11
105078,20241126,262,1,14,2,5,7004.72,35023.6,0.0,35023.6,14540.84
105079,20241123,77,7,15,4,5,11044.9,55224.5,8283.67,46940.83,22761.16
105080,20250409,243,12,2,10,5,1192.37,5961.85,298.09,5663.76,2338.1
105081,20230116,4,6,24,3,14,8457.66,118407.24,5920.36,112486.88,40307.86
105082,20230106,164,8,3,9,3,8152.69,24458.07,4891.61,19566.46,7173.96
105083,20251206,47,7,15,6,20,11044.9,220898.0,0.0,220898.0,85276.71
105084,20240508,187,4,19,10,8,4210.9,33687.2,3368.72,30318.48,16184.27
105085,20230204,190,5,17,4,10,12606.96,126069.6,12606.96,113462.64,55616.27
105086,20230617,215,6,16,5,2,8457.66,16915.32,2537.3,14378.02,6704.99
105087,20240121,75,2,23,1,17,576.14,9794.38,0.0,9794.38,3717.76
105088,20231228,203,11,9,7,14,4866.69,68133.66,6813.37,61320.29,31078.61
105089,20241108,57,10,1,9,5,4677.47,23387.35,2338.74,21048.61,8649.24
105090,20230513,166,12,10,9,18,1192.37,21462.66,1073.13,20389.53,10313.26
105091,20230721,26,10,8,5,7,4677.47,32742.29,0.0,32742.29,16532.82
105092,20240522,115,7,7,6,8,11044.9,88359.2,0.0,88359.2,39443.44
105093,20250124,155,4,15,10,2,4210.9,8421.8,0.0,8421.8,4328.18
105094,20240731,62,7,25,4,9,11044.9,99404.1,0.0,99404.1,53262.23
105095,20230309,76,2,15,3,1,576.14,576.14,57.61,518.53,258.92
105096,20250621,32,2,6,4,11,576.14,6337.54,633.75,5703.79,2993.15
105097,20231214,283,11,8,3,7,4866.69,34066.83,5110.02,28956.81,13769.46
105098,20250821,48,8,21,5,18,8152.69,146748.42,0.0,146748.42,66893.39
105099,20250718,194,10,15,4,12,4677.47,56129.64,0.0,56129.64,26429.27
105100,20251007,122,12,25,9,19,1192.37,22655.03,0.0,22655.03,11388.56
105101,20230522,30,11,12,9,12,4866.69,58400.28,8760.04,49640.24,23228.28
105102,20250214,281,4,8,7,3,4210.9,12632.7,631.64,12001.06,4708.93
105103,20250208,148,11,16,3,1,4866.69,4866.69,243.33,4623.36,2277.83
105104,20240611,154,1,13,9,12,7004.72,84056.64,8405.66,75650.98,38603.69
105105,20240829,182,3,24,10,11,1648.77,18136.47,906.82,17229.65,9239.9
105106,20250124,240,1,22,3,16,7004.72,112075.52,16811.33,95264.19,52213.72
105107,20250125,4,10,9,3,13,4677.47,60807.11,0.0,60807.11,21432.68
105108,20241018,218,3,21,2,6,1648.77,9892.62,494.63,9397.99,4381.28
105109,20231124,211,1,25,10,5,7004.72,35023.6,7004.72,28018.88,14458.83
105110,20250223,34,2,18,6,14,576.14,8065.96,403.3,7662.66,4007.74
105111,20230829,14,10,8,4,14,4677.47,65484.58,6548.46,58936.12,27554.23
105112,20230520,143,10,1,10,18,4677.47,84194.46,0.0,84194.46,37337.77
105113,20230411,101,3,16,5,13,1648.77,21434.01,2143.4,19290.61,8786.42
105114,20241206,269,8,15,9,16,8152.69,130443.04,19566.46,110876.58,56212.09
105115,20230623,143,11,19,10,15,4866.69,73000.35,0.0,73000.35,31181.33
105116,20230923,52,2,19,3,11,576.14,6337.54,316.88,6020.66,2897.19
105117,20250401,157,7,1,8,16,11044.9,176718.4,8835.92,167882.48,80104.79
105118,20250111,200,12,19,5,4,1192.37,4769.48,953.9,3815.58,1959.25
105119,20231102,19,6,4,1,7,8457.66,59203.62,0.0,59203.62,23564.91
105120,20250730,145,12,17,8,20,1192.37,23847.4,0.0,23847.4,8560.66
105121,20251012,183,2,14,5,15,576.14,8642.1,864.21,7777.89,4090.05
105122,20251211,214,11,16,1,7,4866.69,34066.83,0.0,34066.83,12745.41
105123,20230925,58,8,24,3,16,8152.69,130443.04,0.0,130443.04,57376.01
105124,20240731,256,8,20,2,8,8152.69,65221.52,0.0,65221.52,35674.93
105125,20241113,282,5,7,4,18,12606.96,226925.28,0.0,226925.28,96971.01
105126,20250819,64,3,12,9,5,1648.77,8243.85,824.39,7419.46,3846.77
105127,20240214,32,12,13,4,9,1192.37,10731.33,536.57,10194.76,4746.54
105128,20231101,196,8,4,8,19,8152.69,154901.11,0.0,154901.11,67234.17
105129,20240123,108,6,8,8,2,8457.66,16915.32,0.0,16915.32,6178.5
105130,20250906,286,4,2,10,11,4210.9,46319.9,2316.0,44003.9,20069.03
105131,20251121,245,6,8,7,8,8457.66,67661.28,0.0,67661.28,28167.16
105132,20250517,88,1,5,6,20,7004.72,140094.4,14009.44,126084.96,63686.83
105133,20251002,130,8,17,10,4,8152.69,32610.76,0.0,32610.76,15056.59
105134,20250405,101,5,24,5,12,12606.96,151283.52,0.0,151283.52,59931.22
105135,20231205,66,3,19,3,8,1648.77,13190.16,0.0,13190.16,6317.53
105136,20251111,221,6,1,1,8,8457.66,67661.28,3383.06,64278.22,26057.14
105137,20250618,192,11,21,1,2,4866.69,9733.38,0.0,9733.38,5286.07
105138,20251010,248,10,3,10,15,4677.47,70162.05,0.0,70162.05,25597.42
105139,20230915,155,4,10,10,11,4210.9,46319.9,0.0,46319.9,18506.05
105140,20230606,36,12,11,10,16,1192.37,19077.92,0.0,19077.92,9947.41
105141,20231016,236,3,2,6,20,1648.77,32975.4,0.0,32975.4,11769.84
105142,20240121,195,10,23,9,12,4677.47,56129.64,2806.48,53323.16,22420.67
105143,20250505,96,10,9,5,7,4677.47,32742.29,0.0,32742.29,12117.4
105144,20250212,236,1,17,6,18,7004.72,126084.96,0.0,126084.96,44547.65
105145,20240711,117,10,21,4,9,4677.47,42097.23,0.0,42097.23,15627.8
105146,20230519,9,5,5,9,16,12606.96,201711.36,20171.14,181540.22,85069.91
105147,20240617,99,6,9,4,19,8457.66,160695.54,0.0,160695.54,85837.85
105148,20230103,55,9,3,4,17,2112.21,35907.57,1795.38,34112.19,16308.18
105149,20250501,59,4,5,6,19,4210.9,80007.1,0.0,80007.1,35175.89
105150,20241019,108,9,10,8,17,2112.21,35907.57,5386.14,30521.43,11155.97
105151,20230702,167,12,16,7,2,1192.37,2384.74,357.71,2027.03,830.91
105152,20250126,203,1,21,7,3,7004.72,21014.16,3152.12,17862.04,9242.23
105153,20240809,83,7,6,5,10,11044.9,110449.0,11044.9,99404.1,41438.05
105154,20241024,146,7,6,6,1,11044.9,11044.9,1656.73,9388.17,5091.23
105155,20240417,175,12,9,9,13,1192.37,15500.81,775.04,14725.77,7203.16
105156,20231023,128,10,10,8,1,4677.47,4677.47,233.87,4443.6,2319.64
105157,20250629,127,11,10,8,8,4866.69,38933.52,0.0,38933.52,16609.23
105158,20230508,175,5,16,9,2,12606.96,25213.92,2521.39,22692.53,8172.2
105159,20230414,128,10,17,8,3,4677.47,14032.41,0.0,14032.41,6533.74
105160,20250102,56,7,7,2,11,11044.9,121493.9,0.0,121493.9,48834.68
105161,20230624,91,1,6,6,6,7004.72,42028.32,0.0,42028.32,15606.75
105162,20241123,205,2,13,7,17,576.14,9794.38,0.0,9794.38,4617.8
105163,20250612,130,11,3,10,17,4866.69,82733.73,8273.37,74460.36,39573.43
105164,20240706,63,4,7,10,7,4210.9,29476.3,1473.82,28002.48,11815.12
105165,20230126,72,9,11,1,20,2112.21,42244.2,4224.42,38019.78,13818.95
105166,20250601,164,9,4,9,15,2112.21,31683.15,1584.16,30098.99,11130.03
105167,20250203,243,9,6,10,19,2112.21,40131.99,0.0,40131.99,16688.43
105168,20240914,92,3,3,8,19,1648.77,31326.63,4698.99,26627.64,12744.65
105169,20230730,145,3,19,8,19,1648.77,31326.63,4698.99,26627.64,10759.35
105170,20230820,149,2,10,10,1,576.14,576.14,57.61,518.53,203.93
105171,20251117,186,12,23,4,13,1192.37,15500.81,2325.12,13175.69,6142.72
105172,20230905,146,3,14,6,11,1648.77,18136.47,0.0,18136.47,9633.24
105173,20231129,16,2,15,4,10,576.14,5761.4,864.21,4897.19,1863.03
105174,20251102,155,12,10,10,14,1192.37,16693.18,834.66,15858.52,7146.47
105175,20251202,201,7,12,8,20,11044.9,220898.0,0.0,220898.0,80588.13
105176,20231028,238,3,20,9,4,1648.77,6595.08,0.0,6595.08,2816.87
105177,20241031,53,7,10,4,9,11044.9,99404.1,9940.41,89463.69,41631.29
105178,20241003,98,3,24,4,4,1648.77,6595.08,329.75,6265.33,2224.74
105179,20230714,51,4,2,3,17,4210.9,71585.3,0.0,71585.3,27021.93
105180,20230729,184,7,18,9,6,11044.9,66269.4,9940.41,56328.99,22371.88
105181,20240110,279,5,23,7,1,12606.96,12606.96,1260.7,11346.26,4306.02
105182,20240530,203,3,13,7,16,1648.77,26380.32,2638.03,23742.29,11300.06
105183,20231120,6,3,11,9,8,1648.77,13190.16,1978.52,11211.64,6093.58
105184,20240602,82,4,18,8,14,4210.9,58952.6,2947.63,56004.97,20042.55
105185,20250706,243,7,1,10,10,11044.9,110449.0,11044.9,99404.1,47099.24
105186,20240210,275,8,21,6,14,8152.69,114137.66,11413.77,102723.89,54648.19
105187,20240911,27,9,23,9,16,2112.21,33795.36,1689.77,32105.59,12097.99
105188,20230323,230,11,11,2,6,4866.69,29200.14,2920.01,26280.13,13628.02
105189,20230417,11,4,7,9,2,4210.9,8421.8,1263.27,7158.53,3035.75
105190,20230530,10,12,22,3,20,1192.37,23847.4,2384.74,21462.66,9628.35
105191,20231024,146,8,5,6,12,8152.69,97832.28,0.0,97832.28,42699.11
105192,20240815,34,7,24,6,18,11044.9,198808.2,9940.41,188867.79,73936.74
105193,20231231,249,7,25,3,8,11044.9,88359.2,4417.96,83941.24,34735.94
105194,20240115,113,9,22,8,4,2112.21,8448.84,844.88,7603.96,2918.79
105195,20251113,296,4,13,8,7,4210.9,29476.3,5895.26,23581.04,11208.34
105196,20250729,282,11,14,4,17,4866.69,82733.73,0.0,82733.73,43594.71
105197,20230323,141,3,21,4,8,1648.77,13190.16,0.0,13190.16,7027.94
105198,20240418,41,9,20,9,20,2112.21,42244.2,0.0,42244.2,16773.18
105199,20230615,219,11,19,9,19,4866.69,92467.11,0.0,92467.11,33859.14
105200,20240127,164,4,10,9,15,4210.9,63163.5,6316.35,56847.15,23832.38
105201,20250819,2,8,16,5,12,8152.69,97832.28,0.0,97832.28,45170.92
105202,20240901,290,5,22,8,19,12606.96,239532.24,11976.61,227555.63,115706.06
105203,20250329,102,6,15,2,13,8457.66,109949.58,5497.48,104452.1,51272.39
105204,20250429,65,2,8,5,18,576.14,10370.52,1555.58,8814.94,4516.54
105205,20250104,38,10,25,5,9,4677.47,42097.23,2104.86,39992.37,19914.98
105206,20240723,88,3,12,6,19,1648.77,31326.63,0.0,31326.63,11596.0
105207,20240122,18,12,11,7,20,1192.37,23847.4,0.0,23847.4,9749.51
105208,20250426,107,11,23,6,12,4866.69,58400.28,0.0,58400.28,29172.8
105209,20230723,14,10,14,4,16,4677.47,74839.52,0.0,74839.52,27799.21
105210,20240416,220,4,13,1,12,4210.9,50530.8,5053.08,45477.72,16006.49
105211,20241117,16,5,3,4,16,12606.96,201711.36,0.0,201711.36,106217.28
105212,20231019,73,4,9,2,5,4210.9,21054.5,1052.73,20001.77,9809.12
105213,20251025,239,1,23,5,7,7004.72,49033.04,7354.96,41678.08,21473.04
105214,20231220,111,11,18,7,4,4866.69,19466.76,0.0,19466.76,7125.53
105215,20230510,270,10,21,10,19,4677.47,88871.93,8887.19,79984.74,33646.46
105216,20240921,227,12,22,7,11,1192.37,13116.07,1967.41,11148.66,6029.68
105217,20230903,37,3,15,3,11,1648.77,18136.47,2720.47,15416.0,6700.14
105218,20251016,112,2,3,4,10,576.14,5761.4,288.07,5473.33,2959.95
105219,20240503,54,1,18,8,17,7004.72,119080.24,5954.01,113126.23,61630.92
105220,20230421,222,12,25,8,11,1192.37,13116.07,1311.61,11804.46,5504.34
105221,20240615,14,1,8,4,18,7004.72,126084.96,0.0,126084.96,64332.75
105222,20240513,214,5,18,1,12,12606.96,151283.52,15128.35,136155.17,66103.61
105223,20230402,67,2,17,1,5,576.14,2880.7,0.0,2880.7,1415.24
105224,20230218,279,2,15,7,2,576.14,1152.28,0.0,1152.28,463.63
105225,20250515,33,7,21,10,18,11044.9,198808.2,9940.41,188867.79,82936.19
105226,20240128,95,2,10,6,19,576.14,10946.66,547.33,10399.33,4634.46
105227,20230123,108,11,5,8,1,4866.69,4866.69,0.0,4866.69,2330.39
105228,20251011,131,4,24,10,7,4210.9,29476.3,0.0,29476.3,11081.38
105229,20230330,211,6,3,10,2,8457.66,16915.32,1691.53,15223.79,6224.18
105230,20250320,1,2,1,9,10,576.14,5761.4,0.0,5761.4,2157.02
105231,20241119,188,6,24,1,15,8457.66,126864.9,6343.24,120521.66,45392.27
105232,20250825,76,11,22,3,5,4866.69,24333.45,2433.35,21900.1,10279.01
105233,20250101,217,12,15,3,5,1192.37,5961.85,596.19,5365.66,2402.87
105234,20230607,268,10,25,2,18,4677.47,84194.46,12629.17,71565.29,32981.8
105235,20250718,252,7,16,1,15,11044.9,165673.5,24851.02,140822.48,73643.63
105236,20240321,257,8,15,7,3,8152.69,24458.07,0.0,24458.07,9602.64
105237,20230622,273,10,8,4,20,4677.47,93549.4,4677.47,88871.93,42407.22
105238,20231126,22,5,17,4,16,12606.96,201711.36,0.0,201711.36,81689.5
105239,20230828,130,6,11,10,17,8457.66,143780.22,7189.01,136591.21,61733.93
105240,20230623,234,12,8,5,9,1192.37,10731.33,0.0,10731.33,4948.26
105241,20230304,256,10,22,2,13,4677.47,60807.11,6080.71,54726.4,27121.47
105242,20230324,127,11,21,8,4,4866.69,19466.76,0.0,19466.76,8699.54
105243,20241015,262,6,20,2,7,8457.66,59203.62,8880.54,50323.08,18680.36
105244,20241028,123,11,13,8,5,4866.69,24333.45,0.0,24333.45,12899.3
105245,20240918,98,4,19,4,6,4210.9,25265.4,1263.27,24002.13,11637.54
105246,20241009,129,1,14,8,8,7004.72,56037.76,2801.89,53235.87,27655.4
105247,20250723,5,3,2,10,15,1648.77,24731.55,4946.31,19785.24,7220.44
105248,20241228,101,8,18,5,9,8152.69,73374.21,0.0,73374.21,35759.41
105249,20241210,184,11,21,9,12,4866.69,58400.28,5840.03,52560.25,26340.69
105250,20241016,137,5,25,7,2,12606.96,25213.92,1260.7,23953.22,12882.35
105251,20251123,212,8,15,10,17,8152.69,138595.73,20789.36,117806.37,53909.29
105252,20231204,70,2,25,9,2,576.14,1152.28,115.23,1037.05,457.45
105253,20231014,5,5,1,10,20,12606.96,252139.2,0.0,252139.2,126564.52
105254,20230520,64,3,10,9,13,1648.77,21434.01,0.0,21434.01,9403.5
105255,20251004,276,12,1,6,9,1192.37,10731.33,0.0,10731.33,5661.26
105256,20240928,283,7,14,3,16,11044.9,176718.4,0.0,176718.4,76640.6
105257,20240713,77,7,5,4,10,11044.9,110449.0,0.0,110449.0,59580.98
105258,20251016,31,12,9,2,19,1192.37,22655.03,1132.75,21522.28,9555.97
105259,20230824,9,2,17,9,15,576.14,8642.1,432.11,8209.99,2896.12
105260,20240511,81,6,15,4,2,8457.66,16915.32,1691.53,15223.79,7336.69
105261,20240404,15,8,8,6,5,8152.69,40763.45,0.0,40763.45,17334.31
105262,20250516,272,10,20,6,16,4677.47,74839.52,7483.95,67355.57,27028.0
105263,20230503,110,11,25,5,2,4866.69,9733.38,0.0,9733.38,5276.48
105264,20251117,52,8,15,3,20,8152.69,163053.8,8152.69,154901.11,77162.01
105265,20231020,134,7,19,5,6,11044.9,66269.4,0.0,66269.4,23490.27
105266,20251216,63,2,22,10,7,576.14,4032.98,0.0,4032.98,1824.24
105267,20240813,126,3,8,1,3,1648.77,4946.31,494.63,4451.68,2379.27
105268,20250215,191,2,17,10,4,576.14,2304.56,0.0,2304.56,975.84
105269,20230615,244,1,1,10,8,7004.72,56037.76,0.0,56037.76,29739.56
105270,20250731,139,4,24,2,5,4210.9,21054.5,0.0,21054.5,8974.83
105271,20250818,152,1,23,9,11,7004.72,77051.92,0.0,77051.92,29095.92
105272,20230707,80,4,4,8,3,4210.9,12632.7,1263.27,11369.43,4565.59
105273,20230517,59,10,1,6,5,4677.47,23387.35,0.0,23387.35,8239.74
105274,20230729,127,12,13,8,19,1192.37,22655.03,0.0,22655.03,11481.84
105275,20250108,66,3,3,3,10,1648.77,16487.7,0.0,16487.7,7903.31
105276,20250518,225,11,8,9,12,4866.69,58400.28,5840.03,52560.25,24288.49
105277,20231006,162,7,4,3,4,11044.9,44179.6,4417.96,39761.64,14780.74
105278,20241002,293,12,20,2,10,1192.37,11923.7,0.0,11923.7,4511.14
105279,20230624,274,5,11,3,11,12606.96,138676.56,0.0,138676.56,69704.07
105280,20241010,275,3,13,6,17,1648.77,28029.09,0.0,28029.09,13404.38
105281,20250125,31,9,4,2,9,2112.21,19009.89,2851.48,16158.41,7531.53
105282,20240928,17,3,7,8,5,1648.77,8243.85,0.0,8243.85,3800.68
105283,20240416,179,9,2,5,7,2112.21,14785.47,2217.82,12567.65,6250.67
105284,20241113,88,9,17,6,1,2112.21,2112.21,0.0,2112.21,1130.48
105285,20251012,162,1,16,3,17,7004.72,119080.24,0.0,119080.24,58018.89
105286,20250712,109,6,9,8,10,8457.66,84576.6,12686.49,71890.11,30310.72
105287,20240728,243,8,16,10,16,8152.69,130443.04,0.0,130443.04,65967.78
105288,20240714,290,7,9,8,19,11044.9,209853.1,0.0,209853.1,86296.6
105289,20240801,28,1,14,4,1,7004.72,7004.72,0.0,7004.72,3197.06
105290,20251112,70,7,10,9,18,11044.9,198808.2,9940.41,188867.79,102377.0
105291,20250725,187,6,7,10,16,8457.66,135322.56,6766.13,128556.43,50853.58
105292,20241221,149,11,13,10,1,4866.69,4866.69,243.33,4623.36,1747.37
105293,20230215,131,1,15,10,6,7004.72,42028.32,6304.25,35724.07,14313.07
105294,20241226,102,10,14,2,2,4677.47,9354.94,0.0,9354.94,4086.5
105295,20240331,73,11,24,2,9,4866.69,43800.21,2190.01,41610.2,18228.27
105296,20231021,204,3,12,8,4,1648.77,6595.08,659.51,5935.57,2429.61
105297,20230912,202,1,7,4,5,7004.72,35023.6,0.0,35023.6,16804.92
105298,20240418,300,5,8,8,20,12606.96,252139.2,12606.96,239532.24,109282.45
105299,20240701,80,8,18,8,19,8152.69,154901.11,0.0,154901.11,75457.88
105300,20240512,219,2,16,9,19,576.14,10946.66,1642.0,9304.66,4317.19
105301,20240621,173,5,20,2,12,12606.96,151283.52,15128.35,136155.17,57295.16
105302,20250723,260,2,6,6,15,576.14,8642.1,864.21,7777.89,3851.06
105303,20251006,148,11,24,3,5,4866.69,24333.45,1216.67,23116.78,8583.12
105304,20240413,68,3,22,10,9,1648.77,14838.93,2225.84,12613.09,4821.74
105305,20240303,202,11,5,4,16,4866.69,77867.04,0.0,77867.04,34443.23
105306,20240708,16,11,9,4,2,4866.69,9733.38,0.0,9733.38,5203.5
105307,20241119,188,2,3,1,6,576.14,3456.84,172.84,3284.0,1301.39
105308,20230612,63,1,12,10,1,7004.72,7004.72,1050.71,5954.01,2926.22
105309,20230926,273,12,20,4,6,1192.37,7154.22,0.0,7154.22,3612.8
105310,20240820,174,10,12,7,6,4677.47,28064.82,2806.48,25258.34,13548.88
105311,20231004,227,7,16,7,16,11044.9,176718.4,17671.84,159046.56,61473.42
105312,20240306,163,12,9,2,7,1192.37,8346.59,1251.99,7094.6,2808.38
105313,20250724,100,12,5,8,15,1192.37,17885.55,894.28,16991.27,6680.79
105314,20250506,297,3,3,9,12,1648.77,19785.24,0.0,19785.24,6972.0
105315,20250215,1,8,15,9,6,8152.69,48916.14,0.0,48916.14,19015.76
105316,20240529,268,7,19,2,13,11044.9,143583.7,28716.74,114866.96,61487.02
105317,20241204,111,8,3,7,12,8152.69,97832.28,14674.84,83157.44,37028.39
105318,20230817,14,6,6,4,1,8457.66,8457.66,422.88,8034.78,3711.16
105319,20230515,285,8,8,3,1,8152.69,8152.69,815.27,7337.42,3402.13
105320,20250110,27,8,20,9,7,8152.69,57068.83,5706.88,51361.95,22774.64
105321,20240411,54,3,20,8,16,1648.77,26380.32,5276.06,21104.26,11139.2
105322,20240717,44,12,10,1,17,1192.37,20270.29,0.0,20270.29,10717.81
105323,20231124,233,11,12,7,20,4866.69,97333.8,4866.69,92467.11,48917.35
105324,20230224,270,3,14,10,18,1648.77,29677.86,2967.79,26710.07,9349.91
105325,20230501,242,3,6,8,1,1648.77,1648.77,82.44,1566.33,745.03
105326,20230624,81,2,17,4,19,576.14,10946.66,1094.67,9851.99,5370.28
105327,20241212,93,4,20,10,11,4210.9,46319.9,2316.0,44003.9,22199.31
105328,20230927,121,4,3,4,11,4210.9,46319.9,4631.99,41687.91,22152.4
105329,20251122,238,6,4,9,15,8457.66,126864.9,0.0,126864.9,64436.2
105330,20230302,102,3,7,2,1,1648.77,1648.77,164.88,1483.89,682.83
105331,20230427,223,1,20,10,10,7004.72,70047.2,10507.08,59540.12,26374.57
105332,20230125,87,12,9,10,4,1192.37,4769.48,715.42,4054.06,2175.21
105333,20230407,228,9,21,7,18,2112.21,38019.78,1900.99,36118.79,17334.32
105334,20251122,249,6,11,3,18,8457.66,152237.88,0.0,152237.88,83453.51
105335,20241124,295,2,10,3,11,576.14,6337.54,0.0,6337.54,3002.24
105336,20250615,91,4,13,6,14,4210.9,58952.6,2947.63,56004.97,27186.54
105337,20230920,229,3,17,5,14,1648.77,23082.78,4616.56,18466.22,6848.69
105338,20230913,148,12,5,3,2,1192.37,2384.74,0.0,2384.74,1296.18
105339,20240407,284,5,25,9,11,12606.96,138676.56,20801.48,117875.08,57333.94
105340,20240614,206,3,4,3,16,1648.77,26380.32,3957.05,22423.27,9017.7
105341,20240201,152,10,7,9,19,4677.47,88871.93,13330.79,75541.14,28050.23
105342,20250212,230,5,2,2,15,12606.96,189104.4,9455.22,179649.18,87265.83
105343,20250509,289,9,24,8,12,2112.21,25346.52,1267.33,24079.19,10578.08
105344,20230604,45,1,13,3,14,7004.72,98066.08,4903.3,93162.78,35424.89
105345,20250528,149,2,17,10,15,576.14,8642.1,432.11,8209.99,3945.92
105346,20250710,276,10,11,6,7,4677.47,32742.29,1637.11,31105.18,11212.7
105347,20231124,143,10,7,10,4,4677.47,18709.88,935.49,17774.39,7166.53
105348,20251204,76,5,8,3,15,12606.96,189104.4,9455.22,179649.18,72592.9
105349,20230106,150,1,16,6,19,7004.72,133089.68,0.0,133089.68,55752.88
105350,20251108,229,6,13,5,19,8457.66,160695.54,0.0,160695.54,70131.05
105351,20231013,26,4,22,5,6,4210.9,25265.4,1263.27,24002.13,9400.88
105352,20241202,255,2,5,3,12,576.14,6913.68,0.0,6913.68,3088.71
105353,20240114,38,3,8,5,1,1648.77,1648.77,0.0,1648.77,834.42
105354,20250726,260,10,12,6,19,4677.47,88871.93,0.0,88871.93,35266.67
105355,20240916,93,6,25,10,13,8457.66,109949.58,0.0,109949.58,38634.24
105356,20230102,171,8,18,6,7,8152.69,57068.83,2853.44,54215.39,25543.57
105357,20240225,16,4,9,4,3,4210.9,12632.7,1263.27,11369.43,6197.56
105358,20250410,174,11,7,7,5,4866.69,24333.45,1216.67,23116.78,9585.04
105359,20240630,228,12,15,7,1,1192.37,1192.37,119.24,1073.13,547.57
105360,20250522,23,1,16,9,9,7004.72,63042.48,9456.37,53586.11,19819.5
105361,20240723,123,4,15,8,2,4210.9,8421.8,1684.36,6737.44,3414.45
105362,20230612,250,5,10,8,7,12606.96,88248.72,0.0,88248.72,38612.04
105363,20250220,123,9,23,8,15,2112.21,31683.15,1584.16,30098.99,15801.89
105364,20250102,245,12,16,7,10,1192.37,11923.7,1192.37,10731.33,5342.17
105365,20240606,192,9,14,1,14,2112.21,29570.94,0.0,29570.94,11232.47
105366,20251019,158,2,9,3,6,576.14,3456.84,172.84,3284.0,1386.86
105367,20240423,33,5,4,10,20,12606.96,252139.2,12606.96,239532.24,106358.35
105368,20250506,107,12,9,6,19,1192.37,22655.03,0.0,22655.03,10797.36
105369,20231007,105,12,8,4,19,1192.37,22655.03,3398.25,19256.78,9953.82
105370,20251209,82,2,11,8,19,576.14,10946.66,1094.67,9851.99,3476.37
105371,20230909,109,3,22,8,1,1648.77,1648.77,0.0,1648.77,667.13
105372,20251113,133,6,14,7,15,8457.66,126864.9,19029.73,107835.17,48158.7
105373,20250114,137,2,24,7,15,576.14,8642.1,432.11,8209.99,3497.24
105374,20230115,152,6,14,9,18,8457.66,152237.88,7611.89,144625.99,57291.37
105375,20230623,51,7,22,3,10,11044.9,110449.0,0.0,110449.0,53079.76
105376,20251003,231,7,12,3,16,11044.9,176718.4,17671.84,159046.56,67908.65
105377,20240530,247,7,2,10,18,11044.9,198808.2,0.0,198808.2,69917.69
105378,20241201,72,10,14,1,10,4677.47,46774.7,0.0,46774.7,19370.86
105379,20240114,37,8,12,3,2,8152.69,16305.38,0.0,16305.38,7739.2
105380,20251129,254,9,5,7,19,2112.21,40131.99,2006.6,38125.39,17062.26
105381,20231022,240,6,10,3,9,8457.66,76118.94,0.0,76118.94,26716.94
105382,20230607,284,6,23,9,2,8457.66,16915.32,845.77,16069.55,7576.23
105383,20250815,119,11,17,10,14,4866.69,68133.66,6813.37,61320.29,24842.43
105384,20230507,195,8,5,9,10,8152.69,81526.9,4076.34,77450.56,41979.64
105385,20240219,300,1,8,8,6,7004.72,42028.32,4202.83,37825.49,13902.53
105386,20240521,29,4,3,1,18,4210.9,75796.2,7579.62,68216.58,37516.73
105387,20240504,124,1,3,10,4,7004.72,28018.88,4202.83,23816.05,12150.81
105388,20251107,135,11,1,2,13,4866.69,63266.97,0.0,63266.97,28492.5
105389,20241024,176,9,16,10,11,2112.21,23234.31,0.0,23234.31,11368.69
105390,20241229,79,10,13,8,4,4677.47,18709.88,0.0,18709.88,7583.04
105391,20250423,235,5,12,8,15,12606.96,189104.4,18910.44,170193.96,77379.79
105392,20241011,38,8,19,5,18,8152.69,146748.42,0.0,146748.42,66085.83
105393,20230702,124,6,12,10,13,8457.66,109949.58,21989.92,87959.66,46862.57
105394,20250603,127,11,7,8,18,4866.69,87600.42,8760.04,78840.38,36663.42
105395,20250614,129,2,15,8,18,576.14,10370.52,1555.58,8814.94,3661.76
105396,20250303,24,12,4,4,20,1192.37,23847.4,1192.37,22655.03,10571.54
105397,20230816,222,3,9,8,14,1648.77,23082.78,3462.42,19620.36,8069.93
105398,20250821,216,12,6,3,19,1192.37,22655.03,0.0,22655.03,11561.8
105399,20240804,71,7,17,4,12,11044.9,132538.8,13253.88,119284.92,53326.24
105400,20250726,98,7,16,4,19,11044.9,209853.1,20985.31,188867.79,89002.17
105401,20230410,47,1,5,6,16,7004.72,112075.52,11207.55,100867.97,47543.46
105402,20230430,161,12,24,7,5,1192.37,5961.85,596.19,5365.66,2079.59
105403,20250719,82,2,5,8,4,576.14,2304.56,230.46,2074.1,1058.48
105404,20230604,293,1,21,2,9,7004.72,63042.48,9456.37,53586.11,26589.53
105405,20250222,88,5,24,6,9,12606.96,113462.64,5673.13,107789.51,41668.67
105406,20230315,49,7,11,4,14,11044.9,154628.6,7731.43,146897.17,69986.8
105407,20240427,109,11,12,8,2,4866.69,9733.38,486.67,9246.71,3768.86
105408,20230927,197,3,11,2,8,1648.77,13190.16,1319.02,11871.14,4371.77
105409,20240720,8,4,2,10,16,4210.9,67374.4,0.0,67374.4,36306.71
105410,20251215,146,2,22,6,9,576.14,5185.26,777.79,4407.47,1596.64
105411,20240802,271,5,7,3,12,12606.96,151283.52,0.0,151283.52,61421.71
105412,20230130,109,12,8,8,6,1192.37,7154.22,357.71,6796.51,3540.94
105413,20250811,13,3,9,2,9,1648.77,14838.93,0.0,14838.93,7947.35
105414,20240219,45,1,20,3,1,7004.72,7004.72,350.24,6654.48,2457.09
105415,20231223,121,11,11,4,8,4866.69,38933.52,5840.03,33093.49,12437.98
105416,20250928,244,11,21,10,8,4866.69,38933.52,1946.68,36986.84,15568.49
105417,20240610,226,7,3,2,15,11044.9,165673.5,0.0,165673.5,69813.75
105418,20240406,173,6,10,2,18,8457.66,152237.88,22835.68,129402.2,52746.94
105419,20230719,93,7,14,10,14,11044.9,154628.6,0.0,154628.6,81684.58
105420,20240520,298,4,25,4,19,4210.9,80007.1,8000.71,72006.39,27038.93
105421,20240629,92,8,23,8,2,8152.69,16305.38,1630.54,14674.84,7958.81
105422,20241209,31,11,4,2,7,4866.69,34066.83,5110.02,28956.81,14944.65
105423,20240331,128,10,2,8,14,4677.47,65484.58,0.0,65484.58,31023.06
105424,20241107,259,3,10,2,15,1648.77,24731.55,1236.58,23494.97,9234.55
105425,20230524,68,10,20,10,2,4677.47,9354.94,0.0,9354.94,4993.59
105426,20230813,76,8,12,3,20,8152.69,163053.8,0.0,163053.8,79792.58
105427,20250112,162,8,22,3,3,8152.69,24458.07,3668.71,20789.36,10611.06
105428,20230622,46,7,22,1,6,11044.9,66269.4,13253.88,53015.52,18911.66
105429,20250312,167,10,3,7,2,4677.47,9354.94,0.0,9354.94,3790.82
105430,20240529,98,7,9,4,7,11044.9,77314.3,0.0,77314.3,31545.8
105431,20240306,83,12,25,5,19,1192.37,22655.03,2265.5,20389.53,8842.54
105432,20230710,130,3,6,10,1,1648.77,1648.77,82.44,1566.33,693.38
105433,20231104,85,8,13,4,17,8152.69,138595.73,0.0,138595.73,52866.25
105434,20251107,25,11,17,7,15,4866.69,73000.35,10950.05,62050.3,25683.96
105435,20250914,55,1,20,4,7,7004.72,49033.04,0.0,49033.04,24522.5
105436,20240322,21,1,2,9,19,7004.72,133089.68,0.0,133089.68,48178.39
105437,20250516,109,11,5,8,11,4866.69,53533.59,2676.68,50856.91,26552.05
105438,20250901,229,6,10,5,13,8457.66,109949.58,0.0,109949.58,47568.32
105439,20250908,85,9,22,4,10,2112.21,21122.1,4224.42,16897.68,8125.16
105440,20240509,149,5,14,10,7,12606.96,88248.72,0.0,88248.72,43449.04
105441,20250214,182,11,25,10,14,4866.69,68133.66,10220.05,57913.61,26389.63
105442,20230514,172,5,24,1,14,12606.96,176497.44,17649.74,158847.7,66172.68
105443,20250811,161,8,7,7,11,8152.69,89679.59,17935.92,71743.67,35962.2
105444,20251120,188,2,24,1,16,576.14,9218.24,0.0,9218.24,4470.14
105445,20250105,290,6,19,8,14,8457.66,118407.24,0.0,118407.24,51195.53
105446,20230327,118,12,8,2,15,1192.37,17885.55,1788.56,16096.99,6127.95
105447,20250320,140,9,9,10,5,2112.21,10561.05,0.0,10561.05,4887.56
105448,20240112,66,6,3,3,9,8457.66,76118.94,0.0,76118.94,33948.39
105449,20250124,102,8,21,2,5,8152.69,40763.45,0.0,40763.45,17499.74
105450,20230403,140,2,10,10,5,576.14,2880.7,432.1,2448.6,1007.3
105451,20230428,95,10,16,6,2,4677.47,9354.94,467.75,8887.19,3502.76
105452,20250923,80,3,19,8,18,1648.77,29677.86,0.0,29677.86,10483.06
105453,20240215,186,11,25,4,5,4866.69,24333.45,0.0,24333.45,13280.91
105454,20240125,79,3,20,8,12,1648.77,19785.24,0.0,19785.24,9759.26
105455,20240917,291,7,5,9,18,11044.9,198808.2,0.0,198808.2,87907.63
105456,20250604,169,4,20,8,2,4210.9,8421.8,1263.27,7158.53,3175.29
105457,20240311,151,8,13,3,15,8152.69,122290.35,12229.04,110061.31,39050.79
105458,20250616,259,3,10,2,10,1648.77,16487.7,0.0,16487.7,9004.07
105459,20250211,159,12,18,4,8,1192.37,9538.96,476.95,9062.01,4411.9
105460,20230110,290,11,10,8,7,4866.69,34066.83,1703.34,32363.49,14599.55
105461,20241230,9,9,11,9,11,2112.21,23234.31,1161.72,22072.59,9200.73
105462,20250524,85,10,16,4,6,4677.47,28064.82,0.0,28064.82,12997.19
105463,20231027,108,3,11,8,15,1648.77,24731.55,2473.16,22258.39,8497.54
105464,20240516,156,12,14,5,18,1192.37,21462.66,2146.27,19316.39,9100.87
105465,20231206,243,1,24,10,9,7004.72,63042.48,3152.12,59890.36,23266.65
105466,20240508,130,11,9,10,14,4866.69,68133.66,3406.68,64726.98,24018.31
105467,20241224,52,5,20,3,13,12606.96,163890.48,0.0,163890.48,58941.48
105468,20250214,263,7,6,10,17,11044.9,187763.3,18776.33,168986.97,72195.07
105469,20251130,268,8,20,2,6,8152.69,48916.14,0.0,48916.14,19572.13
105470,20240605,10,4,22,3,20,4210.9,84218.0,0.0,84218.0,38237.35
105471,20250524,166,7,3,9,8,11044.9,88359.2,8835.92,79523.28,32176.28
105472,20240411,121,2,18,4,8,576.14,4609.12,230.46,4378.66,1638.76
105473,20240126,138,8,14,4,19,8152.69,154901.11,0.0,154901.11,58404.53
105474,20240221,253,8,20,6,8,8152.69,65221.52,3261.08,61960.44,29244.35
105475,20230105,47,11,6,6,6,4866.69,29200.14,4380.02,24820.12,8825.06
105476,20250228,111,2,17,7,12,576.14,6913.68,0.0,6913.68,2427.95
105477,20231110,124,10,4,10,12,4677.47,56129.64,0.0,56129.64,20467.07
105478,20240204,125,7,21,3,7,11044.9,77314.3,7731.43,69582.87,28404.96
105479,20230110,284,3,3,9,6,1648.77,9892.62,494.63,9397.99,3634.37
105480,20230908,282,10,14,4,16,4677.47,74839.52,0.0,74839.52,38673.23
105481,20240110,179,10,1,5,8,4677.47,37419.76,0.0,37419.76,18884.13
105482,20250922,164,7,19,9,1,11044.9,11044.9,0.0,11044.9,3878.31
105483,20230804,298,11,25,4,3,4866.69,14600.07,2920.01,11680.06,4966.87
105484,20241202,109,3,10,8,10,1648.77,16487.7,824.39,15663.31,6287.81
105485,20240323,262,8,4,2,12,8152.69,97832.28,14674.84,83157.44,34304.38
105486,20251006,156,7,20,5,4,11044.9,44179.6,0.0,44179.6,24089.98
105487,20230430,283,8,1,3,5,8152.69,40763.45,2038.17,38725.28,17682.26
105488,20240117,17,5,2,8,2,12606.96,25213.92,1260.7,23953.22,11530.07
105489,20251130,5,9,24,10,7,2112.21,14785.47,0.0,14785.47,7284.49
105490,20230822,92,4,6,8,4,4210.9,16843.6,0.0,16843.6,8190.25
105491,20230221,192,10,23,1,7,4677.47,32742.29,0.0,32742.29,16029.93
105492,20240423,72,11,24,1,12,4866.69,58400.28,0.0,58400.28,25706.26
105493,20231125,185,3,21,5,2,1648.77,3297.54,494.63,2802.91,1030.49
105494,20230817,51,7,15,3,19,11044.9,209853.1,0.0,209853.1,85625.66
105495,20251219,111,3,13,7,16,1648.77,26380.32,2638.03,23742.29,8791.84
105496,20230620,206,8,17,3,4,8152.69,32610.76,0.0,32610.76,14237.9
105497,20250817,275,7,24,6,5,11044.9,55224.5,11044.9,44179.6,15525.24
105498,20241017,50,6,7,7,17,8457.66,143780.22,0.0,143780.22,57701.58
105499,20231213,222,8,8,8,1,8152.69,8152.69,0.0,8152.69,2919.96
105500,20240904,43,8,22,1,11,8152.69,89679.59,0.0,89679.59,46761.27
105501,20240802,7,6,7,2,3,8457.66,25372.98,1268.65,24104.33,9791.24
105502,20230602,32,11,11,4,1,4866.69,4866.69,243.33,4623.36,2353.63
105503,20230106,271,5,17,3,11,12606.96,138676.56,0.0,138676.56,56613.69
105504,20250929,229,1,8,5,16,7004.72,112075.52,5603.78,106471.74,46552.94
105505,20251004,26,12,1,5,18,1192.37,21462.66,2146.27,19316.39,7638.56
105506,20230218,231,7,9,3,10,11044.9,110449.0,11044.9,99404.1,41545.79
105507,20251110,119,6,11,10,1,8457.66,8457.66,0.0,8457.66,4487.25
105508,20250623,86,8,21,7,20,8152.69,163053.8,32610.76,130443.04,51978.28
105509,20231009,281,3,19,7,1,1648.77,1648.77,0.0,1648.77,804.47
105510,20240428,67,1,12,1,4,7004.72,28018.88,0.0,28018.88,10690.04
105511,20240131,131,1,14,10,7,7004.72,49033.04,4903.3,44129.74,20159.91
105512,20230530,21,6,1,9,6,8457.66,50745.96,0.0,50745.96,21833.24
105513,20230512,34,11,16,6,9,4866.69,43800.21,6570.03,37230.18,16564.59
105514,20230609,46,8,2,1,13,8152.69,105984.97,0.0,105984.97,44548.53
105515,20250619,291,7,17,9,18,11044.9,198808.2,9940.41,188867.79,73478.73
105516,20230703,84,5,2,2,15,12606.96,189104.4,18910.44,170193.96,80132.93
105517,20240922,153,9,22,2,3,2112.21,6336.63,950.49,5386.14,2469.45
105518,20251203,62,10,2,4,4,4677.47,18709.88,0.0,18709.88,9366.4
105519,20240715,172,12,14,1,16,1192.37,19077.92,1907.79,17170.13,7390.43
105520,20250618,214,2,19,1,11,576.14,6337.54,0.0,6337.54,2933.64
105521,20230301,50,8,2,7,19,8152.69,154901.11,0.0,154901.11,57144.8
105522,20250514,157,6,3,8,16,8457.66,135322.56,20298.38,115024.18,50994.85
105523,20230324,67,3,22,1,7,1648.77,11541.39,577.07,10964.32,4389.2
105524,20241217,118,5,15,2,17,12606.96,214318.32,32147.75,182170.57,79806.3
105525,20231006,166,4,24,9,5,4210.9,21054.5,0.0,21054.5,11232.18
105526,20240109,273,5,17,4,19,12606.96,239532.24,11976.61,227555.63,115317.92
105527,20250108,258,8,6,6,15,8152.69,122290.35,24458.07,97832.28,46360.74
105528,20240125,111,11,24,7,11,4866.69,53533.59,5353.36,48180.23,25456.02
105529,20230202,84,12,9,2,1,1192.37,1192.37,178.86,1013.51,478.86
105530,20251027,206,11,14,3,7,4866.69,34066.83,3406.68,30660.15,15636.13
105531,20240923,197,5,18,2,10,12606.96,126069.6,0.0,126069.6,61202.48
105532,20240523,300,9,8,8,11,2112.21,23234.31,2323.43,20910.88,8961.98
105533,20241211,68,12,8,10,20,1192.37,23847.4,0.0,23847.4,11842.82
105534,20250502,233,7,6,7,5,11044.9,55224.5,2761.23,52463.27,21861.34
105535,20240407,121,5,1,4,13,12606.96,163890.48,8194.52,155695.96,56253.6
105536,20230802,211,7,7,10,8,11044.9,88359.2,0.0,88359.2,31970.14
105537,20240620,69,2,12,4,13,576.14,7489.82,748.98,6740.84,2703.65
105538,20241204,91,7,7,6,13,11044.9,143583.7,0.0,143583.7,75201.74
105539,20250509,94,4,7,3,12,4210.9,50530.8,2526.54,48004.26,19521.53
105540,20240629,187,6,23,10,4,8457.66,33830.64,3383.06,30447.58,16039.96
105541,20240919,105,5,10,4,5,12606.96,63034.8,0.0,63034.8,23389.1
105542,20241126,136,10,9,3,10,4677.47,46774.7,9354.94,37419.76,15584.95
105543,20240814,86,2,21,7,18,576.14,10370.52,518.53,9851.99,4037.9
105544,20240906,194,4,17,4,4,4210.9,16843.6,2526.54,14317.06,5224.57
105545,20230816,63,7,9,10,16,11044.9,176718.4,8835.92,167882.48,64589.01
105546,20240530,199,5,6,7,19,12606.96,239532.24,11976.61,227555.63,102450.47
105547,20250624,89,5,15,7,7,12606.96,88248.72,0.0,88248.72,42391.41
105548,20251217,254,6,25,7,19,8457.66,160695.54,16069.55,144625.99,61036.03
105549,20230105,32,8,11,4,4,8152.69,32610.76,0.0,32610.76,17815.73
105550,20230604,271,4,9,3,16,4210.9,67374.4,10106.16,57268.24,22076.02
105551,20240425,25,6,15,7,18,8457.66,152237.88,0.0,152237.88,63156.85
105552,20240207,40,1,24,2,17,7004.72,119080.24,0.0,119080.24,47655.77
105553,20240906,123,12,16,8,18,1192.37,21462.66,1073.13,20389.53,10504.25
105554,20250225,87,5,7,10,2,12606.96,25213.92,5042.78,20171.14,9624.41
105555,20240704,213,1,14,4,14,7004.72,98066.08,9806.61,88259.47,41311.4
105556,20230822,14,7,20,4,14,11044.9,154628.6,0.0,154628.6,67908.98
105557,20240925,53,3,3,4,17,1648.77,28029.09,4204.36,23824.73,11186.77
105558,20230317,198,6,1,7,14,8457.66,118407.24,0.0,118407.24,59742.21
105559,20250615,43,6,19,1,1,8457.66,8457.66,0.0,8457.66,4483.22
105560,20241014,2,3,24,5,7,1648.77,11541.39,0.0,11541.39,4141.28
105561,20240604,27,3,16,9,6,1648.77,9892.62,494.63,9397.99,4814.32
105562,20250501,262,4,21,2,5,4210.9,21054.5,0.0,21054.5,8096.1
105563,20250311,41,5,24,9,20,12606.96,252139.2,12606.96,239532.24,90591.57
105564,20230317,237,10,13,7,13,4677.47,60807.11,3040.36,57766.75,29627.57
105565,20250716,259,5,6,2,2,12606.96,25213.92,3782.09,21431.83,10275.84
105566,20240808,44,5,9,1,5,12606.96,63034.8,0.0,63034.8,22236.67
105567,20250901,115,8,6,6,8,8152.69,65221.52,6522.15,58699.37,26805.19
105568,20250516,35,12,12,5,19,1192.37,22655.03,0.0,22655.03,10280.03
105569,20241021,140,8,11,10,16,8152.69,130443.04,13044.3,117398.74,46098.73
105570,20250930,258,3,19,6,8,1648.77,13190.16,0.0,13190.16,5445.93
105571,20250905,295,8,22,3,20,8152.69,163053.8,8152.69,154901.11,80505.75
105572,20240303,200,8,14,5,1,8152.69,8152.69,407.63,7745.06,3825.89
105573,20230724,21,6,19,9,7,8457.66,59203.62,2960.18,56243.44,27894.08
105574,20230731,163,1,25,2,9,7004.72,63042.48,6304.25,56738.23,22467.04
105575,20230425,122,6,14,9,1,8457.66,8457.66,1268.65,7189.01,3279.25
105576,20250419,197,7,23,2,1,11044.9,11044.9,1656.73,9388.17,4072.86
105577,20250101,158,11,15,3,13,4866.69,63266.97,0.0,63266.97,28295.14
105578,20230617,88,2,2,6,3,576.14,1728.42,86.42,1642.0,617.24
105579,20231205,71,7,10,4,10,11044.9,110449.0,16567.35,93881.65,42742.38
105580,20230925,143,6,19,10,10,8457.66,84576.6,0.0,84576.6,35505.93
105581,20240424,165,7,12,10,8,11044.9,88359.2,0.0,88359.2,45082.69
105582,20240515,241,8,25,1,19,8152.69,154901.11,0.0,154901.11,79710.77
105583,20250504,186,6,15,4,8,8457.66,67661.28,3383.06,64278.22,33549.56
105584,20241223,80,6,3,8,6,8457.66,50745.96,0.0,50745.96,21120.04
105585,20240817,215,8,19,5,2,8152.69,16305.38,0.0,16305.38,7310.59
105586,20241026,87,3,16,10,19,1648.77,31326.63,3132.66,28193.97,14986.67
105587,20240714,289,11,25,8,14,4866.69,68133.66,0.0,68133.66,26055.79
105588,20250324,255,5,22,3,19,12606.96,239532.24,47906.45,191625.79,88674.44
105589,20230419,73,1,8,2,17,7004.72,119080.24,0.0,119080.24,42584.22
105590,20230102,31,9,9,2,3,2112.21,6336.63,0.0,6336.63,3123.32
105591,20230921,145,3,14,8,19,1648.77,31326.63,3132.66,28193.97,12516.91
105592,20241017,114,12,18,6,11,1192.37,13116.07,0.0,13116.07,7195.98
105593,20250914,193,12,8,3,11,1192.37,13116.07,0.0,13116.07,5336.46
105594,20230525,160,3,24,3,14,1648.77,23082.78,2308.28,20774.5,7361.51
105595,20230502,262,6,5,2,1,8457.66,8457.66,0.0,8457.66,3376.41
105596,20240623,209,2,3,9,17,576.14,9794.38,489.72,9304.66,4234.69
105597,20240122,230,3,17,2,6,1648.77,9892.62,989.26,8903.36,4722.22
105598,20240122,112,12,17,4,2,1192.37,2384.74,0.0,2384.74,1174.2
105599,20230516,247,2,13,10,2,576.14,1152.28,230.46,921.82,359.94
105600,20240418,32,9,12,4,10,2112.21,21122.1,0.0,21122.1,9628.05
105601,20240909,128,7,21,8,14,11044.9,154628.6,0.0,154628.6,59709.35
105602,20230202,102,2,8,2,16,576.14,9218.24,1382.74,7835.5,3589.11
105603,20231121,35,1,19,5,8,7004.72,56037.76,8405.66,47632.1,21296.53
105604,20250426,256,8,15,2,15,8152.69,122290.35,0.0,122290.35,52977.1
105605,20250723,194,5,12,4,12,12606.96,151283.52,0.0,151283.52,71632.14
105606,20230430,107,5,17,6,4,12606.96,50427.84,2521.39,47906.45,24489.04
105607,20240527,104,6,25,7,4,8457.66,33830.64,0.0,33830.64,12182.56
105608,20250220,105,10,11,4,12,4677.47,56129.64,0.0,56129.64,28879.66
105609,20231005,99,12,8,4,7,1192.37,8346.59,834.66,7511.93,3949.44
105610,20240226,187,11,24,10,3,4866.69,14600.07,0.0,14600.07,7022.12
105611,20241006,173,12,1,2,15,1192.37,17885.55,0.0,17885.55,7606.78
105612,20230205,222,3,14,8,1,1648.77,1648.77,0.0,1648.77,669.88
105613,20230806,164,11,4,9,10,4866.69,48666.9,0.0,48666.9,21968.68
105614,20250613,81,2,14,4,10,576.14,5761.4,288.07,5473.33,2183.51
105615,20240606,70,8,23,9,19,8152.69,154901.11,7745.06,147156.05,53109.55
105616,20240731,28,7,19,4,11,11044.9,121493.9,12149.39,109344.51,58351.19
105617,20241207,86,11,2,7,6,4866.69,29200.14,0.0,29200.14,14878.1
105618,20250109,260,10,7,6,15,4677.47,70162.05,3508.1,66653.95,24817.35
105619,20250205,280,3,18,6,9,1648.77,14838.93,741.95,14096.98,7095.04
105620,20230623,154,10,12,9,3,4677.47,14032.41,0.0,14032.41,6946.68
105621,20230518,299,5,11,6,13,12606.96,163890.48,16389.05,147501.43,60275.16
105622,20240903,222,5,25,8,11,12606.96,138676.56,0.0,138676.56,71409.18
105623,20230113,16,5,3,4,12,12606.96,151283.52,0.0,151283.52,79364.01
105624,20251213,193,8,18,3,12,8152.69,97832.28,0.0,97832.28,43901.46
105625,20230120,36,9,19,10,16,2112.21,33795.36,3379.54,30415.82,14290.06
105626,20241210,24,2,22,4,10,576.14,5761.4,0.0,5761.4,3098.35
105627,20240412,217,8,5,3,11,8152.69,89679.59,13451.94,76227.65,38005.64
105628,20251028,15,1,23,6,10,7004.72,70047.2,7004.72,63042.48,27882.76
105629,20230308,254,4,9,7,14,4210.9,58952.6,0.0,58952.6,23559.7
105630,20250427,51,4,22,3,10,4210.9,42109.0,0.0,42109.0,18842.32
105631,20230919,45,7,9,3,12,11044.9,132538.8,6626.94,125911.86,65298.69
105632,20250926,177,5,21,2,6,12606.96,75641.76,7564.18,68077.58,33516.37
105633,20240217,65,9,25,5,13,2112.21,27458.73,1372.94,26085.79,13820.84
105634,20241124,47,6,22,6,2,8457.66,16915.32,845.77,16069.55,8467.08
105635,20251203,261,2,12,5,12,576.14,6913.68,691.37,6222.31,2314.46
105636,20241027,187,7,22,10,14,11044.9,154628.6,0.0,154628.6,67151.12
105637,20240909,23,10,8,9,14,4677.47,65484.58,9822.69,55661.89,22142.11
105638,20240528,209,11,1,9,11,4866.69,53533.59,2676.68,50856.91,21568.37
105639,20230902,212,2,3,10,8,576.14,4609.12,0.0,4609.12,1921.29
105640,20240120,96,3,9,5,12,1648.77,19785.24,2967.79,16817.45,7604.04
105641,20250203,203,10,13,7,3,4677.47,14032.41,701.62,13330.79,4883.13
105642,20231025,220,10,15,1,10,4677.47,46774.7,2338.74,44435.96,22305.17
105643,20250305,297,8,18,9,10,8152.69,81526.9,4076.34,77450.56,35953.61
105644,20251105,210,12,7,4,3,1192.37,3577.11,178.86,3398.25,1821.27
105645,20230430,178,3,16,5,2,1648.77,3297.54,0.0,3297.54,1289.25
105646,20240111,93,6,19,10,3,8457.66,25372.98,1268.65,24104.33,9078.4
105647,20230109,62,3,16,4,10,1648.77,16487.7,824.39,15663.31,8353.91
105648,20230121,57,8,13,9,7,8152.69,57068.83,11413.77,45655.06,22856.25
105649,20230705,293,9,14,2,8,2112.21,16897.68,844.88,16052.8,7808.64
105650,20230204,269,6,22,9,12,8457.66,101491.92,0.0,101491.92,43404.17
105651,20250510,77,3,7,4,1,1648.77,1648.77,82.44,1566.33,657.33
105652,20250821,106,11,24,2,12,4866.69,58400.28,2920.01,55480.27,23564.84
105653,20240815,86,10,17,7,10,4677.47,46774.7,4677.47,42097.23,14749.75
105654,20240902,5,12,2,10,7,1192.37,8346.59,1251.99,7094.6,2709.21
105655,20240221,10,4,25,3,5,4210.9,21054.5,0.0,21054.5,9574.58
105656,20250629,156,12,13,5,7,1192.37,8346.59,834.66,7511.93,3117.27
105657,20240414,175,7,3,9,4,11044.9,44179.6,2208.98,41970.62,20485.88
105658,20231106,7,4,18,2,1,4210.9,4210.9,421.09,3789.81,1651.8
105659,20241105,259,11,14,2,5,4866.69,24333.45,2433.35,21900.1,10127.4
105660,20240214,33,12,4,10,4,1192.37,4769.48,476.95,4292.53,1642.82
105661,20230610,239,8,20,5,1,8152.69,8152.69,815.27,7337.42,2874.94
105662,20250312,218,7,13,2,8,11044.9,88359.2,0.0,88359.2,43650.19
105663,20240914,246,3,17,9,3,1648.77,4946.31,494.63,4451.68,1699.09
105664,20241030,298,9,9,4,11,2112.21,23234.31,0.0,23234.31,9066.27
105665,20251003,26,12,6,5,20,1192.37,23847.4,0.0,23847.4,13083.52
105666,20240405,252,6,7,1,12,8457.66,101491.92,5074.6,96417.32,37562.94
105667,20230809,103,3,23,10,9,1648.77,14838.93,1483.89,13355.04,5011.2
105668,20250706,169,7,15,8,4,11044.9,44179.6,2208.98,41970.62,17563.06
105669,20240526,28,6,13,4,17,8457.66,143780.22,7189.01,136591.21,49489.39
105670,20230518,65,12,25,5,13,1192.37,15500.81,0.0,15500.81,6305.85
105671,20240821,278,10,3,2,17,4677.47,79516.99,0.0,79516.99,40542.89
105672,20251031,122,9,17,9,6,2112.21,12673.26,1900.99,10772.27,5724.24
105673,20230601,168,2,9,10,19,576.14,10946.66,547.33,10399.33,4672.73
105674,20240703,295,2,8,3,13,576.14,7489.82,748.98,6740.84,2909.63
105675,20241221,226,7,12,2,5,11044.9,55224.5,2761.23,52463.27,28803.59
105676,20231002,199,2,19,7,11,576.14,6337.54,633.75,5703.79,2804.48
105677,20230218,68,10,10,10,18,4677.47,84194.46,12629.17,71565.29,33355.17
105678,20240830,98,11,24,4,9,4866.69,43800.21,4380.02,39420.19,16318.7
105679,20250910,210,7,3,4,8,11044.9,88359.2,13253.88,75105.32,34338.99
105680,20250613,176,11,11,10,1,4866.69,4866.69,486.67,4380.02,2371.01
105681,20230311,299,2,23,6,12,576.14,6913.68,345.68,6568.0,3244.94
105682,20250627,264,4,5,6,7,4210.9,29476.3,1473.82,28002.48,13447.76
105683,20250116,97,7,1,8,4,11044.9,44179.6,2208.98,41970.62,17080.17
105684,20231112,236,1,14,6,13,7004.72,91061.36,0.0,91061.36,45986.01
105685,20240415,210,1,23,4,17,7004.72,119080.24,5954.01,113126.23,40535.12
105686,20250616,70,1,22,9,5,7004.72,35023.6,0.0,35023.6,18267.72
105687,20240402,110,9,18,5,4,2112.21,8448.84,1267.33,7181.51,2740.38
105688,20250524,203,8,14,7,8,8152.69,65221.52,3261.08,61960.44,33387.48
105689,20240213,228,4,10,7,9,4210.9,37898.1,1894.9,36003.2,19707.63
105690,20250207,186,7,16,4,1,11044.9,11044.9,552.25,10492.65,3883.62
105691,20230106,178,7,22,5,11,11044.9,121493.9,6074.69,115419.21,47021.84
105692,20240201,209,8,16,9,2,8152.69,16305.38,0.0,16305.38,6982.27
105693,20250711,104,10,8,7,3,4677.47,14032.41,0.0,14032.41,6948.3
105694,20230112,175,5,14,9,18,12606.96,226925.28,22692.53,204232.75,91706.81
105695,20240508,26,6,17,5,17,8457.66,143780.22,7189.01,136591.21,51208.37
105696,20231126,170,4,4,3,5,4210.9,21054.5,4210.9,16843.6,8592.94
105697,20250515,215,3,11,5,9,1648.77,14838.93,2967.79,11871.14,6000.52
105698,20230410,17,10,11,8,17,4677.47,79516.99,0.0,79516.99,28055.65
105699,20230705,151,7,4,3,11,11044.9,121493.9,6074.69,115419.21,51173.32
105700,20230127,21,1,3,9,19,7004.72,133089.68,13308.97,119780.71,65069.1
105701,20230313,231,4,17,3,17,4210.9,71585.3,10737.8,60847.5,24431.89
105702,20250622,119,11,10,10,16,4866.69,77867.04,0.0,77867.04,40405.98
105703,20240420,294,11,2,2,18,4866.69,87600.42,4380.02,83220.4,30868.69
105704,20230808,295,9,11,3,19,2112.21,40131.99,0.0,40131.99,14589.45
105705,20240324,74,2,7,7,1,576.14,576.14,0.0,576.14,216.15
105706,20240602,90,6,21,8,3,8457.66,25372.98,0.0,25372.98,13785.01
105707,20230327,101,6,20,5,10,8457.66,84576.6,12686.49,71890.11,25368.59
105708,20240824,86,11,19,7,10,4866.69,48666.9,0.0,48666.9,18799.45
105709,20250707,19,12,22,1,8,1192.37,9538.96,953.9,8585.06,3244.33
105710,20250705,215,8,13,5,14,8152.69,114137.66,0.0,114137.66,54392.45
105711,20231205,269,10,11,9,3,4677.47,14032.41,2104.86,11927.55,6037.96
105712,20240926,9,11,7,9,19,4866.69,92467.11,4623.36,87843.75,47853.31
105713,20240322,274,8,10,3,10,8152.69,81526.9,8152.69,73374.21,35255.96
105714,20230213,271,2,17,3,7,576.14,4032.98,201.65,3831.33,1464.4
105715,20240223,230,12,1,2,6,1192.37,7154.22,0.0,7154.22,3050.39
105716,20251110,86,1,16,7,4,7004.72,28018.88,0.0,28018.88,11537.71
105717,20230613,283,6,4,3,8,8457.66,67661.28,0.0,67661.28,35415.56
105718,20230609,241,9,14,1,2,2112.21,4224.42,0.0,4224.42,2179.13
105719,20250411,232,8,3,6,19,8152.69,154901.11,0.0,154901.11,76036.17
105720,20231004,18,4,2,7,5,4210.9,21054.5,1052.73,20001.77,10931.23
105721,20250628,164,8,9,9,2,8152.69,16305.38,0.0,16305.38,7742.6
105722,20240116,122,11,1,9,7,4866.69,34066.83,1703.34,32363.49,13774.36
105723,20250928,272,8,4,6,20,8152.69,163053.8,24458.07,138595.73,53213.77
105724,20250824,90,7,11,8,11,11044.9,121493.9,12149.39,109344.51,48446.94
105725,20240123,208,5,19,4,14,12606.96,176497.44,8824.87,167672.57,67362.91
105726,20250114,49,12,24,4,10,1192.37,11923.7,0.0,11923.7,5252.65
105727,20231230,182,8,24,10,10,8152.69,81526.9,16305.38,65221.52,26703.92
105728,20251127,273,3,11,4,5,1648.77,8243.85,824.39,7419.46,3568.31
105729,20230410,58,9,12,3,4,2112.21,8448.84,844.88,7603.96,2818.07
105730,20230818,162,12,14,3,16,1192.37,19077.92,2861.69,16216.23,8229.24
105731,20241206,39,6,15,9,14,8457.66,118407.24,0.0,118407.24,51399.63
105732,20230317,189,1,22,1,14,7004.72,98066.08,9806.61,88259.47,45831.74
105733,20251225,5,10,18,10,7,4677.47,32742.29,1637.11,31105.18,12190.24
105734,20230519,299,4,9,6,14,4210.9,58952.6,0.0,58952.6,21347.12
105735,20250920,164,9,14,9,2,2112.21,4224.42,0.0,4224.42,2007.11
105736,20241205,193,4,23,3,8,4210.9,33687.2,5053.08,28634.12,14474.12
105737,20231105,126,5,20,1,12,12606.96,151283.52,0.0,151283.52,76225.92
105738,20250714,28,6,3,4,11,8457.66,93034.26,13955.14,79079.12,41497.4
105739,20250821,272,11,5,6,13,4866.69,63266.97,0.0,63266.97,29025.82
105740,20240219,86,5,22,7,5,12606.96,63034.8,3151.74,59883.06,25480.67
105741,20251211,200,3,23,5,17,1648.77,28029.09,4204.36,23824.73,10139.01
105742,20250805,129,8,14,8,6,8152.69,48916.14,9783.23,39132.91,21504.76
105743,20250819,13,4,22,2,18,4210.9,75796.2,0.0,75796.2,41590.54
105744,20250819,287,8,25,4,6,8152.69,48916.14,2445.81,46470.33,17156.69
105745,20240123,63,10,5,10,6,4677.47,28064.82,2806.48,25258.34,13646.69
105746,20230704,90,12,8,8,5,1192.37,5961.85,298.09,5663.76,2772.08
105747,20250313,95,6,8,6,19,8457.66,160695.54,0.0,160695.54,79780.34
105748,20251024,185,5,11,5,12,12606.96,151283.52,0.0,151283.52,78465.09
105749,20231203,163,9,17,2,8,2112.21,16897.68,0.0,16897.68,8502.31
105750,20230415,119,6,13,10,8,8457.66,67661.28,0.0,67661.28,35922.44
105751,20231121,259,3,14,2,16,1648.77,26380.32,0.0,26380.32,12756.14
105752,20230119,158,8,19,3,18,8152.69,146748.42,29349.68,117398.74,49549.07
105753,20230725,219,9,19,9,14,2112.21,29570.94,2957.09,26613.85,9806.56
105754,20231030,188,1,17,1,14,7004.72,98066.08,0.0,98066.08,44912.2
105755,20241004,198,5,21,7,7,12606.96,88248.72,0.0,88248.72,37710.47
105756,20251208,276,3,7,6,1,1648.77,1648.77,82.44,1566.33,814.82
105757,20250618,91,9,20,6,10,2112.21,21122.1,0.0,21122.1,11333.73
105758,20240313,202,4,3,4,13,4210.9,54741.7,0.0,54741.7,19339.65
105759,20240824,199,1,4,7,16,7004.72,112075.52,0.0,112075.52,48060.93
105760,20231108,264,1,8,6,7,7004.72,49033.04,4903.3,44129.74,19021.91
105761,20230411,264,5,22,6,16,12606.96,201711.36,0.0,201711.36,73856.05
105762,20230704,222,4,9,8,8,4210.9,33687.2,5053.08,28634.12,13915.11
105763,20240413,49,1,23,4,4,7004.72,28018.88,0.0,28018.88,11122.76
105764,20250207,221,3,25,1,5,1648.77,8243.85,412.19,7831.66,3309.4
105765,20241013,157,2,10,8,1,576.14,576.14,28.81,547.33,227.83
105766,20250213,78,3,19,8,12,1648.77,19785.24,0.0,19785.24,10239.0
105767,20230104,262,5,17,2,14,12606.96,176497.44,0.0,176497.44,75281.44
105768,20250429,23,12,22,9,2,1192.37,2384.74,0.0,2384.74,1020.41
105769,20230113,152,7,19,9,1,11044.9,11044.9,552.25,10492.65,4600.39
105770,20241118,103,9,21,10,20,2112.21,42244.2,0.0,42244.2,21737.4
105771,20250216,69,5,9,4,3,12606.96,37820.88,7564.18,30256.7,13109.7
105772,20251003,280,9,10,6,11,2112.21,23234.31,4646.86,18587.45,9753.36
105773,20240328,76,2,14,3,12,576.14,6913.68,0.0,6913.68,2665.5
105774,20240714,79,4,25,8,17,4210.9,71585.3,3579.27,68006.03,28515.54
105775,20240604,8,8,3,10,3,8152.69,24458.07,1222.9,23235.17,8203.46
105776,20250808,88,10,17,6,12,4677.47,56129.64,0.0,56129.64,22383.19
105777,20230222,178,11,24,5,1,4866.69,4866.69,486.67,4380.02,1912.95
105778,20230713,130,9,11,10,8,2112.21,16897.68,2534.65,14363.03,6914.53
105779,20230907,256,2,9,2,15,576.14,8642.1,432.11,8209.99,3393.66
105780,20240607,34,3,19,6,18,1648.77,29677.86,2967.79,26710.07,10912.17
105781,20231231,81,1,6,4,17,7004.72,119080.24,23816.05,95264.19,50498.91
105782,20230528,183,11,6,5,2,4866.69,9733.38,486.67,9246.71,4825.91
105783,20241226,72,2,15,1,13,576.14,7489.82,374.49,7115.33,2661.42
105784,20231120,214,10,14,1,6,4677.47,28064.82,0.0,28064.82,10078.0
105785,20241101,30,8,24,9,8,8152.69,65221.52,13044.3,52177.22,19679.9
105786,20230510,119,10,10,10,8,4677.47,37419.76,0.0,37419.76,19221.3
105787,20231212,188,1,24,1,6,7004.72,42028.32,2101.42,39926.9,18768.47
105788,20231108,123,9,8,8,17,2112.21,35907.57,7181.51,28726.06,11752.91
105789,20240420,247,11,13,10,12,4866.69,58400.28,0.0,58400.28,27402.86
105790,20240628,80,12,18,8,12,1192.37,14308.44,1430.84,12877.6,4556.5
105791,20240405,14,9,14,4,9,2112.21,19009.89,1900.99,17108.9,6971.82
105792,20250422,126,3,19,1,2,1648.77,3297.54,164.88,3132.66,1605.26
105793,20241112,30,5,22,9,17,12606.96,214318.32,32147.75,182170.57,87835.03
105794,20241116,300,1,11,8,4,7004.72,28018.88,1400.94,26617.94,14167.69
105795,20250813,250,3,4,8,2,1648.77,3297.54,164.88,3132.66,1399.24
105796,20240814,132,8,19,7,8,8152.69,65221.52,3261.08,61960.44,30259.19
105797,20250823,64,8,9,9,1,8152.69,8152.69,0.0,8152.69,4011.16
105798,20241231,202,9,22,4,17,2112.21,35907.57,3590.76,32316.81,17227.17
105799,20251221,203,6,22,7,16,8457.66,135322.56,13532.26,121790.3,54290.77
105800,20240723,194,7,13,4,1,11044.9,11044.9,552.25,10492.65,4132.26
105801,20250214,30,5,16,9,9,12606.96,113462.64,0.0,113462.64,39863.51
105802,20230805,279,1,7,7,14,7004.72,98066.08,4903.3,93162.78,36532.96
105803,20231112,183,3,18,5,19,1648.77,31326.63,1566.33,29760.3,10444.36
105804,20240318,298,4,25,4,12,4210.9,50530.8,0.0,50530.8,17869.86
105805,20250321,169,8,15,8,12,8152.69,97832.28,0.0,97832.28,52203.91
105806,20250507,288,5,18,8,2,12606.96,25213.92,0.0,25213.92,12559.38
105807,20250525,101,7,16,5,17,11044.9,187763.3,0.0,187763.3,77549.96
105808,20240619,284,2,8,9,11,576.14,6337.54,0.0,6337.54,2706.73
105809,20240702,81,10,17,4,8,4677.47,37419.76,3741.98,33677.78,13270.48
105810,20240304,184,4,20,9,12,4210.9,50530.8,0.0,50530.8,24741.77
105811,20250324,22,9,21,4,18,2112.21,38019.78,7603.96,30415.82,11790.43
105812,20250816,122,5,23,9,1,12606.96,12606.96,0.0,12606.96,5052.77
105813,20250928,156,8,11,5,9,8152.69,73374.21,7337.42,66036.79,25776.87
105814,20250709,238,1,9,9,19,7004.72,133089.68,26617.94,106471.74,38113.71
105815,20250504,235,9,3,8,20,2112.21,42244.2,0.0,42244.2,21737.86
105816,20250308,173,10,16,2,15,4677.47,70162.05,0.0,70162.05,29958.44
105817,20230306,103,11,9,10,1,4866.69,4866.69,0.0,4866.69,1903.45
105818,20250402,278,12,19,2,4,1192.37,4769.48,715.42,4054.06,1839.64
105819,20230211,151,2,23,3,16,576.14,9218.24,1843.65,7374.59,3043.89
105820,20240723,110,1,16,5,6,7004.72,42028.32,4202.83,37825.49,20031.19
105821,20251026,260,8,22,6,15,8152.69,122290.35,12229.04,110061.31,53433.23
105822,20250519,296,10,4,8,13,4677.47,60807.11,0.0,60807.11,26908.29
105823,20240419,211,4,10,10,3,4210.9,12632.7,0.0,12632.7,5087.67
105824,20241110,226,9,23,2,14,2112.21,29570.94,1478.55,28092.39,14961.5
105825,20231025,198,6,16,7,6,8457.66,50745.96,2537.3,48208.66,17515.9
105826,20231022,61,3,16,7,18,1648.77,29677.86,1483.89,28193.97,14648.83
105827,20251108,188,11,6,1,9,4866.69,43800.21,2190.01,41610.2,20170.71
105828,20230512,208,1,21,4,17,7004.72,119080.24,0.0,119080.24,58802.84
105829,20241213,287,6,12,4,7,8457.66,59203.62,2960.18,56243.44,22237.64
105830,20240723,110,8,14,5,7,8152.69,57068.83,0.0,57068.83,23636.37
105831,20250406,253,1,16,6,4,7004.72,28018.88,1400.94,26617.94,12628.9
105832,20240607,131,9,23,10,4,2112.21,8448.84,0.0,8448.84,3473.19
105833,20230110,31,12,24,2,9,1192.37,10731.33,0.0,10731.33,4710.12
105834,20250420,24,3,8,4,4,1648.77,6595.08,0.0,6595.08,2865.97
105835,20230324,228,10,16,7,6,4677.47,28064.82,1403.24,26661.58,12125.98
105836,20231127,91,12,18,6,17,1192.37,20270.29,2027.03,18243.26,7589.89
105837,20240917,79,8,7,8,9,8152.69,73374.21,0.0,73374.21,34319.91
105838,20250921,295,12,20,3,5,1192.37,5961.85,894.28,5067.57,2153.55
105839,20250910,100,7,14,8,11,11044.9,121493.9,24298.78,97195.12,42675.57
105840,20250120,261,8,18,5,8,8152.69,65221.52,13044.3,52177.22,23316.07
105841,20230518,31,12,11,2,7,1192.37,8346.59,1669.32,6677.27,3331.77
105842,20231020,182,11,23,10,19,4866.69,92467.11,0.0,92467.11,40318.7
105843,20251011,236,2,18,6,11,576.14,6337.54,0.0,6337.54,2726.79
105844,20230807,244,5,8,10,1,12606.96,12606.96,0.0,12606.96,6840.57
105845,20231120,180,7,2,7,2,11044.9,22089.8,0.0,22089.8,8619.34
105846,20230723,210,11,13,4,16,4866.69,77867.04,3893.35,73973.69,28075.37
105847,20230102,225,2,5,9,15,576.14,8642.1,432.11,8209.99,4033.77
105848,20250817,53,8,14,4,7,8152.69,57068.83,5706.88,51361.95,21323.38
105849,20250420,152,3,23,9,15,1648.77,24731.55,0.0,24731.55,12220.85
105850,20230218,151,4,17,3,18,4210.9,75796.2,3789.81,72006.39,32216.82
105851,20250413,237,7,5,7,6,11044.9,66269.4,6626.94,59642.46,26104.35
105852,20231022,179,5,8,5,3,12606.96,37820.88,0.0,37820.88,20680.6
105853,20240420,295,2,11,3,17,576.14,9794.38,0.0,9794.38,4252.74
105854,20250915,65,6,14,5,2,8457.66,16915.32,1691.53,15223.79,6497.36
105855,20250815,263,3,21,10,2,1648.77,3297.54,329.75,2967.79,1297.42
105856,20230213,201,12,4,8,11,1192.37,13116.07,1311.61,11804.46,5791.12
105857,20230309,95,7,3,6,8,11044.9,88359.2,0.0,88359.2,43323.78
105858,20250823,116,2,5,4,5,576.14,2880.7,288.07,2592.63,1255.88
105859,20250603,197,8,14,2,13,8152.69,105984.97,21196.99,84787.98,34533.92
105860,20230109,167,4,24,7,6,4210.9,25265.4,0.0,25265.4,12012.23
105861,20230822,211,10,9,10,8,4677.47,37419.76,0.0,37419.76,18345.23
105862,20251022,223,2,15,10,18,576.14,10370.52,1037.05,9333.47,3949.35
105863,20230519,123,9,2,8,11,2112.21,23234.31,1161.72,22072.59,8550.0
105864,20240402,194,8,18,4,18,8152.69,146748.42,0.0,146748.42,61836.79
105865,20250201,69,7,4,4,11,11044.9,121493.9,0.0,121493.9,53225.69
105866,20241213,188,8,1,1,12,8152.69,97832.28,19566.46,78265.82,29841.81
105867,20250203,19,9,13,1,18,2112.21,38019.78,1900.99,36118.79,18405.0
105868,20240815,48,3,25,5,7,1648.77,11541.39,0.0,11541.39,5594.41
105869,20250607,89,6,18,7,13,8457.66,109949.58,5497.48,104452.1,54821.81
105870,20240519,161,7,1,7,2,11044.9,22089.8,0.0,22089.8,8557.97
105871,20241209,33,6,3,10,16,8457.66,135322.56,13532.26,121790.3,65802.71
105872,20250703,186,2,19,4,7,576.14,4032.98,201.65,3831.33,1740.18
105873,20241116,112,2,6,4,15,576.14,8642.1,864.21,7777.89,3137.78
105874,20240529,172,9,21,1,1,2112.21,2112.21,211.22,1900.99,902.75
105875,20251005,217,12,6,3,4,1192.37,4769.48,0.0,4769.48,1925.77
105876,20230702,204,5,22,8,13,12606.96,163890.48,0.0,163890.48,62235.67
105877,20250602,172,4,5,1,5,4210.9,21054.5,0.0,21054.5,10212.06
105878,20240619,231,1,24,3,17,7004.72,119080.24,0.0,119080.24,65245.59
105879,20230808,139,9,23,2,4,2112.21,8448.84,0.0,8448.84,4174.64
105880,20230529,286,9,9,10,2,2112.21,4224.42,422.44,3801.98,1753.14
105881,20240529,127,8,25,8,10,8152.69,81526.9,4076.34,77450.56,38946.93
105882,20230902,70,7,17,9,4,11044.9,44179.6,2208.98,41970.62,22462.28
105883,20240526,5,12,1,10,17,1192.37,20270.29,3040.54,17229.75,7145.63
105884,20230125,169,11,17,8,2,4866.69,9733.38,486.67,9246.71,3731.55
105885,20240130,111,5,23,7,1,12606.96,12606.96,0.0,12606.96,4496.48
105886,20230819,25,6,13,7,8,8457.66,67661.28,0.0,67661.28,32363.37
105887,20250603,20,11,6,6,4,4866.69,19466.76,1946.68,17520.08,9634.82
105888,20230719,211,12,14,10,19,1192.37,22655.03,0.0,22655.03,8029.13
105889,20231008,39,3,10,9,14,1648.77,23082.78,4616.56,18466.22,9526.58
105890,20240612,74,9,4,7,5,2112.21,10561.05,1056.11,9504.94,4703.21
105891,20241211,290,9,7,8,13,2112.21,27458.73,2745.87,24712.86,8904.41
105892,20240701,261,9,9,5,19,2112.21,40131.99,6019.8,34112.19,16881.31
105893,20230603,89,7,1,7,19,11044.9,209853.1,0.0,209853.1,83718.44
105894,20230611,133,12,14,7,12,1192.37,14308.44,715.42,13593.02,6624.83
105895,20251011,62,7,13,4,12,11044.9,132538.8,6626.94,125911.86,65741.63
105896,20251115,50,4,1,7,10,4210.9,42109.0,8421.8,33687.2,15992.13
105897,20230428,156,4,17,5,19,4210.9,80007.1,8000.71,72006.39,30906.48
105898,20230725,204,5,12,8,2,12606.96,25213.92,1260.7,23953.22,9074.28
105899,20241023,98,3,25,4,5,1648.77,8243.85,824.39,7419.46,2630.89
105900,20231030,139,12,18,2,16,1192.37,19077.92,0.0,19077.92,7036.03
105901,20240117,212,2,7,10,19,576.14,10946.66,0.0,10946.66,5669.89
105902,20250113,251,5,11,4,18,12606.96,226925.28,0.0,226925.28,102297.25
105903,20230128,166,9,7,9,19,2112.21,40131.99,0.0,40131.99,21145.64
105904,20230316,266,4,12,1,9,4210.9,37898.1,1894.9,36003.2,19265.38
105905,20231016,243,9,17,10,12,2112.21,25346.52,1267.33,24079.19,12896.22
105906,20230913,89,1,14,7,20,7004.72,140094.4,0.0,140094.4,59705.16
105907,20240206,92,6,22,8,20,8457.66,169153.2,8457.66,160695.54,60809.5
105908,20250727,224,12,6,10,5,1192.37,5961.85,0.0,5961.85,2729.18
105909,20230619,90,8,11,8,8,8152.69,65221.52,9783.23,55438.29,20764.59
105910,20240226,177,6,21,2,16,8457.66,135322.56,13532.26,121790.3,62629.22
105911,20230309,83,3,17,5,1,1648.77,1648.77,0.0,1648.77,726.89
105912,20230615,14,7,5,4,19,11044.9,209853.1,0.0,209853.1,109860.07
105913,20230206,69,12,13,4,19,1192.37,22655.03,0.0,22655.03,9990.1
105914,20250117,110,5,4,5,10,12606.96,126069.6,12606.96,113462.64,53810.45
105915,20230304,112,3,8,4,4,1648.77,6595.08,659.51,5935.57,2589.31
105916,20250524,240,10,21,3,2,4677.47,9354.94,1403.24,7951.7,3454.26
105917,20250923,132,8,16,7,5,8152.69,40763.45,4076.34,36687.11,18067.89
105918,20230719,41,11,2,9,10,4866.69,48666.9,0.0,48666.9,19276.58
105919,20240527,127,12,15,8,18,1192.37,21462.66,0.0,21462.66,7588.53
105920,20230623,280,8,16,6,16,8152.69,130443.04,13044.3,117398.74,58768.29
105921,20240330,97,12,10,8,5,1192.37,5961.85,0.0,5961.85,2339.12
105922,20240407,67,3,9,1,5,1648.77,8243.85,0.0,8243.85,4145.3
105923,20250903,231,3,15,3,15,1648.77,24731.55,0.0,24731.55,10861.61
105924,20241125,25,3,4,7,17,1648.77,28029.09,1401.45,26627.64,11153.12
105925,20230710,52,5,17,3,10,12606.96,126069.6,6303.48,119766.12,42752.8
105926,20250214,98,9,8,4,19,2112.21,40131.99,4013.2,36118.79,17781.31
105927,20251230,251,9,17,4,10,2112.21,21122.1,0.0,21122.1,10703.71
105928,20240807,237,6,23,7,19,8457.66,160695.54,16069.55,144625.99,57751.59
105929,20251027,160,8,25,3,16,8152.69,130443.04,0.0,130443.04,55655.32
105930,20240515,91,9,11,6,8,2112.21,16897.68,0.0,16897.68,8073.61
105931,20231104,163,5,14,2,3,12606.96,37820.88,5673.13,32147.75,15833.98
105932,20250829,149,7,24,10,15,11044.9,165673.5,8283.68,157389.82,71623.05
105933,20230520,267,10,17,1,14,4677.47,65484.58,0.0,65484.58,28345.2
105934,20230610,116,10,11,4,20,4677.47,93549.4,9354.94,84194.46,42606.91
105935,20241102,300,3,23,8,3,1648.77,4946.31,0.0,4946.31,2285.47
105936,20250616,89,4,21,7,11,4210.9,46319.9,9263.98,37055.92,13352.43
105937,20240729,236,4,16,6,16,4210.9,67374.4,3368.72,64005.68,24163.93
105938,20240207,259,10,13,2,12,4677.47,56129.64,0.0,56129.64,30421.55
105939,20251007,238,10,3,9,16,4677.47,74839.52,3741.98,71097.54,33866.07
105940,20231004,11,1,18,9,4,7004.72,28018.88,0.0,28018.88,9975.61
105941,20240607,92,9,14,8,14,2112.21,29570.94,1478.55,28092.39,12052.27
105942,20241016,44,6,16,1,11,8457.66,93034.26,4651.71,88382.55,32837.3
105943,20230329,290,12,13,8,15,1192.37,17885.55,0.0,17885.55,8754.21
105944,20230129,262,1,1,2,9,7004.72,63042.48,3152.12,59890.36,25190.34
105945,20250917,94,5,6,3,6,12606.96,75641.76,3782.09,71859.67,34828.76
105946,20240823,202,7,12,4,5,11044.9,55224.5,2761.23,52463.27,26925.33
105947,20240211,23,6,4,9,15,8457.66,126864.9,0.0,126864.9,56194.77
105948,20241110,33,3,21,10,7,1648.77,11541.39,1731.21,9810.18,3935.88
105949,20240426,168,4,14,10,15,4210.9,63163.5,0.0,63163.5,27760.3
105950,20250918,255,8,7,3,9,8152.69,73374.21,11006.13,62368.08,31645.77
105951,20230924,199,6,18,7,16,8457.66,135322.56,0.0,135322.56,52960.3
105952,20230523,5,5,23,10,19,12606.96,239532.24,11976.61,227555.63,83838.33
105953,20230103,241,8,3,1,6,8152.69,48916.14,7337.42,41578.72,14800.74
105954,20250425,44,11,19,1,20,4866.69,97333.8,0.0,97333.8,50465.03
105955,20250318,202,12,14,4,20,1192.37,23847.4,2384.74,21462.66,11085.57
105956,20240713,243,3,24,10,3,1648.77,4946.31,247.32,4698.99,2350.15
105957,20231215,149,4,12,10,13,4210.9,54741.7,2737.09,52004.61,25029.13
105958,20240516,26,4,5,5,12,4210.9,50530.8,5053.08,45477.72,19435.88
105959,20250131,74,6,11,7,18,8457.66,152237.88,7611.89,144625.99,71905.93
105960,20250216,251,4,11,4,1,4210.9,4210.9,210.54,4000.36,1848.36
105961,20230711,29,11,16,1,6,4866.69,29200.14,1460.01,27740.13,10951.79
105962,20240901,237,7,9,7,14,11044.9,154628.6,15462.86,139165.74,75570.76
105963,20230528,94,11,13,3,3,4866.69,14600.07,0.0,14600.07,7147.23
105964,20240224,208,11,8,4,4,4866.69,19466.76,1946.68,17520.08,7515.62
105965,20250622,171,7,23,6,10,11044.9,110449.0,0.0,110449.0,51471.32
105966,20230320,299,6,3,6,20,8457.66,169153.2,16915.32,152237.88,65256.73
105967,20250401,112,1,2,4,13,7004.72,91061.36,0.0,91061.36,34513.95
105968,20230830,28,6,22,4,3,8457.66,25372.98,0.0,25372.98,9167.19
105969,20251111,237,12,23,7,2,1192.37,2384.74,357.71,2027.03,1049.71
105970,20251023,56,2,7,2,12,576.14,6913.68,691.37,6222.31,3287.86
105971,20240205,244,12,21,10,8,1192.37,9538.96,476.95,9062.01,3833.03
105972,20231124,248,11,6,10,20,4866.69,97333.8,0.0,97333.8,48653.26
105973,20250314,226,8,16,2,2,8152.69,16305.38,0.0,16305.38,6679.33
105974,20230317,243,2,6,10,19,576.14,10946.66,1642.0,9304.66,3971.57
105975,20230716,167,5,23,7,18,12606.96,226925.28,0.0,226925.28,116734.56
105976,20250906,5,1,22,10,5,7004.72,35023.6,1751.18,33272.42,13088.64
105977,20230803,109,3,13,8,17,1648.77,28029.09,1401.45,26627.64,11827.81
105978,20240620,216,1,6,3,3,7004.72,21014.16,0.0,21014.16,10540.05
105979,20240811,39,6,16,9,16,8457.66,135322.56,0.0,135322.56,51027.64
105980,20230519,270,5,6,10,12,12606.96,151283.52,0.0,151283.52,70813.88
105981,20250427,44,8,14,1,12,8152.69,97832.28,0.0,97832.28,45981.84
105982,20231114,113,12,12,8,12,1192.37,14308.44,2146.27,12162.17,5937.09
105983,20241023,285,8,22,3,1,8152.69,8152.69,1222.9,6929.79,3670.36
105984,20240204,3,11,5,3,5,4866.69,24333.45,1216.67,23116.78,12112.13
105985,20231230,115,4,12,6,5,4210.9,21054.5,1052.73,20001.77,8756.09
105986,20251016,54,6,24,8,7,8457.66,59203.62,0.0,59203.62,31442.45
105987,20250419,154,8,6,9,14,8152.69,114137.66,5706.88,108430.78,44669.21
105988,20251018,137,7,9,7,12,11044.9,132538.8,0.0,132538.8,58445.73
105989,20231106,267,4,4,1,1,4210.9,4210.9,631.63,3579.27,1340.73
105990,20241224,26,9,18,5,2,2112.21,4224.42,633.66,3590.76,1601.61
105991,20250405,159,6,25,4,1,8457.66,8457.66,845.77,7611.89,3179.36
105992,20230816,7,6,17,2,1,8457.66,8457.66,0.0,8457.66,3910.84
105993,20250511,250,10,16,8,9,4677.47,42097.23,0.0,42097.23,18398.53
105994,20240310,229,9,25,5,18,2112.21,38019.78,7603.96,30415.82,12938.45
105995,20250225,152,7,25,9,11,11044.9,121493.9,0.0,121493.9,47850.57
105996,20240907,228,8,9,7,19,8152.69,154901.11,7745.06,147156.05,58240.56
105997,20250909,296,3,5,8,14,1648.77,23082.78,3462.42,19620.36,7535.27
105998,20230823,39,6,1,9,6,8457.66,50745.96,0.0,50745.96,20706.08
105999,20251018,126,5,11,1,2,12606.96,25213.92,0.0,25213.92,9654.86
106000,20240816,5,6,21,10,1,8457.66,8457.66,0.0,8457.66,3181.03
106001,20250503,14,10,16,4,19,4677.47,88871.93,4443.6,84428.33,39599.8
106002,20240706,182,10,16,10,15,4677.47,70162.05,0.0,70162.05,38171.54
106003,20250212,9,10,18,9,11,4677.47,51452.17,2572.61,48879.56,23036.92
106004,20230710,225,5,16,9,8,12606.96,100855.68,0.0,100855.68,42658.7
106005,20250622,271,9,12,3,17,2112.21,35907.57,1795.38,34112.19,13982.17
106006,20241210,186,8,4,4,8,8152.69,65221.52,0.0,65221.52,31068.25
106007,20240602,135,5,24,2,20,12606.96,252139.2,37820.88,214318.32,77776.98
106008,20250610,125,10,11,3,6,4677.47,28064.82,0.0,28064.82,11231.4
106009,20250903,248,5,8,10,15,12606.96,189104.4,9455.22,179649.18,65728.56
106010,20240331,260,5,17,6,15,12606.96,189104.4,9455.22,179649.18,76655.88
106011,20230529,42,9,25,6,19,2112.21,40131.99,4013.2,36118.79,16030.06
106012,20250203,253,10,22,6,18,4677.47,84194.46,8419.45,75775.01,29869.63
106013,20240119,21,11,25,9,1,4866.69,4866.69,730.0,4136.69,1715.64
106014,20230126,164,5,12,9,4,12606.96,50427.84,2521.39,47906.45,20406.08
106015,20250116,146,1,11,6,19,7004.72,133089.68,0.0,133089.68,52546.92
106016,20240912,95,5,14,6,5,12606.96,63034.8,9455.22,53579.58,26676.03
106017,20250819,53,3,7,4,20,1648.77,32975.4,0.0,32975.4,17725.84
106018,20230424,209,6,8,9,7,8457.66,59203.62,0.0,59203.62,30092.42
106019,20250124,242,6,19,8,18,8457.66,152237.88,0.0,152237.88,65339.02
106020,20231117,258,3,24,6,4,1648.77,6595.08,329.75,6265.33,3340.96
106021,20251211,251,9,16,4,11,2112.21,23234.31,1161.72,22072.59,9951.42
106022,20231027,244,4,15,10,14,4210.9,58952.6,0.0,58952.6,27566.11
106023,20250818,234,4,19,5,17,4210.9,71585.3,7158.53,64426.77,33729.21
106024,20250227,211,1,19,10,16,7004.72,112075.52,11207.55,100867.97,55392.02
106025,20251027,167,6,1,7,2,8457.66,16915.32,1691.53,15223.79,6218.42
106026,20250115,24,8,23,4,5,8152.69,40763.45,2038.17,38725.28,14770.43
106027,20230225,42,1,15,6,20,7004.72,140094.4,0.0,140094.4,54131.53
106028,20231030,208,6,5,4,15,8457.66,126864.9,6343.24,120521.66,50513.8
106029,20250301,122,1,11,9,20,7004.72,140094.4,0.0,140094.4,51229.98
106030,20241220,218,8,4,2,3,8152.69,24458.07,1222.9,23235.17,9616.98
106031,20250624,85,5,21,4,11,12606.96,138676.56,6933.83,131742.73,64993.37
106032,20250731,18,9,22,7,17,2112.21,35907.57,0.0,35907.57,16121.38
106033,20241007,103,12,18,10,1,1192.37,1192.37,0.0,1192.37,594.19
106034,20241124,245,3,14,7,17,1648.77,28029.09,0.0,28029.09,13281.38
106035,20250129,18,8,24,7,1,8152.69,8152.69,0.0,8152.69,4153.8
106036,20230404,210,10,14,4,15,4677.47,70162.05,0.0,70162.05,35494.73
106037,20251231,55,6,13,4,18,8457.66,152237.88,0.0,152237.88,66981.69
106038,20230227,94,8,17,3,11,8152.69,89679.59,0.0,89679.59,41596.31
106039,20231115,58,5,24,3,19,12606.96,239532.24,0.0,239532.24,87883.0
106040,20250826,53,8,8,4,1,8152.69,8152.69,1222.9,6929.79,3015.99
106041,20240129,290,1,17,8,12,7004.72,84056.64,4202.83,79853.81,28481.28
106042,20240618,257,4,14,7,17,4210.9,71585.3,10737.8,60847.5,26449.01
106043,20231128,102,9,13,2,14,2112.21,29570.94,0.0,29570.94,12796.9
106044,20250328,244,8,12,10,12,8152.69,97832.28,4891.61,92940.67,40873.49
106045,20240513,168,5,4,10,1,12606.96,12606.96,0.0,12606.96,6291.0
106046,20250624,247,11,5,10,12,4866.69,58400.28,11680.06,46720.22,19096.09
106047,20240102,169,12,24,8,18,1192.37,21462.66,2146.27,19316.39,9609.47
106048,20230513,14,11,18,4,11,4866.69,53533.59,5353.36,48180.23,21956.68
106049,20231106,109,6,16,8,17,8457.66,143780.22,0.0,143780.22,60669.18
106050,20250825,77,1,17,4,1,7004.72,7004.72,0.0,7004.72,3770.22
106051,20230203,147,2,12,10,2,576.14,1152.28,115.23,1037.05,515.44
106052,20240912,297,4,4,9,13,4210.9,54741.7,0.0,54741.7,24885.54
106053,20230901,220,11,4,1,3,4866.69,14600.07,0.0,14600.07,6180.86
106054,20250222,224,2,8,10,10,576.14,5761.4,0.0,5761.4,2333.93
106055,20241230,24,1,2,4,10,7004.72,70047.2,0.0,70047.2,28731.53
106056,20231010,67,11,16,1,1,4866.69,4866.69,243.33,4623.36,2442.83
106057,20230318,197,5,20,2,10,12606.96,126069.6,6303.48,119766.12,49871.42
106058,20241214,260,1,22,6,8,7004.72,56037.76,5603.78,50433.98,21623.48
106059,20240321,207,5,16,7,5,12606.96,63034.8,9455.22,53579.58,22014.79
106060,20241028,262,12,4,2,16,1192.37,19077.92,0.0,19077.92,9460.93
106061,20240427,179,2,25,5,10,576.14,5761.4,864.21,4897.19,2368.17
106062,20240617,140,11,21,10,20,4866.69,97333.8,4866.69,92467.11,45497.4
106063,20250402,127,11,20,8,2,4866.69,9733.38,973.34,8760.04,4344.33
106064,20240616,183,4,19,5,18,4210.9,75796.2,0.0,75796.2,37162.51
106065,20250504,254,11,6,7,11,4866.69,53533.59,0.0,53533.59,18846.45
106066,20250210,57,12,15,9,2,1192.37,2384.74,119.24,2265.5,1020.36
106067,20250706,108,2,16,8,1,576.14,576.14,115.23,460.91,207.51
106068,20230825,204,7,18,8,18,11044.9,198808.2,0.0,198808.2,105102.65
106069,20240415,280,5,13,6,20,12606.96,252139.2,0.0,252139.2,97357.66
106070,20230716,187,1,4,10,13,7004.72,91061.36,0.0,91061.36,36626.86
106071,20250417,198,3,12,7,15,1648.77,24731.55,0.0,24731.55,9421.67
106072,20241216,113,7,4,8,5,11044.9,55224.5,2761.23,52463.27,24589.58
106073,20250715,203,3,25,7,6,1648.77,9892.62,989.26,8903.36,4797.3
106074,20241227,256,12,21,2,19,1192.37,22655.03,3398.25,19256.78,8620.42
106075,20250115,20,9,2,6,19,2112.21,40131.99,2006.6,38125.39,18047.76
106076,20250713,62,8,8,4,8,8152.69,65221.52,0.0,65221.52,27221.53
106077,20251012,49,7,2,4,9,11044.9,99404.1,0.0,99404.1,53436.12
106078,20230618,136,5,15,3,3,12606.96,37820.88,5673.13,32147.75,13392.55
106079,20240626,135,2,12,2,6,576.14,3456.84,172.84,3284.0,1335.88
106080,20241207,257,12,21,7,5,1192.37,5961.85,298.09,5663.76,2878.95
106081,20240808,189,5,3,1,19,12606.96,239532.24,23953.22,215579.02,80389.57
106082,20240324,238,9,2,9,9,2112.21,19009.89,950.49,18059.4,8072.94
106083,20250527,70,1,20,9,7,7004.72,49033.04,4903.3,44129.74,22576.55
106084,20250628,127,10,13,8,11,4677.47,51452.17,5145.22,46306.95,19101.23
106085,20231222,244,11,14,10,1,4866.69,4866.69,486.67,4380.02,1958.61
106086,20230905,160,7,9,3,9,11044.9,99404.1,0.0,99404.1,38178.27
106087,20230911,98,6,7,4,10,8457.66,84576.6,0.0,84576.6,35576.67
106088,20250228,45,9,7,3,5,2112.21,10561.05,1056.11,9504.94,4144.61
106089,20231109,46,4,18,1,9,4210.9,37898.1,5684.71,32213.39,16835.29
106090,20250107,177,2,1,2,19,576.14,10946.66,1094.67,9851.99,3986.45
106091,20230929,186,3,16,4,11,1648.77,18136.47,0.0,18136.47,7805.8
106092,20251027,32,9,9,4,17,2112.21,35907.57,5386.14,30521.43,14937.94
106093,20250617,81,8,3,4,5,8152.69,40763.45,0.0,40763.45,15942.77
106094,20230308,95,11,20,6,7,4866.69,34066.83,1703.34,32363.49,17387.6
106095,20240523,78,7,16,8,6,11044.9,66269.4,3313.47,62955.93,25104.85
106096,20250418,65,8,15,5,14,8152.69,114137.66,5706.88,108430.78,47371.61
106097,20241118,260,9,4,6,19,2112.21,40131.99,2006.6,38125.39,15577.25
106098,20250227,276,8,21,6,15,8152.69,122290.35,12229.04,110061.31,51367.15
106099,20231106,295,5,9,3,20,12606.96,252139.2,12606.96,239532.24,121556.16
106100,20240217,214,8,12,1,16,8152.69,130443.04,0.0,130443.04,68256.48
106101,20250405,210,9,9,4,20,2112.21,42244.2,8448.84,33795.36,11859.31
106102,20241107,118,7,21,2,14,11044.9,154628.6,23194.29,131434.31,62987.71
106103,20240304,96,1,7,5,3,7004.72,21014.16,0.0,21014.16,11145.66
106104,20240227,55,8,15,4,20,8152.69,163053.8,0.0,163053.8,65003.87
106105,20230326,107,9,22,6,18,2112.21,38019.78,0.0,38019.78,14825.48
106106,20241015,50,9,1,7,4,2112.21,8448.84,0.0,8448.84,3429.46
106107,20230124,81,4,14,4,5,4210.9,21054.5,1052.73,20001.77,10475.79
106108,20240330,257,9,23,7,20,2112.21,42244.2,2112.21,40131.99,16978.76
106109,20240202,37,2,12,3,9,576.14,5185.26,518.53,4666.73,2256.97
106110,20240508,289,8,18,8,4,8152.69,32610.76,0.0,32610.76,13018.67
106111,20230627,163,10,3,2,1,4677.47,4677.47,467.75,4209.72,2125.82
106112,20230126,257,7,6,7,8,11044.9,88359.2,8835.92,79523.28,33450.93
106113,20240816,204,1,5,8,14,7004.72,98066.08,14709.91,83356.17,40061.33
106114,20231021,160,8,18,3,20,8152.69,163053.8,0.0,163053.8,87497.93
106115,20241120,54,11,18,8,5,4866.69,24333.45,3650.02,20683.43,10936.39
106116,20230723,126,6,2,1,14,8457.66,118407.24,0.0,118407.24,42871.6
106117,20240815,17,2,11,8,16,576.14,9218.24,921.82,8296.42,4380.52
106118,20251013,10,7,5,3,20,11044.9,220898.0,33134.7,187763.3,68131.62
106119,20250905,182,3,14,10,17,1648.77,28029.09,0.0,28029.09,15039.17
106120,20230412,274,4,14,3,18,4210.9,75796.2,0.0,75796.2,32460.99
106121,20231202,59,5,2,6,15,12606.96,189104.4,37820.88,151283.52,67201.48
106122,20240206,28,9,22,4,15,2112.21,31683.15,0.0,31683.15,12866.99
106123,20240209,297,1,7,9,20,7004.72,140094.4,0.0,140094.4,74072.4
106124,20231114,14,1,11,4,13,7004.72,91061.36,0.0,91061.36,46370.11
106125,20250914,4,11,6,3,10,4866.69,48666.9,2433.35,46233.55,20931.46
106126,20241030,230,10,17,2,18,4677.47,84194.46,8419.45,75775.01,35857.41
106127,20230510,119,3,15,10,8,1648.77,13190.16,659.51,12530.65,6615.58
106128,20231223,79,10,7,8,6,4677.47,28064.82,0.0,28064.82,12368.24
106129,20231224,168,5,2,10,4,12606.96,50427.84,0.0,50427.84,24414.81
106130,20240524,282,11,10,4,16,4866.69,77867.04,7786.7,70080.34,29683.62
106131,20240425,44,9,18,1,13,2112.21,27458.73,2745.87,24712.86,10433.81
106132,20240703,233,9,2,7,2,2112.21,4224.42,211.22,4013.2,1909.62
106133,20231222,139,7,7,2,13,11044.9,143583.7,7179.19,136404.51,64073.38
106134,20251207,124,8,12,10,12,8152.69,97832.28,19566.46,78265.82,37560.82
106135,20230204,144,6,18,5,8,8457.66,67661.28,3383.06,64278.22,27136.6
106136,20230128,256,12,15,2,2,1192.37,2384.74,119.24,2265.5,817.49
106137,20240121,60,8,5,2,4,8152.69,32610.76,1630.54,30980.22,11325.15
106138,20240409,186,10,23,4,17,4677.47,79516.99,0.0,79516.99,30899.44
106139,20240429,57,6,22,9,14,8457.66,118407.24,5920.36,112486.88,45324.16
106140,20230825,25,2,10,7,13,576.14,7489.82,0.0,7489.82,3949.62
106141,20240214,107,6,6,6,1,8457.66,8457.66,845.77,7611.89,3326.06
106142,20231223,197,1,22,2,19,7004.72,133089.68,0.0,133089.68,72924.96
106143,20240719,67,7,13,1,8,11044.9,88359.2,0.0,88359.2,37625.82
106144,20240822,27,9,5,9,7,2112.21,14785.47,0.0,14785.47,5363.6
106145,20230625,230,2,20,2,19,576.14,10946.66,0.0,10946.66,4849.61
106146,20240527,24,6,25,4,4,8457.66,33830.64,1691.53,32139.11,15342.18
106147,20250111,15,9,3,6,20,2112.21,42244.2,6336.63,35907.57,12651.06
106148,20241112,212,8,8,10,12,8152.69,97832.28,0.0,97832.28,42404.34
106149,20240407,187,10,12,10,3,4677.47,14032.41,701.62,13330.79,5818.09
106150,20250110,94,5,4,3,8,12606.96,100855.68,10085.57,90770.11,32280.22
106151,20240116,270,7,16,10,4,11044.9,44179.6,0.0,44179.6,19122.81
106152,20250517,12,3,10,6,19,1648.77,31326.63,0.0,31326.63,12175.22
106153,20250701,226,8,10,2,3,8152.69,24458.07,2445.81,22012.26,10257.61
106154,20250122,242,2,16,8,11,576.14,6337.54,0.0,6337.54,2381.02
106155,20251012,253,12,22,6,12,1192.37,14308.44,0.0,14308.44,7826.8
106156,20241008,270,8,17,10,20,8152.69,163053.8,16305.38,146748.42,76131.84
106157,20251209,60,7,24,2,18,11044.9,198808.2,29821.23,168986.97,62479.0
106158,20230805,163,2,3,2,3,576.14,1728.42,0.0,1728.42,854.99
106159,20230826,81,5,23,4,17,12606.96,214318.32,0.0,214318.32,90624.97
106160,20240917,214,8,7,1,3,8152.69,24458.07,3668.71,20789.36,11164.85
106161,20250627,39,12,16,9,9,1192.37,10731.33,0.0,10731.33,5669.05
106162,20230102,210,7,20,4,11,11044.9,121493.9,0.0,121493.9,65459.24
106163,20230420,278,6,16,2,1,8457.66,8457.66,0.0,8457.66,2972.77
106164,20230908,47,8,13,6,3,8152.69,24458.07,1222.9,23235.17,9930.49
106165,20240227,19,2,4,1,5,576.14,2880.7,144.03,2736.67,1249.16
106166,20230705,268,11,21,2,3,4866.69,14600.07,730.0,13870.07,4936.67
106167,20240515,163,8,19,2,13,8152.69,105984.97,0.0,105984.97,54870.16
106168,20240615,7,1,3,2,19,7004.72,133089.68,0.0,133089.68,67199.48
106169,20241011,149,3,25,10,13,1648.77,21434.01,2143.4,19290.61,9489.47
106170,20250615,284,3,10,9,3,1648.77,4946.31,0.0,4946.31,2591.94
106171,20240226,139,12,6,2,10,1192.37,11923.7,2384.74,9538.96,4688.14
106172,20230523,63,5,16,10,11,12606.96,138676.56,20801.48,117875.08,56789.34
106173,20250612,74,5,25,7,17,12606.96,214318.32,0.0,214318.32,84819.67
106174,20230508,218,5,5,2,3,12606.96,37820.88,3782.09,34038.79,14791.41
106175,20251112,134,7,2,5,8,11044.9,88359.2,4417.96,83941.24,45316.09
106176,20241213,51,11,23,3,11,4866.69,53533.59,2676.68,50856.91,20221.38
106177,20250515,201,6,5,8,3,8457.66,25372.98,2537.3,22835.68,10254.35
106178,20250519,132,6,7,7,8,8457.66,67661.28,0.0,67661.28,29543.01
106179,20240707,298,6,1,4,14,8457.66,118407.24,0.0,118407.24,49105.34
106180,20240812,53,2,23,4,7,576.14,4032.98,201.65,3831.33,2106.78
106181,20230802,115,11,22,6,10,4866.69,48666.9,2433.35,46233.55,23050.48
106182,20240510,54,11,1,8,16,4866.69,77867.04,3893.35,73973.69,38434.21
106183,20230404,248,9,14,10,19,2112.21,40131.99,4013.2,36118.79,18055.13
106184,20250716,193,1,4,3,18,7004.72,126084.96,12608.5,113476.46,51674.64
106185,20230129,141,2,23,4,11,576.14,6337.54,316.88,6020.66,3271.52
106186,20240803,251,5,16,4,8,12606.96,100855.68,0.0,100855.68,49462.34
106187,20250130,241,4,14,1,20,4210.9,84218.0,4210.9,80007.1,29503.09
106188,20250523,258,6,5,6,12,8457.66,101491.92,10149.19,91342.73,33367.56
106189,20250917,164,1,9,9,1,7004.72,7004.72,700.47,6304.25,2476.65
106190,20230207,43,12,4,1,17,1192.37,20270.29,0.0,20270.29,8707.42
106191,20250705,138,11,1,4,20,4866.69,97333.8,0.0,97333.8,45058.92
106192,20241101,182,1,20,10,12,7004.72,84056.64,4202.83,79853.81,37060.43
106193,20251025,35,9,9,5,15,2112.21,31683.15,3168.32,28514.83,12207.61
106194,20251031,26,7,7,5,20,11044.9,220898.0,11044.9,209853.1,110875.41
106195,20240812,40,7,21,2,4,11044.9,44179.6,0.0,44179.6,18523.0
106196,20240705,19,12,24,1,13,1192.37,15500.81,0.0,15500.81,6938.06
106197,20230223,262,9,24,2,2,2112.21,4224.42,0.0,4224.42,2153.66
106198,20230702,63,3,22,10,4,1648.77,6595.08,329.75,6265.33,2922.86
106199,20231013,284,3,25,9,6,1648.77,9892.62,0.0,9892.62,5353.04
106200,20240115,169,7,16,8,16,11044.9,176718.4,0.0,176718.4,61933.05
106201,20240314,266,6,25,1,14,8457.66,118407.24,0.0,118407.24,45583.55
106202,20250801,60,5,3,2,7,12606.96,88248.72,0.0,88248.72,33966.38
106203,20251009,97,3,7,8,11,1648.77,18136.47,1813.65,16322.82,6472.07
106204,20250930,131,3,4,10,10,1648.77,16487.7,1648.77,14838.93,5228.84
106205,20240601,95,1,15,6,20,7004.72,140094.4,0.0,140094.4,62514.28
106206,20230818,190,11,17,4,15,4866.69,73000.35,0.0,73000.35,35900.25
106207,20240811,74,6,2,7,11,8457.66,93034.26,18606.85,74427.41,28073.15
106208,20241106,116,11,1,4,19,4866.69,92467.11,0.0,92467.11,45107.07
106209,20251003,254,10,23,7,20,4677.47,93549.4,0.0,93549.4,38268.88
106210,20240109,251,4,15,4,19,4210.9,80007.1,0.0,80007.1,30386.09
106211,20251202,51,7,22,3,3,11044.9,33134.7,0.0,33134.7,12581.83
106212,20240505,165,2,4,10,3,576.14,1728.42,0.0,1728.42,676.67
106213,20230807,16,8,11,4,7,8152.69,57068.83,0.0,57068.83,28704.97
106214,20230401,92,5,13,8,19,12606.96,239532.24,0.0,239532.24,109000.15
106215,20240813,54,3,7,8,5,1648.77,8243.85,824.39,7419.46,2783.93
106216,20240412,88,1,18,6,16,7004.72,112075.52,11207.55,100867.97,45869.16
106217,20241020,243,1,25,10,19,7004.72,133089.68,0.0,133089.68,62146.67
106218,20230803,128,8,1,8,17,8152.69,138595.73,27719.15,110876.58,51266.16
106219,20250619,266,4,16,1,20,4210.9,84218.0,0.0,84218.0,33269.33
106220,20230817,218,12,18,2,6,1192.37,7154.22,0.0,7154.22,3433.31
106221,20251122,4,10,20,3,7,4677.47,32742.29,1637.11,31105.18,13203.38
106222,20240419,39,8,18,9,10,8152.69,81526.9,0.0,81526.9,38294.29
106223,20240519,277,1,7,5,15,7004.72,105070.8,5253.54,99817.26,54592.19
106224,20250615,119,9,4,10,4,2112.21,8448.84,0.0,8448.84,3310.03
106225,20230506,129,10,9,8,13,4677.47,60807.11,0.0,60807.11,31526.22
106226,20241003,158,1,15,3,16,7004.72,112075.52,16811.33,95264.19,33633.13
106227,20241019,120,6,11,9,17,8457.66,143780.22,7189.01,136591.21,71138.24
106228,20240624,283,12,4,3,4,1192.37,4769.48,476.95,4292.53,1525.94
106229,20240102,290,11,24,8,8,4866.69,38933.52,1946.68,36986.84,15327.43
106230,20231007,274,5,16,3,16,12606.96,201711.36,10085.57,191625.79,88275.62
106231,20231206,175,9,16,9,12,2112.21,25346.52,0.0,25346.52,9226.9
106232,20250130,219,5,4,9,11,12606.96,138676.56,20801.48,117875.08,60278.03
106233,20240425,111,12,2,7,15,1192.37,17885.55,1788.56,16096.99,6861.59
106234,20250502,253,1,21,6,13,7004.72,91061.36,0.0,91061.36,48361.26
106235,20230705,52,10,3,3,14,4677.47,65484.58,6548.46,58936.12,32401.9
106236,20241111,173,12,8,2,1,1192.37,1192.37,59.62,1132.75,507.49
106237,20230822,98,5,22,4,2,12606.96,25213.92,0.0,25213.92,11310.43
106238,20230608,239,1,25,5,7,7004.72,49033.04,2451.65,46581.39,22182.29
106239,20240308,15,7,4,6,18,11044.9,198808.2,9940.41,188867.79,99311.18
106240,20230130,147,6,17,10,5,8457.66,42288.3,0.0,42288.3,16017.8
106241,20230717,201,3,9,8,15,1648.77,24731.55,4946.31,19785.24,8106.29
106242,20240903,221,9,9,1,16,2112.21,33795.36,0.0,33795.36,14262.9
106243,20241019,32,7,11,4,5,11044.9,55224.5,2761.23,52463.27,24719.69
106244,20241117,113,7,15,8,20,11044.9,220898.0,11044.9,209853.1,78878.98
106245,20250711,82,12,24,8,2,1192.37,2384.74,119.24,2265.5,1008.91
106246,20230216,120,6,23,9,11,8457.66,93034.26,0.0,93034.26,50768.93
106247,20230722,292,10,25,5,14,4677.47,65484.58,3274.23,62210.35,31736.39
106248,20240622,143,6,14,10,11,8457.66,93034.26,18606.85,74427.41,32698.91
106249,20230612,229,5,10,5,6,12606.96,75641.76,0.0,75641.76,31233.91
106250,20230424,186,2,12,4,11,576.14,6337.54,316.88,6020.66,3067.6
106251,20240728,5,10,6,10,2,4677.47,9354.94,0.0,9354.94,4010.57
106252,20251017,162,10,24,3,20,4677.47,93549.4,9354.94,84194.46,30064.75
106253,20230219,37,4,9,3,3,4210.9,12632.7,0.0,12632.7,4505.5
106254,20230417,199,11,16,7,1,4866.69,4866.69,243.33,4623.36,2397.59
106255,20240710,222,6,10,8,17,8457.66,143780.22,0.0,143780.22,78396.83
106256,20230128,21,5,2,9,1,12606.96,12606.96,0.0,12606.96,5452.12
106257,20250104,129,10,15,8,13,4677.47,60807.11,3040.36,57766.75,22656.77
106258,20250621,180,3,12,7,14,1648.77,23082.78,0.0,23082.78,12665.63
106259,20231018,145,7,14,8,5,11044.9,55224.5,0.0,55224.5,23990.1
106260,20230620,99,9,2,4,16,2112.21,33795.36,1689.77,32105.59,15978.82
106261,20230702,260,2,6,6,4,576.14,2304.56,230.46,2074.1,885.25
106262,20231229,191,1,18,10,4,7004.72,28018.88,0.0,28018.88,11655.3
106263,20230216,158,4,4,3,11,4210.9,46319.9,6947.98,39371.92,17238.54
106264,20230525,255,5,3,3,14,12606.96,176497.44,17649.74,158847.7,70878.71
106265,20250918,199,4,25,7,4,4210.9,16843.6,842.18,16001.42,7811.19
106266,20240413,81,12,8,4,4,1192.37,4769.48,238.47,4531.01,1950.15
106267,20230429,84,6,10,2,13,8457.66,109949.58,0.0,109949.58,49694.92
106268,20240822,143,7,19,10,14,11044.9,154628.6,0.0,154628.6,77656.96
106269,20251031,93,5,22,10,10,12606.96,126069.6,0.0,126069.6,60873.38
106270,20240411,95,9,25,6,3,2112.21,6336.63,950.49,5386.14,2807.45
106271,20240510,228,11,5,7,9,4866.69,43800.21,6570.03,37230.18,18115.08
106272,20240725,253,12,20,6,6,1192.37,7154.22,715.42,6438.8,2842.81
106273,20241026,295,2,23,3,9,576.14,5185.26,777.79,4407.47,1806.48
106274,20251221,295,5,1,3,1,12606.96,12606.96,630.35,11976.61,4933.25
106275,20241126,279,5,13,7,8,12606.96,100855.68,15128.35,85727.33,43644.77
106276,20231113,149,9,24,10,17,2112.21,35907.57,1795.38,34112.19,12064.01
106277,20250903,125,8,13,3,16,8152.69,130443.04,6522.15,123920.89,49683.44
106278,20250820,106,8,17,2,2,8152.69,16305.38,0.0,16305.38,6601.02
106279,20231031,180,2,19,7,4,576.14,2304.56,345.68,1958.88,863.7
106280,20250517,65,9,19,5,15,2112.21,31683.15,0.0,31683.15,13846.91
106281,20250726,222,7,23,8,13,11044.9,143583.7,14358.37,129225.33,63115.52
106282,20230617,62,10,7,4,12,4677.47,56129.64,0.0,56129.64,29059.48
106283,20230916,176,10,22,10,20,4677.47,93549.4,0.0,93549.4,41130.39
106284,20251013,8,9,12,10,14,2112.21,29570.94,2957.09,26613.85,11696.79
106285,20230828,14,11,12,4,14,4866.69,68133.66,6813.37,61320.29,24068.91
106286,20250501,249,1,22,3,10,7004.72,70047.2,10507.08,59540.12,30188.0
106287,20250904,247,2,9,10,2,576.14,1152.28,0.0,1152.28,507.07
106288,20250816,29,3,12,1,1,1648.77,1648.77,164.88,1483.89,626.19
106289,20240731,132,10,10,7,2,4677.47,9354.94,467.75,8887.19,4504.45
106290,20241018,235,6,5,8,12,8457.66,101491.92,0.0,101491.92,48308.74
106291,20251001,133,5,24,7,18,12606.96,226925.28,0.0,226925.28,94701.92
106292,20241120,243,7,25,10,14,11044.9,154628.6,0.0,154628.6,79728.84
106293,20240710,95,1,23,6,11,7004.72,77051.92,0.0,77051.92,35679.55
106294,20241130,111,1,22,7,15,7004.72,105070.8,0.0,105070.8,56287.18
106295,20250820,67,9,21,1,5,2112.21,10561.05,528.05,10033.0,4658.89
106296,20251105,285,8,2,3,18,8152.69,146748.42,7337.42,139411.0,56397.39
106297,20231119,219,7,1,9,8,11044.9,88359.2,4417.96,83941.24,36492.1
106298,20230305,96,8,14,5,10,8152.69,81526.9,0.0,81526.9,31346.76
106299,20240807,101,12,12,5,2,1192.37,2384.74,0.0,2384.74,1064.52
106300,20250326,53,7,12,4,8,11044.9,88359.2,4417.96,83941.24,43996.46
106301,20250814,270,5,5,10,9,12606.96,113462.64,5673.13,107789.51,46782.27
106302,20240812,289,2,19,8,4,576.14,2304.56,0.0,2304.56,1242.09
106303,20250527,298,6,1,4,16,8457.66,135322.56,13532.26,121790.3,50984.03
106304,20231227,177,1,4,2,13,7004.72,91061.36,4553.07,86508.29,36310.7
106305,20250902,272,1,16,6,20,7004.72,140094.4,7004.72,133089.68,52122.17
106306,20250906,24,1,17,4,3,7004.72,21014.16,0.0,21014.16,10524.79
106307,20240922,297,1,5,9,7,7004.72,49033.04,7354.96,41678.08,18591.13
106308,20240419,92,7,19,8,6,11044.9,66269.4,6626.94,59642.46,24199.43
106309,20240730,51,9,1,3,3,2112.21,6336.63,633.66,5702.97,2763.36
106310,20241222,61,2,21,7,6,576.14,3456.84,172.84,3284.0,1346.79
106311,20240622,21,4,3,9,4,4210.9,16843.6,842.18,16001.42,7371.21
106312,20230713,135,7,12,2,19,11044.9,209853.1,0.0,209853.1,114465.83
106313,20231025,15,4,8,6,19,4210.9,80007.1,8000.71,72006.39,35993.79
106314,20230502,189,10,13,1,14,4677.47,65484.58,6548.46,58936.12,28245.77
106315,20240603,79,4,19,8,10,4210.9,42109.0,4210.9,37898.1,17490.92
106316,20240301,247,6,22,10,10,8457.66,84576.6,12686.49,71890.11,32780.47
106317,20240906,198,4,16,7,16,4210.9,67374.4,0.0,67374.4,32040.68
106318,20241026,28,12,8,4,1,1192.37,1192.37,119.24,1073.13,532.49
106319,20250707,244,3,22,10,3,1648.77,4946.31,989.26,3957.05,1840.39
106320,20230602,206,3,12,3,2,1648.77,3297.54,494.63,2802.91,1166.01
106321,20240210,81,7,15,4,20,11044.9,220898.0,11044.9,209853.1,85113.09
106322,20240917,262,4,23,2,15,4210.9,63163.5,0.0,63163.5,34160.96
106323,20250802,250,10,8,8,17,4677.47,79516.99,11927.55,67589.44,30773.46
106324,20240703,41,3,17,9,14,1648.77,23082.78,1154.14,21928.64,9896.07
106325,20250910,132,8,18,7,13,8152.69,105984.97,15897.75,90087.22,33034.35
106326,20240826,10,8,13,3,6,8152.69,48916.14,2445.81,46470.33,24315.14
106327,20250219,161,3,24,7,10,1648.77,16487.7,0.0,16487.7,6815.17
106328,20240327,39,11,17,9,2,4866.69,9733.38,0.0,9733.38,3962.77
106329,20240624,40,12,1,2,15,1192.37,17885.55,1788.56,16096.99,7458.63
106330,20231003,144,4,23,5,8,4210.9,33687.2,1684.36,32002.84,17527.18
106331,20240104,217,6,15,3,17,8457.66,143780.22,21567.03,122213.19,49890.0
106332,20250321,114,6,11,6,1,8457.66,8457.66,0.0,8457.66,3314.58
106333,20240304,33,11,3,10,1,4866.69,4866.69,730.0,4136.69,2042.93
106334,20251112,155,6,13,10,15,8457.66,126864.9,12686.49,114178.41,61756.63
106335,20230707,113,8,2,8,2,8152.69,16305.38,1630.54,14674.84,7237.12
106336,20250802,141,10,7,4,3,4677.47,14032.41,2104.86,11927.55,5250.53
106337,20250429,15,8,8,6,1,8152.69,8152.69,0.0,8152.69,3022.45
106338,20250630,110,8,7,5,8,8152.69,65221.52,6522.15,58699.37,26192.53
106339,20230401,43,1,4,1,10,7004.72,70047.2,3502.36,66544.84,28797.03
106340,20230607,283,10,6,3,6,4677.47,28064.82,4209.72,23855.1,11580.54
106341,20240618,8,1,14,10,3,7004.72,21014.16,0.0,21014.16,8957.36
106342,20240706,219,7,2,9,6,11044.9,66269.4,9940.41,56328.99,23242.38
106343,20230624,139,4,11,2,18,4210.9,75796.2,7579.62,68216.58,35261.69
106344,20250822,43,2,18,1,1,576.14,576.14,115.23,460.91,164.32
106345,20240912,174,1,3,7,11,7004.72,77051.92,7705.19,69346.73,37068.93
106346,20230819,293,6,20,2,14,8457.66,118407.24,0.0,118407.24,64274.41
106347,20250913,208,10,25,4,7,4677.47,32742.29,3274.23,29468.06,14455.75
106348,20240715,254,8,20,7,14,8152.69,114137.66,5706.88,108430.78,56326.46
106349,20240609,258,6,13,6,5,8457.66,42288.3,0.0,42288.3,17760.56
106350,20240713,87,3,10,10,13,1648.77,21434.01,3215.1,18218.91,9135.41
106351,20250303,135,11,24,2,17,4866.69,82733.73,4136.69,78597.04,29232.27
106352,20251004,173,5,4,2,17,12606.96,214318.32,0.0,214318.32,108324.0
106353,20230812,60,5,18,2,18,12606.96,226925.28,22692.53,204232.75,75449.19
106354,20230424,189,9,1,1,3,2112.21,6336.63,316.83,6019.8,2914.98
106355,20241107,182,8,2,10,18,8152.69,146748.42,0.0,146748.42,65799.19
106356,20250220,167,1,9,7,9,7004.72,63042.48,6304.25,56738.23,20895.65
106357,20240904,143,12,5,10,20,1192.37,23847.4,4769.48,19077.92,7671.53
106358,20231024,208,8,21,4,1,8152.69,8152.69,407.63,7745.06,2804.62
106359,20241210,23,2,11,9,4,576.14,2304.56,0.0,2304.56,1114.98
106360,20250430,91,7,17,6,9,11044.9,99404.1,14910.61,84493.49,45581.97
106361,20250628,23,5,5,9,9,12606.96,113462.64,0.0,113462.64,56178.06
106362,20251031,60,5,5,2,1,12606.96,12606.96,630.35,11976.61,5107.19
106363,20230610,225,11,1,9,2,4866.69,9733.38,486.67,9246.71,3380.24
106364,20240626,113,7,12,8,19,11044.9,209853.1,10492.66,199360.44,96557.97
106365,20240407,240,7,14,3,4,11044.9,44179.6,4417.96,39761.64,16404.77
106366,20230906,236,2,11,6,2,576.14,1152.28,0.0,1152.28,517.22
106367,20230129,42,12,15,6,12,1192.37,14308.44,1430.84,12877.6,4792.74
106368,20230113,3,8,16,3,18,8152.69,146748.42,0.0,146748.42,66239.41
106369,20250123,186,8,14,4,4,8152.69,32610.76,1630.54,30980.22,13494.33
106370,20250916,247,1,14,10,14,7004.72,98066.08,4903.3,93162.78,45427.27
106371,20231123,91,9,25,6,8,2112.21,16897.68,0.0,16897.68,8834.56
106372,20240614,106,1,21,2,19,7004.72,133089.68,13308.97,119780.71,44576.27
106373,20231121,232,3,24,6,12,1648.77,19785.24,989.26,18795.98,8588.77
106374,20240206,217,8,9,3,2,8152.69,16305.38,2445.81,13859.57,6729.85
106375,20230729,88,11,25,6,2,4866.69,9733.38,0.0,9733.38,4543.54
106376,20240702,147,12,15,10,13,1192.37,15500.81,775.04,14725.77,7649.64
106377,20230301,47,3,22,6,6,1648.77,9892.62,0.0,9892.62,4263.73
106378,20230922,32,9,7,4,14,2112.21,29570.94,0.0,29570.94,10435.92
106379,20230320,77,6,16,4,2,8457.66,16915.32,1691.53,15223.79,7916.07
106380,20231211,25,12,21,7,13,1192.37,15500.81,1550.08,13950.73,6159.75
106381,20240408,191,6,20,10,12,8457.66,101491.92,15223.79,86268.13,40938.51
106382,20241013,64,7,15,9,13,11044.9,143583.7,14358.37,129225.33,56486.79
106383,20250426,78,10,13,8,12,4677.47,56129.64,2806.48,53323.16,22892.35
106384,20240130,198,1,5,7,12,7004.72,84056.64,0.0,84056.64,43906.57
106385,20251117,250,4,5,8,2,4210.9,8421.8,421.09,8000.71,3084.74
106386,20240719,185,1,18,5,1,7004.72,7004.72,0.0,7004.72,2827.43
106387,20250618,287,8,7,4,18,8152.69,146748.42,7337.42,139411.0,51495.66
106388,20240214,148,2,25,3,2,576.14,1152.28,230.46,921.82,440.58
106389,20250614,200,6,18,5,10,8457.66,84576.6,4228.83,80347.77,44067.56
106390,20240508,289,4,1,8,1,4210.9,4210.9,0.0,4210.9,1526.01
106391,20241003,213,1,23,4,18,7004.72,126084.96,6304.25,119780.71,62348.01
106392,20251013,20,7,9,6,19,11044.9,209853.1,31477.97,178375.13,86805.96
106393,20250821,191,10,1,10,10,4677.47,46774.7,0.0,46774.7,24636.96
106394,20230415,162,12,18,3,8,1192.37,9538.96,0.0,9538.96,4235.09
106395,20230917,251,11,17,4,19,4866.69,92467.11,0.0,92467.11,48060.01
106396,20250521,135,6,4,2,7,8457.66,59203.62,0.0,59203.62,31899.5
106397,20230408,165,11,2,10,4,4866.69,19466.76,2920.01,16546.75,7596.35
106398,20241102,252,6,10,1,16,8457.66,135322.56,0.0,135322.56,62035.0
106399,20230101,278,5,6,2,16,12606.96,201711.36,0.0,201711.36,86042.36
106400,20251111,85,9,11,4,1,2112.21,2112.21,105.61,2006.6,840.55
106401,20240403,95,1,12,6,5,7004.72,35023.6,7004.72,28018.88,11828.05
106402,20241016,190,1,4,4,7,7004.72,49033.04,0.0,49033.04,19641.58
106403,20230615,48,8,18,5,17,8152.69,138595.73,6929.79,131665.94,66116.56
106404,20241208,7,12,12,2,4,1192.37,4769.48,0.0,4769.48,2494.87
106405,20230904,272,11,9,6,3,4866.69,14600.07,730.0,13870.07,5850.0
106406,20230709,149,2,5,10,1,576.14,576.14,115.23,460.91,247.63
106407,20230107,253,5,21,6,2,12606.96,25213.92,5042.78,20171.14,10024.96
106408,20250204,35,6,14,5,19,8457.66,160695.54,8034.78,152660.76,79012.89
106409,20240318,79,8,14,8,20,8152.69,163053.8,0.0,163053.8,82319.42
106410,20240627,230,4,17,2,15,4210.9,63163.5,6316.35,56847.15,22205.23
106411,20231105,190,3,7,4,20,1648.77,32975.4,0.0,32975.4,17996.39
106412,20250121,212,4,14,10,2,4210.9,8421.8,421.09,8000.71,3038.21
106413,20230910,105,8,7,4,20,8152.69,163053.8,16305.38,146748.42,69431.08
106414,20231008,161,9,3,7,19,2112.21,40131.99,0.0,40131.99,17499.59
106415,20240811,98,7,10,4,7,11044.9,77314.3,15462.86,61851.44,25976.92
106416,20240204,44,11,10,1,11,4866.69,53533.59,5353.36,48180.23,22607.9
106417,20240727,191,7,18,10,4,11044.9,44179.6,0.0,44179.6,22126.45
106418,20241016,56,5,13,2,8,12606.96,100855.68,10085.57,90770.11,48636.2
106419,20230809,274,8,20,3,18,8152.69,146748.42,7337.42,139411.0,73257.9
106420,20240412,123,11,25,8,2,4866.69,9733.38,0.0,9733.38,3421.93
106421,20231115,108,4,8,8,17,4210.9,71585.3,3579.27,68006.03,34124.08
106422,20230801,292,7,1,5,5,11044.9,55224.5,0.0,55224.5,26072.4
106423,20231111,254,1,9,7,1,7004.72,7004.72,0.0,7004.72,2886.41
106424,20250610,195,7,17,9,10,11044.9,110449.0,5522.45,104926.55,53759.76
106425,20231109,200,1,24,5,6,7004.72,42028.32,2101.42,39926.9,17780.5
106426,20251102,215,7,7,5,14,11044.9,154628.6,7731.43,146897.17,61900.21
106427,20250921,100,9,2,8,18,2112.21,38019.78,3801.98,34217.8,18656.24
106428,20231029,104,4,2,7,19,4210.9,80007.1,4000.36,76006.74,28021.67
106429,20231214,151,8,16,3,2,8152.69,16305.38,815.27,15490.11,6867.42
106430,20230723,269,12,13,9,5,1192.37,5961.85,0.0,5961.85,2758.48
106431,20250427,97,7,15,8,17,11044.9,187763.3,28164.49,159598.81,77743.63
106432,20251101,35,7,18,5,19,11044.9,209853.1,0.0,209853.1,74026.59
106433,20250328,259,11,17,2,3,4866.69,14600.07,2190.01,12410.06,4739.72
106434,20230407,160,12,6,3,12,1192.37,14308.44,0.0,14308.44,6930.96
106435,20250211,166,9,1,9,14,2112.21,29570.94,1478.55,28092.39,10254.16
106436,20250709,69,3,21,4,10,1648.77,16487.7,0.0,16487.7,7785.97
106437,20250723,227,1,7,7,4,7004.72,28018.88,0.0,28018.88,10155.66
106438,20240310,136,9,24,3,1,2112.21,2112.21,105.61,2006.6,1069.16
106439,20241209,133,5,17,7,15,12606.96,189104.4,9455.22,179649.18,64477.03
106440,20240710,274,4,7,3,9,4210.9,37898.1,1894.9,36003.2,18332.22
106441,20250211,235,12,21,8,5,1192.37,5961.85,0.0,5961.85,2304.61
106442,20240319,36,11,17,10,1,4866.69,4866.69,243.33,4623.36,2008.85
106443,20250429,153,1,11,2,20,7004.72,140094.4,21014.16,119080.24,53027.26
106444,20240913,114,11,1,6,17,4866.69,82733.73,4136.69,78597.04,36245.53
106445,20240309,228,9,6,7,11,2112.21,23234.31,2323.43,20910.88,10835.83
106446,20250617,55,3,14,4,17,1648.77,28029.09,1401.45,26627.64,9442.82
106447,20230614,171,6,16,6,18,8457.66,152237.88,30447.58,121790.3,45024.19
106448,20250619,103,12,3,10,10,1192.37,11923.7,1192.37,10731.33,5844.44
106449,20230902,245,11,11,7,13,4866.69,63266.97,12653.39,50613.58,20448.9
106450,20240718,130,4,7,10,4,4210.9,16843.6,842.18,16001.42,7343.43
106451,20250709,116,12,2,4,12,1192.37,14308.44,715.42,13593.02,6434.01
106452,20250416,223,3,2,10,17,1648.77,28029.09,0.0,28029.09,9888.85
106453,20250621,267,5,23,1,13,12606.96,163890.48,0.0,163890.48,57805.9
106454,20230824,171,8,15,6,10,8152.69,81526.9,4076.34,77450.56,33089.9
106455,20230828,249,9,22,3,11,2112.21,23234.31,2323.43,20910.88,8753.06
106456,20230914,162,6,22,3,10,8457.66,84576.6,0.0,84576.6,35253.22
106457,20250514,206,8,6,3,20,8152.69,163053.8,0.0,163053.8,76866.87
106458,20250806,83,3,23,5,14,1648.77,23082.78,1154.14,21928.64,8864.91
106459,20250606,13,2,11,2,9,576.14,5185.26,0.0,5185.26,2350.75
106460,20250616,120,9,14,9,18,2112.21,38019.78,1900.99,36118.79,19786.03
106461,20231004,104,9,22,7,20,2112.21,42244.2,2112.21,40131.99,15152.45
106462,20250103,130,7,21,10,17,11044.9,187763.3,18776.33,168986.97,65455.95
106463,20250424,221,2,2,1,8,576.14,4609.12,0.0,4609.12,1956.96
106464,20240704,284,1,18,9,10,7004.72,70047.2,0.0,70047.2,33648.2
106465,20230612,157,10,6,8,14,4677.47,65484.58,0.0,65484.58,25955.66
106466,20250118,3,11,13,3,2,4866.69,9733.38,0.0,9733.38,3556.87
106467,20250526,212,5,13,10,2,12606.96,25213.92,1260.7,23953.22,10462.48
106468,20240806,19,10,3,1,1,4677.47,4677.47,0.0,4677.47,1736.63
106469,20250314,183,11,19,5,11,4866.69,53533.59,0.0,53533.59,28830.7
106470,20240524,20,1,4,6,16,7004.72,112075.52,16811.33,95264.19,49904.87
106471,20250330,67,11,24,1,16,4866.69,77867.04,7786.7,70080.34,36612.71
106472,20231117,3,11,11,3,6,4866.69,29200.14,2920.01,26280.13,9884.13
106473,20251103,235,11,7,8,2,4866.69,9733.38,486.67,9246.71,5008.55
106474,20231120,56,7,13,2,12,11044.9,132538.8,13253.88,119284.92,63244.38
106475,20230806,24,12,15,4,2,1192.37,2384.74,119.24,2265.5,1100.47
106476,20250407,34,2,16,6,3,576.14,1728.42,0.0,1728.42,920.51
106477,20230102,76,6,2,3,1,8457.66,8457.66,422.88,8034.78,3095.23
106478,20250727,216,5,8,3,10,12606.96,126069.6,12606.96,113462.64,54379.46
106479,20250427,174,3,14,7,12,1648.77,19785.24,0.0,19785.24,8190.62
106480,20240130,146,8,16,6,9,8152.69,73374.21,0.0,73374.21,40296.65
106481,20230131,81,9,12,4,19,2112.21,40131.99,6019.8,34112.19,13250.85
106482,20251017,176,6,20,10,18,8457.66,152237.88,7611.89,144625.99,59771.82
106483,20240119,31,5,24,2,3,12606.96,37820.88,3782.09,34038.79,17915.32
106484,20231202,272,12,6,6,8,1192.37,9538.96,0.0,9538.96,4983.59
106485,20250328,141,12,8,4,1,1192.37,1192.37,178.86,1013.51,404.61
106486,20231002,254,8,23,7,9,8152.69,73374.21,0.0,73374.21,37047.2
106487,20240410,117,12,5,4,19,1192.37,22655.03,2265.5,20389.53,8543.42
106488,20250724,269,7,16,9,10,11044.9,110449.0,16567.35,93881.65,33868.6
106489,20250825,233,3,9,7,13,1648.77,21434.01,2143.4,19290.61,10276.15
106490,20250911,77,12,17,4,7,1192.37,8346.59,834.66,7511.93,3073.61
106491,20230121,210,8,21,4,3,8152.69,24458.07,0.0,24458.07,11477.86
106492,20250624,287,5,10,4,6,12606.96,75641.76,3782.09,71859.67,27522.88
106493,20240522,34,7,21,6,9,11044.9,99404.1,0.0,99404.1,37349.63
106494,20230917,217,6,17,3,12,8457.66,101491.92,20298.38,81193.54,36047.23
106495,20230414,93,5,17,10,19,12606.96,239532.24,0.0,239532.24,100238.85
106496,20250114,241,10,19,1,19,4677.47,88871.93,0.0,88871.93,44738.47
106497,20251218,134,4,9,5,12,4210.9,50530.8,7579.62,42951.18,18041.88
106498,20230828,76,4,10,3,7,4210.9,29476.3,4421.44,25054.86,10148.39
106499,20250815,14,9,25,4,1,2112.21,2112.21,105.61,2006.6,964.1
106500,20230526,123,10,11,8,20,4677.47,93549.4,4677.47,88871.93,35347.03
106501,20250710,277,12,21,5,9,1192.37,10731.33,1609.7,9121.63,4322.52
106502,20250825,108,12,24,8,4,1192.37,4769.48,0.0,4769.48,1825.32
106503,20230726,37,3,13,3,10,1648.77,16487.7,824.39,15663.31,5778.7
106504,20251112,41,6,9,9,9,8457.66,76118.94,7611.89,68507.05,37331.92
106505,20251031,299,4,25,6,15,4210.9,63163.5,3158.18,60005.32,26471.1
106506,20250925,30,6,1,9,15,8457.66,126864.9,0.0,126864.9,53816.77
106507,20230210,206,3,13,3,7,1648.77,11541.39,0.0,11541.39,4973.56
106508,20240606,104,3,14,7,11,1648.77,18136.47,906.82,17229.65,6041.81
106509,20251012,269,1,9,9,16,7004.72,112075.52,0.0,112075.52,50734.89
106510,20240509,226,10,17,2,16,4677.47,74839.52,3741.98,71097.54,29559.68
106511,20240126,223,4,13,10,19,4210.9,80007.1,8000.71,72006.39,36878.23
106512,20240907,186,5,9,4,4,12606.96,50427.84,7564.18,42863.66,21916.18
106513,20240404,260,6,15,6,19,8457.66,160695.54,0.0,160695.54,61564.98
106514,20231028,10,2,14,3,12,576.14,6913.68,0.0,6913.68,3253.96
106515,20241004,85,8,10,4,15,8152.69,122290.35,18343.55,103946.8,47678.22
106516,20251008,51,6,21,3,11,8457.66,93034.26,9303.43,83730.83,32538.93
106517,20240224,37,11,15,3,19,4866.69,92467.11,13870.07,78597.04,31088.59
106518,20240312,153,8,11,2,13,8152.69,105984.97,15897.75,90087.22,42633.97
106519,20250516,49,8,13,4,12,8152.69,97832.28,4891.61,92940.67,35178.01
106520,20230211,11,1,6,9,16,7004.72,112075.52,5603.78,106471.74,43817.21
106521,20241231,268,11,25,2,15,4866.69,73000.35,0.0,73000.35,25623.1
106522,20230905,65,6,8,5,17,8457.66,143780.22,21567.03,122213.19,44080.03
106523,20250513,99,2,20,4,1,576.14,576.14,0.0,576.14,226.51
106524,20251012,197,10,7,2,6,4677.47,28064.82,2806.48,25258.34,11202.9
106525,20231210,255,5,22,3,13,12606.96,163890.48,16389.05,147501.43,56905.64
106526,20251121,244,6,7,10,3,8457.66,25372.98,0.0,25372.98,13355.18
106527,20231201,134,4,18,5,16,4210.9,67374.4,0.0,67374.4,32425.0
106528,20250629,167,8,20,7,7,8152.69,57068.83,5706.88,51361.95,21166.06
106529,20240905,129,11,20,8,9,4866.69,43800.21,4380.02,39420.19,20098.7
106530,20250208,139,6,22,2,19,8457.66,160695.54,32139.11,128556.43,64528.93
106531,20250226,91,11,9,6,7,4866.69,34066.83,1703.34,32363.49,11368.27
106532,20231016,253,8,22,6,3,8152.69,24458.07,2445.81,22012.26,9687.45
106533,20240413,212,9,11,10,1,2112.21,2112.21,105.61,2006.6,725.9
106534,20230813,278,3,12,2,3,1648.77,4946.31,247.32,4698.99,1756.09
106535,20230304,99,2,21,4,18,576.14,10370.52,518.53,9851.99,3705.49
106536,20230208,245,6,19,7,4,8457.66,33830.64,0.0,33830.64,17447.62
106537,20250203,213,7,3,4,20,11044.9,220898.0,11044.9,209853.1,90338.56
106538,20250729,193,1,3,3,11,7004.72,77051.92,0.0,77051.92,31133.87
106539,20240711,1,2,1,9,6,576.14,3456.84,0.0,3456.84,1467.11
106540,20250717,194,12,10,4,15,1192.37,17885.55,0.0,17885.55,9279.59
106541,20250319,186,12,15,4,7,1192.37,8346.59,834.66,7511.93,3512.5
106542,20250903,246,5,3,9,2,12606.96,25213.92,0.0,25213.92,11009.51
106543,20241026,11,12,5,9,8,1192.37,9538.96,0.0,9538.96,4506.12
106544,20240831,219,12,6,9,4,1192.37,4769.48,0.0,4769.48,2132.18
106545,20230217,215,2,13,5,11,576.14,6337.54,0.0,6337.54,3279.62
106546,20250805,113,1,11,8,7,7004.72,49033.04,4903.3,44129.74,23157.04
106547,20231204,279,10,1,7,16,4677.47,74839.52,7483.95,67355.57,24521.49
106548,20250505,77,10,7,4,2,4677.47,9354.94,1403.24,7951.7,4060.27
106549,20250212,58,6,2,3,16,8457.66,135322.56,0.0,135322.56,70157.4
106550,20250603,204,2,13,8,20,576.14,11522.8,0.0,11522.8,5031.93
106551,20250730,30,6,19,9,2,8457.66,16915.32,0.0,16915.32,6325.06
106552,20250819,227,10,14,7,7,4677.47,32742.29,0.0,32742.29,15226.84
106553,20240806,212,8,2,10,19,8152.69,154901.11,23235.17,131665.94,56280.41
106554,20230410,282,8,9,4,20,8152.69,163053.8,8152.69,154901.11,56360.04
106555,20231101,77,10,17,4,8,4677.47,37419.76,0.0,37419.76,18107.66
106556,20250930,278,9,10,2,16,2112.21,33795.36,1689.77,32105.59,14853.24
106557,20251107,259,3,9,2,7,1648.77,11541.39,577.07,10964.32,5200.86
106558,20251223,201,9,22,8,14,2112.21,29570.94,5914.19,23656.75,10394.74
106559,20240603,258,3,23,6,8,1648.77,13190.16,0.0,13190.16,6672.49
106560,20230315,292,12,15,5,3,1192.37,3577.11,536.57,3040.54,1220.68
106561,20241112,182,1,4,10,7,7004.72,49033.04,7354.96,41678.08,21271.34
106562,20240318,197,8,5,2,3,8152.69,24458.07,0.0,24458.07,10162.47
106563,20250702,268,2,9,2,1,576.14,576.14,28.81,547.33,290.77
106564,20240109,151,7,10,3,20,11044.9,220898.0,11044.9,209853.1,108390.02
106565,20230901,123,8,3,8,14,8152.69,114137.66,11413.77,102723.89,37102.57
106566,20240724,86,11,7,7,4,4866.69,19466.76,0.0,19466.76,9032.81
106567,20240427,241,9,3,1,8,2112.21,16897.68,0.0,16897.68,8123.26
106568,20230509,187,2,17,10,3,576.14,1728.42,172.84,1555.58,663.05
106569,20230217,14,5,15,4,20,12606.96,252139.2,0.0,252139.2,110044.08
106570,20240917,145,10,9,8,2,4677.47,9354.94,935.49,8419.45,4095.82
106571,20230513,169,2,20,8,8,576.14,4609.12,230.46,4378.66,2327.51
106572,20251009,287,10,3,4,3,4677.47,14032.41,701.62,13330.79,6493.92
106573,20250607,274,10,2,3,1,4677.47,4677.47,233.87,4443.6,2305.24
106574,20250522,26,11,14,5,17,4866.69,82733.73,0.0,82733.73,44864.15
106575,20240819,158,2,14,3,14,576.14,8065.96,1209.89,6856.07,2932.67
106576,20230730,245,8,22,7,5,8152.69,40763.45,4076.34,36687.11,14882.54
106577,20230105,210,8,2,4,18,8152.69,146748.42,29349.68,117398.74,49126.35
106578,20251128,177,9,5,2,9,2112.21,19009.89,3801.98,15207.91,5358.2
106579,20250909,249,12,22,3,19,1192.37,22655.03,4531.01,18124.02,7511.68
106580,20250918,91,5,1,6,2,12606.96,25213.92,0.0,25213.92,9819.79
106581,20250118,34,12,17,6,14,1192.37,16693.18,0.0,16693.18,7002.95
106582,20250610,92,3,22,8,10,1648.77,16487.7,824.39,15663.31,7467.23
106583,20250816,215,5,21,5,4,12606.96,50427.84,2521.39,47906.45,22418.26
106584,20241210,260,4,6,6,12,4210.9,50530.8,0.0,50530.8,23472.45
106585,20230619,6,3,13,9,8,1648.77,13190.16,0.0,13190.16,7075.9
106586,20231002,75,8,25,1,16,8152.69,130443.04,13044.3,117398.74,52206.63
106587,20251224,168,10,10,10,6,4677.47,28064.82,1403.24,26661.58,10250.33
106588,20250108,190,5,7,4,9,12606.96,113462.64,0.0,113462.64,57590.0
106589,20230707,124,9,21,10,1,2112.21,2112.21,0.0,2112.21,871.65
106590,20241125,245,7,20,7,9,11044.9,99404.1,9940.41,89463.69,43339.8
106591,20250129,53,4,20,4,18,4210.9,75796.2,7579.62,68216.58,28821.54
106592,20250124,128,3,7,8,16,1648.77,26380.32,0.0,26380.32,11893.52
106593,20240317,254,4,4,7,15,4210.9,63163.5,0.0,63163.5,24214.8
106594,20241016,77,11,23,4,8,4866.69,38933.52,0.0,38933.52,15454.49
106595,20231024,50,12,7,7,19,1192.37,22655.03,0.0,22655.03,11292.01
106596,20250604,167,7,6,7,18,11044.9,198808.2,0.0,198808.2,77426.98
106597,20240401,192,1,1,1,14,7004.72,98066.08,9806.61,88259.47,46012.94
106598,20241029,167,12,17,7,2,1192.37,2384.74,476.95,1907.79,784.03
106599,20251127,88,10,10,6,2,4677.47,9354.94,467.75,8887.19,4316.93
106600,20231123,266,7,6,1,12,11044.9,132538.8,13253.88,119284.92,54192.74
106601,20240104,296,4,24,8,15,4210.9,63163.5,0.0,63163.5,27511.16
106602,20231119,185,9,15,5,7,2112.21,14785.47,0.0,14785.47,6723.18
106603,20250122,181,9,5,10,5,2112.21,10561.05,528.05,10033.0,5028.0
106604,20230619,210,8,12,4,1,8152.69,8152.69,0.0,8152.69,3456.89
106605,20231005,231,12,1,3,7,1192.37,8346.59,834.66,7511.93,3781.47
106606,20240807,228,8,11,7,13,8152.69,105984.97,15897.75,90087.22,41346.79
106607,20250513,109,12,16,8,3,1192.37,3577.11,0.0,3577.11,1566.47
106608,20250825,5,9,1,10,11,2112.21,23234.31,0.0,23234.31,8988.48
106609,20230604,91,12,5,6,8,1192.37,9538.96,1907.79,7631.17,3997.03
106610,20250310,170,8,23,3,12,8152.69,97832.28,9783.23,88049.05,44191.23
106611,20250923,200,5,10,5,11,12606.96,138676.56,0.0,138676.56,65906.41
106612,20250224,80,3,5,8,1,1648.77,1648.77,82.44,1566.33,822.88
106613,20240225,144,7,9,5,9,11044.9,99404.1,9940.41,89463.69,33665.38
106614,20250302,63,4,17,10,2,4210.9,8421.8,421.09,8000.71,3694.73
106615,20250209,23,12,14,9,19,1192.37,22655.03,1132.75,21522.28,10340.13
106616,20240622,175,2,2,9,13,576.14,7489.82,748.98,6740.84,3072.85
106617,20251128,78,10,5,8,3,4677.47,14032.41,0.0,14032.41,7645.86
106618,20251123,194,1,10,4,6,7004.72,42028.32,2101.42,39926.9,16955.01
106619,20251011,55,1,8,4,14,7004.72,98066.08,9806.61,88259.47,42081.71
106620,20250107,193,10,11,3,14,4677.47,65484.58,9822.69,55661.89,22999.25
106621,20230312,298,7,20,4,10,11044.9,110449.0,0.0,110449.0,43390.05
106622,20231211,281,9,18,7,20,2112.21,42244.2,2112.21,40131.99,20415.92
106623,20230104,281,9,25,7,17,2112.21,35907.57,5386.14,30521.43,15337.18
106624,20251211,36,2,1,10,15,576.14,8642.1,0.0,8642.1,4054.6
106625,20231224,105,12,13,4,1,1192.37,1192.37,0.0,1192.37,649.41
106626,20251113,16,9,21,4,11,2112.21,23234.31,4646.86,18587.45,8967.87
106627,20240809,134,5,7,5,16,12606.96,201711.36,0.0,201711.36,75154.81
106628,20240211,89,7,23,7,16,11044.9,176718.4,35343.68,141374.72,73618.86
106629,20240311,287,4,25,4,3,4210.9,12632.7,1263.27,11369.43,4151.94
106630,20251029,29,5,8,1,17,12606.96,214318.32,32147.75,182170.57,89206.32
106631,20230406,241,10,16,1,11,4677.47,51452.17,10290.43,41161.74,17500.33
106632,20240619,91,2,18,6,4,576.14,2304.56,115.23,2189.33,1186.95
106633,20230515,270,12,16,10,9,1192.37,10731.33,536.57,10194.76,4788.25
106634,20240412,54,2,6,8,13,576.14,7489.82,0.0,7489.82,3657.66
106635,20240925,199,1,7,7,2,7004.72,14009.44,0.0,14009.44,5498.74
106636,20230930,37,8,17,3,4,8152.69,32610.76,1630.54,30980.22,15497.52
106637,20240923,91,12,8,6,5,1192.37,5961.85,298.09,5663.76,2338.81
106638,20230708,41,9,11,9,20,2112.21,42244.2,4224.42,38019.78,13490.76
106639,20240323,13,5,4,2,13,12606.96,163890.48,0.0,163890.48,85730.87
106640,20231209,203,2,18,7,19,576.14,10946.66,0.0,10946.66,5089.75
106641,20240406,50,1,1,7,3,7004.72,21014.16,1050.71,19963.45,9617.64
106642,20240106,166,2,8,9,13,576.14,7489.82,1123.47,6366.35,2444.55
106643,20240204,279,11,1,7,3,4866.69,14600.07,0.0,14600.07,6420.48
106644,20230307,91,1,19,6,18,7004.72,126084.96,18912.74,107172.22,39460.22
106645,20240930,3,2,25,3,9,576.14,5185.26,0.0,5185.26,2216.71
106646,20240428,207,1,15,7,16,7004.72,112075.52,0.0,112075.52,50230.62
106647,20230316,145,6,2,8,19,8457.66,160695.54,32139.11,128556.43,45179.89
106648,20240224,180,4,8,7,7,4210.9,29476.3,0.0,29476.3,10977.18
106649,20250403,96,7,5,5,11,11044.9,121493.9,24298.78,97195.12,34711.63
106650,20240711,194,2,16,4,8,576.14,4609.12,0.0,4609.12,2437.64
106651,20230602,174,2,7,7,8,576.14,4609.12,460.91,4148.21,1476.2
106652,20250321,227,4,2,7,19,4210.9,80007.1,8000.71,72006.39,37112.5
106653,20231103,151,1,16,3,10,7004.72,70047.2,0.0,70047.2,36319.16
106654,20241123,291,11,22,9,14,4866.69,68133.66,3406.68,64726.98,25746.58
106655,20230413,114,7,8,6,17,11044.9,187763.3,37552.66,150210.64,63446.08
106656,20240723,103,4,20,10,4,4210.9,16843.6,842.18,16001.42,8396.24
106657,20230209,6,1,18,9,10,7004.72,70047.2,0.0,70047.2,26500.44
106658,20250211,250,6,2,8,3,8457.66,25372.98,2537.3,22835.68,9958.75
106659,20240508,63,5,13,10,12,12606.96,151283.52,0.0,151283.52,78073.38
106660,20230206,116,10,9,4,12,4677.47,56129.64,8419.45,47710.19,20140.9
106661,20240817,199,12,10,7,6,1192.37,7154.22,0.0,7154.22,3222.27
106662,20230213,72,4,6,1,1,4210.9,4210.9,0.0,4210.9,2297.08
106663,20230804,268,9,20,2,1,2112.21,2112.21,105.61,2006.6,708.66
106664,20230818,250,6,2,8,15,8457.66,126864.9,25372.98,101491.92,37957.66
106665,20231127,200,8,16,5,12,8152.69,97832.28,9783.23,88049.05,35757.84
106666,20230712,201,11,6,8,5,4866.69,24333.45,2433.35,21900.1,11639.8
106667,20240804,101,12,20,5,14,1192.37,16693.18,0.0,16693.18,7638.57
106668,20251019,85,1,5,4,1,7004.72,7004.72,0.0,7004.72,3810.34
106669,20250922,42,1,8,6,13,7004.72,91061.36,9106.14,81955.22,34246.78
106670,20240805,250,7,25,8,10,11044.9,110449.0,0.0,110449.0,45095.67
106671,20231020,241,2,22,1,19,576.14,10946.66,1642.0,9304.66,5001.56
106672,20241121,112,2,10,4,12,576.14,6913.68,345.68,6568.0,2765.3
106673,20230415,26,3,21,5,20,1648.77,32975.4,4946.31,28029.09,15304.24
106674,20241217,157,8,7,8,11,8152.69,89679.59,4483.98,85195.61,45449.97
106675,20231004,230,12,5,2,19,1192.37,22655.03,0.0,22655.03,9799.8
106676,20230710,20,10,1,6,19,4677.47,88871.93,4443.6,84428.33,32242.95
106677,20241024,30,11,17,9,4,4866.69,19466.76,0.0,19466.76,8489.87
106678,20240831,227,1,5,7,7,7004.72,49033.04,2451.65,46581.39,20399.76
106679,20230819,252,1,14,1,1,7004.72,7004.72,0.0,7004.72,2960.2
106680,20241118,166,4,22,9,3,4210.9,12632.7,0.0,12632.7,6298.67
106681,20250710,216,3,6,3,18,1648.77,29677.86,0.0,29677.86,13806.13
106682,20240904,36,8,12,10,9,8152.69,73374.21,7337.42,66036.79,24383.62
106683,20240521,230,10,2,2,12,4677.47,56129.64,5612.96,50516.68,20390.17
106684,20231204,284,2,15,9,7,576.14,4032.98,201.65,3831.33,1502.87
106685,20250411,53,1,25,4,18,7004.72,126084.96,0.0,126084.96,58882.75
106686,20241225,223,2,5,10,2,576.14,1152.28,115.23,1037.05,558.46
106687,20240806,198,5,24,7,14,12606.96,176497.44,17649.74,158847.7,87365.33
106688,20250209,133,8,18,7,12,8152.69,97832.28,0.0,97832.28,40715.72
106689,20230408,285,5,12,3,2,12606.96,25213.92,2521.39,22692.53,8295.29
106690,20240918,127,10,19,8,19,4677.47,88871.93,0.0,88871.93,39432.6
106691,20230201,298,10,6,4,17,4677.47,79516.99,3975.85,75541.14,26564.57
106692,20251202,177,11,11,2,4,4866.69,19466.76,0.0,19466.76,8871.83
106693,20231110,166,11,11,9,5,4866.69,24333.45,0.0,24333.45,9420.25
106694,20250418,173,10,4,2,18,4677.47,84194.46,8419.45,75775.01,28372.97
106695,20251219,19,6,6,1,17,8457.66,143780.22,21567.03,122213.19,62556.57
106696,20230329,174,4,1,7,14,4210.9,58952.6,2947.63,56004.97,29565.69
106697,20240405,28,4,18,4,17,4210.9,71585.3,0.0,71585.3,26552.47
106698,20250601,244,8,13,10,19,8152.69,154901.11,0.0,154901.11,75549.32
106699,20230514,298,11,4,4,1,4866.69,4866.69,0.0,4866.69,2525.42
106700,20230727,297,8,2,9,20,8152.69,163053.8,0.0,163053.8,72886.22
106701,20240919,179,12,9,5,1,1192.37,1192.37,119.24,1073.13,502.46
106702,20230827,159,4,17,4,15,4210.9,63163.5,6316.35,56847.15,25249.51
106703,20240917,126,2,25,1,11,576.14,6337.54,633.75,5703.79,2421.44
106704,20251011,218,10,11,2,20,4677.47,93549.4,14032.41,79516.99,37769.48
106705,20250211,93,12,14,10,8,1192.37,9538.96,0.0,9538.96,4246.49
106706,20231209,136,4,16,3,2,4210.9,8421.8,0.0,8421.8,4399.08
106707,20230611,293,11,2,2,11,4866.69,53533.59,2676.68,50856.91,25578.88
106708,20230812,136,2,22,3,8,576.14,4609.12,0.0,4609.12,1632.6
106709,20250707,204,9,21,8,8,2112.21,16897.68,0.0,16897.68,7865.19
106710,20251104,228,7,23,7,18,11044.9,198808.2,0.0,198808.2,94754.58
106711,20250602,18,6,24,7,3,8457.66,25372.98,1268.65,24104.33,10706.14
106712,20230116,82,11,9,8,6,4866.69,29200.14,4380.02,24820.12,10810.45
106713,20240507,227,5,24,7,7,12606.96,88248.72,4412.44,83836.28,38298.3
106714,20230518,112,2,17,4,9,576.14,5185.26,0.0,5185.26,1892.69
106715,20241206,247,12,4,10,14,1192.37,16693.18,1669.32,15023.86,5687.7
106716,20230912,34,2,24,6,10,576.14,5761.4,288.07,5473.33,2928.45
106717,20231216,13,8,7,2,9,8152.69,73374.21,3668.71,69705.5,31109.23
106718,20240413,177,5,4,2,9,12606.96,113462.64,11346.26,102116.38,42350.17
106719,20241215,214,5,15,1,7,12606.96,88248.72,0.0,88248.72,32611.66
106720,20250322,263,9,11,10,19,2112.21,40131.99,0.0,40131.99,17276.21
106721,20250827,10,1,18,3,17,7004.72,119080.24,17862.04,101218.2,40862.48
106722,20240203,24,2,10,4,18,576.14,10370.52,1037.05,9333.47,4151.38
106723,20230802,208,6,14,4,1,8457.66,8457.66,422.88,8034.78,4367.67
106724,20240625,36,9,22,10,20,2112.21,42244.2,0.0,42244.2,22810.79
106725,20230923,145,5,13,8,6,12606.96,75641.76,3782.09,71859.67,36386.12
106726,20250604,34,8,7,6,9,8152.69,73374.21,7337.42,66036.79,23561.72
106727,20250725,112,7,7,4,3,11044.9,33134.7,0.0,33134.7,12890.37
106728,20230711,265,2,7,8,15,576.14,8642.1,1296.32,7345.78,3692.16
106729,20240217,267,12,1,1,10,1192.37,11923.7,0.0,11923.7,5723.22
106730,20230107,269,12,8,9,9,1192.37,10731.33,536.57,10194.76,4902.73
106731,20250402,147,8,14,10,9,8152.69,73374.21,3668.71,69705.5,34509.17
106732,20240209,288,12,14,8,18,1192.37,21462.66,2146.27,19316.39,7546.78
106733,20240423,244,11,5,10,6,4866.69,29200.14,1460.01,27740.13,14202.01
106734,20230731,286,2,12,10,12,576.14,6913.68,1037.05,5876.63,2831.55
106735,20240115,187,12,17,10,18,1192.37,21462.66,0.0,21462.66,11514.82
106736,20230630,103,7,16,10,3,11044.9,33134.7,1656.73,31477.97,15119.9
106737,20240515,258,5,3,6,16,12606.96,201711.36,20171.14,181540.22,80062.02
106738,20230128,80,9,16,8,10,2112.21,21122.1,1056.11,20065.99,7080.77
106739,20231124,212,12,22,10,9,1192.37,10731.33,536.57,10194.76,3712.84
106740,20241124,16,4,19,4,3,4210.9,12632.7,631.64,12001.06,5489.35
106741,20231222,272,9,22,6,8,2112.21,16897.68,844.88,16052.8,7653.02
106742,20241104,291,4,25,9,2,4210.9,8421.8,842.18,7579.62,4006.22
106743,20240112,230,11,17,2,4,4866.69,19466.76,0.0,19466.76,9041.04
106744,20240526,163,4,25,2,14,4210.9,58952.6,2947.63,56004.97,27768.62
106745,20240512,90,1,15,8,6,7004.72,42028.32,2101.42,39926.9,20476.27
106746,20250428,51,11,3,3,11,4866.69,53533.59,2676.68,50856.91,26846.23
106747,20231123,119,1,23,10,13,7004.72,91061.36,4553.07,86508.29,30785.85
106748,20240726,198,8,2,7,3,8152.69,24458.07,0.0,24458.07,13371.84
106749,20231105,288,1,9,8,10,7004.72,70047.2,3502.36,66544.84,36491.68
106750,20231121,20,9,7,6,14,2112.21,29570.94,0.0,29570.94,13593.75
106751,20240921,258,6,13,6,6,8457.66,50745.96,0.0,50745.96,22314.76
106752,20250521,36,8,8,10,5,8152.69,40763.45,4076.34,36687.11,16209.77
106753,20250414,13,12,14,2,7,1192.37,8346.59,417.33,7929.26,3806.3
106754,20241110,34,12,8,6,14,1192.37,16693.18,834.66,15858.52,8277.55
106755,20230411,219,6,25,9,16,8457.66,135322.56,0.0,135322.56,66254.95
106756,20240529,113,7,13,8,8,11044.9,88359.2,8835.92,79523.28,35397.84
106757,20250130,214,2,17,1,9,576.14,5185.26,0.0,5185.26,2170.19
106758,20250716,247,12,16,10,17,1192.37,20270.29,0.0,20270.29,7654.45
106759,20240720,174,9,8,7,14,2112.21,29570.94,0.0,29570.94,16104.09
106760,20251116,99,8,10,4,10,8152.69,81526.9,4076.34,77450.56,35868.45
106761,20231207,98,10,13,4,2,4677.47,9354.94,0.0,9354.94,3776.91
106762,20241026,3,3,12,3,13,1648.77,21434.01,1071.7,20362.31,7380.27
106763,20230904,246,9,6,9,20,2112.21,42244.2,0.0,42244.2,22893.01
106764,20230527,204,2,24,8,1,576.14,576.14,115.23,460.91,201.71
106765,20250421,107,3,19,6,10,1648.77,16487.7,0.0,16487.7,8520.96
106766,20251106,16,5,7,4,16,12606.96,201711.36,0.0,201711.36,95818.39
106767,20250614,282,1,17,4,13,7004.72,91061.36,0.0,91061.36,47508.23
106768,20230201,269,7,25,9,4,11044.9,44179.6,2208.98,41970.62,19672.36
106769,20230107,254,12,24,7,17,1192.37,20270.29,0.0,20270.29,10300.16
106770,20230613,121,3,20,4,10,1648.77,16487.7,0.0,16487.7,8000.65
106771,20250121,149,3,12,10,2,1648.77,3297.54,0.0,3297.54,1774.39
106772,20250203,230,6,12,2,11,8457.66,93034.26,4651.71,88382.55,40150.91
106773,20240310,77,9,3,4,1,2112.21,2112.21,211.22,1900.99,918.67
106774,20230107,175,7,2,9,11,11044.9,121493.9,24298.78,97195.12,43326.57
106775,20251207,146,2,2,6,19,576.14,10946.66,547.33,10399.33,5259.59
106776,20250602,195,2,14,9,3,576.14,1728.42,172.84,1555.58,604.71
106777,20230612,226,7,13,2,1,11044.9,11044.9,1104.49,9940.41,3806.23
106778,20240820,192,7,20,1,15,11044.9,165673.5,16567.35,149106.15,54912.9
106779,20230623,151,4,8,3,13,4210.9,54741.7,8211.25,46530.45,25360.17
106780,20241103,235,6,12,8,9,8457.66,76118.94,0.0,76118.94,26895.91
106781,20240126,138,3,14,4,1,1648.77,1648.77,0.0,1648.77,654.72
106782,20251210,280,3,21,6,10,1648.77,16487.7,824.39,15663.31,7326.74
106783,20250610,205,7,24,7,2,11044.9,22089.8,1104.49,20985.31,10624.42
106784,20230825,264,8,25,6,11,8152.69,89679.59,4483.98,85195.61,30435.23
106785,20230810,149,11,1,10,7,4866.69,34066.83,1703.34,32363.49,12771.0
106786,20240918,270,8,9,10,11,8152.69,89679.59,0.0,89679.59,45772.39
106787,20250310,62,10,8,4,15,4677.47,70162.05,3508.1,66653.95,34872.6
106788,20231120,107,1,20,6,10,7004.72,70047.2,0.0,70047.2,37737.98
106789,20230524,84,2,7,2,9,576.14,5185.26,1037.05,4148.21,2043.39
106790,20241107,226,10,20,2,20,4677.47,93549.4,0.0,93549.4,33507.9
106791,20240115,176,7,13,10,18,11044.9,198808.2,9940.41,188867.79,101555.6
106792,20230428,196,11,7,8,14,4866.69,68133.66,0.0,68133.66,35613.71
106793,20240210,227,12,3,7,12,1192.37,14308.44,0.0,14308.44,7261.54
106794,20240806,51,4,13,3,16,4210.9,67374.4,3368.72,64005.68,34619.32
106795,20250923,185,10,22,5,7,4677.47,32742.29,3274.23,29468.06,14554.35
106796,20230929,139,10,13,2,16,4677.47,74839.52,0.0,74839.52,27384.76
106797,20250513,242,6,11,8,15,8457.66,126864.9,6343.24,120521.66,45033.4
106798,20230928,16,10,10,4,11,4677.47,51452.17,0.0,51452.17,18254.33
106799,20231201,276,12,20,6,9,1192.37,10731.33,1609.7,9121.63,3563.6
106800,20251218,71,7,19,4,15,11044.9,165673.5,8283.68,157389.82,63863.45
106801,20230905,121,11,13,4,13,4866.69,63266.97,3163.35,60103.62,30250.54
106802,20251202,219,9,20,9,19,2112.21,40131.99,0.0,40131.99,21042.11
106803,20251129,246,9,14,9,8,2112.21,16897.68,844.88,16052.8,5871.21
106804,20240831,63,9,23,10,8,2112.21,16897.68,0.0,16897.68,6043.19
106805,20240807,28,11,10,4,10,4866.69,48666.9,0.0,48666.9,19747.45
106806,20250727,28,8,5,4,12,8152.69,97832.28,0.0,97832.28,40964.13
106807,20231105,246,9,14,9,3,2112.21,6336.63,0.0,6336.63,2641.17
106808,20250731,84,9,16,2,9,2112.21,19009.89,2851.48,16158.41,7130.3
106809,20230705,126,10,4,1,9,4677.47,42097.23,0.0,42097.23,14795.42
106810,20250708,280,3,18,6,1,1648.77,1648.77,0.0,1648.77,713.56
106811,20230824,10,9,21,3,12,2112.21,25346.52,1267.33,24079.19,10740.81
106812,20230101,241,6,1,1,4,8457.66,33830.64,0.0,33830.64,16266.1
106813,20240317,89,6,13,7,15,8457.66,126864.9,12686.49,114178.41,61207.14
106814,20250906,156,11,13,5,8,4866.69,38933.52,0.0,38933.52,21276.57
106815,20250914,35,9,13,5,6,2112.21,12673.26,633.66,12039.6,5974.33
106816,20251216,211,2,13,10,8,576.14,4609.12,460.91,4148.21,2087.05
106817,20250314,107,9,4,6,8,2112.21,16897.68,0.0,16897.68,6582.94
106818,20250419,67,5,22,1,20,12606.96,252139.2,12606.96,239532.24,98359.55
106819,20240601,207,7,12,7,9,11044.9,99404.1,4970.21,94433.89,41598.29
106820,20241002,116,7,10,4,9,11044.9,99404.1,19880.82,79523.28,40602.37
106821,20240609,289,11,11,8,10,4866.69,48666.9,0.0,48666.9,18093.74
106822,20250810,195,3,2,9,18,1648.77,29677.86,2967.79,26710.07,13877.72
106823,20231228,272,10,8,6,9,4677.47,42097.23,6314.58,35782.65,13694.16
106824,20230119,13,11,19,2,6,4866.69,29200.14,2920.01,26280.13,11065.78
106825,20250228,165,1,10,10,12,7004.72,84056.64,0.0,84056.64,36586.77
106826,20250507,21,1,3,9,20,7004.72,140094.4,0.0,140094.4,55154.56
106827,20230703,162,3,10,3,1,1648.77,1648.77,247.32,1401.45,740.62
106828,20230909,161,11,15,7,11,4866.69,53533.59,2676.68,50856.91,20514.57
106829,20231025,237,7,17,7,14,11044.9,154628.6,30925.72,123702.88,45601.73
106830,20231224,246,8,24,9,19,8152.69,154901.11,15490.11,139411.0,54296.34
106831,20240509,116,4,11,4,14,4210.9,58952.6,8842.89,50109.71,23707.43
106832,20231113,11,2,18,9,9,576.14,5185.26,0.0,5185.26,2147.2
106833,20250317,194,2,14,4,6,576.14,3456.84,518.53,2938.31,1522.77
106834,20250115,28,12,14,4,10,1192.37,11923.7,0.0,11923.7,4683.17
106835,20251230,158,2,21,3,16,576.14,9218.24,1382.74,7835.5,3789.82
106836,20250415,189,3,7,1,9,1648.77,14838.93,741.95,14096.98,6140.72
106837,20250111,145,7,24,8,3,11044.9,33134.7,0.0,33134.7,15964.9
106838,20230507,113,9,9,8,14,2112.21,29570.94,1478.55,28092.39,10807.28
106839,20240617,155,11,2,10,3,4866.69,14600.07,2190.01,12410.06,6685.17
106840,20251116,89,12,17,7,20,1192.37,23847.4,0.0,23847.4,9777.8
106841,20240306,171,4,11,6,9,4210.9,37898.1,3789.81,34108.29,14276.72
106842,20250530,65,9,22,5,14,2112.21,29570.94,2957.09,26613.85,12756.12
106843,20251013,262,2,25,2,8,576.14,4609.12,460.91,4148.21,2280.79
106844,20240804,233,6,3,7,8,8457.66,67661.28,6766.13,60895.15,24447.15
106845,20230330,238,11,9,9,20,4866.69,97333.8,0.0,97333.8,50992.07
106846,20241011,10,6,23,3,18,8457.66,152237.88,22835.68,129402.2,48876.66
106847,20240617,27,6,22,9,11,8457.66,93034.26,9303.43,83730.83,36300.13
106848,20241220,40,3,2,2,13,1648.77,21434.01,1071.7,20362.31,9822.26
106849,20250601,56,2,20,2,12,576.14,6913.68,691.37,6222.31,2743.21
106850,20250619,80,6,8,8,1,8457.66,8457.66,0.0,8457.66,3494.02
106851,20240712,194,5,8,4,20,12606.96,252139.2,25213.92,226925.28,91744.32
106852,20230919,281,1,23,7,11,7004.72,77051.92,0.0,77051.92,27228.07
106853,20231204,108,2,19,8,12,576.14,6913.68,1037.05,5876.63,2113.04
106854,20250825,287,8,8,4,1,8152.69,8152.69,1222.9,6929.79,2899.8
106855,20240122,298,1,2,4,8,7004.72,56037.76,5603.78,50433.98,24047.11
106856,20240304,96,12,20,5,6,1192.37,7154.22,1073.13,6081.09,2301.31
106857,20241108,187,12,12,10,12,1192.37,14308.44,2146.27,12162.17,6019.85
106858,20250222,76,9,10,3,20,2112.21,42244.2,2112.21,40131.99,17132.84
106859,20241207,227,9,23,7,8,2112.21,16897.68,1689.77,15207.91,7787.26
106860,20240512,298,5,7,4,3,12606.96,37820.88,0.0,37820.88,18396.37
106861,20230612,277,9,17,5,12,2112.21,25346.52,2534.65,22811.87,10479.52
106862,20251222,96,9,1,5,19,2112.21,40131.99,0.0,40131.99,15491.83
106863,20251109,125,10,15,3,17,4677.47,79516.99,0.0,79516.99,38678.95
106864,20230526,288,10,18,8,14,4677.47,65484.58,6548.46,58936.12,28067.3
106865,20251206,150,7,25,6,1,11044.9,11044.9,1104.49,9940.41,4977.53
106866,20241130,215,3,22,5,11,1648.77,18136.47,1813.65,16322.82,6944.34
106867,20250815,2,4,6,5,15,4210.9,63163.5,0.0,63163.5,28856.76
106868,20251105,229,6,17,5,15,8457.66,126864.9,12686.49,114178.41,41183.12
106869,20230307,68,1,16,10,11,7004.72,77051.92,11557.79,65494.13,31607.61
106870,20230917,24,5,13,4,19,12606.96,239532.24,35929.84,203602.4,107366.42
106871,20240811,107,10,1,6,13,4677.47,60807.11,6080.71,54726.4,29219.46
106872,20240529,246,8,7,9,20,8152.69,163053.8,0.0,163053.8,61929.31
106873,20240607,138,1,22,4,16,7004.72,112075.52,0.0,112075.52,41495.78
106874,20250917,42,9,21,6,20,2112.21,42244.2,4224.42,38019.78,13310.09
106875,20230519,93,1,25,10,7,7004.72,49033.04,4903.3,44129.74,19755.1
106876,20240104,37,12,13,3,20,1192.37,23847.4,2384.74,21462.66,8596.55
106877,20230914,222,2,21,8,13,576.14,7489.82,374.49,7115.33,3088.47
106878,20250917,34,1,16,6,19,7004.72,133089.68,0.0,133089.68,51451.16
106879,20241130,216,6,5,3,1,8457.66,8457.66,422.88,8034.78,2983.15
106880,20240130,6,11,1,9,3,4866.69,14600.07,1460.01,13140.06,4809.4
106881,20251210,114,3,3,6,11,1648.77,18136.47,0.0,18136.47,8410.75
106882,20230406,31,8,10,2,3,8152.69,24458.07,2445.81,22012.26,9391.24
106883,20250212,138,4,2,4,18,4210.9,75796.2,0.0,75796.2,38699.24
106884,20231031,285,11,8,3,4,4866.69,19466.76,0.0,19466.76,7359.58
106885,20230925,154,7,24,9,9,11044.9,99404.1,19880.82,79523.28,35375.07
106886,20230320,195,1,13,9,2,7004.72,14009.44,700.47,13308.97,7211.84
106887,20240430,252,8,17,1,18,8152.69,146748.42,22012.26,124736.16,47761.98
106888,20240607,63,9,4,10,2,2112.21,4224.42,0.0,4224.42,1614.52
106889,20230222,258,11,9,6,16,4866.69,77867.04,3893.35,73973.69,39857.34
106890,20251227,24,12,4,4,4,1192.37,4769.48,238.47,4531.01,2251.78
106891,20250311,139,8,21,2,14,8152.69,114137.66,11413.77,102723.89,47034.24
106892,20250128,233,6,15,7,19,8457.66,160695.54,0.0,160695.54,63483.53
106893,20240405,205,11,15,7,11,4866.69,53533.59,2676.68,50856.91,25432.08
106894,20240726,251,10,3,4,1,4677.47,4677.47,467.75,4209.72,2114.08
106895,20240321,248,9,10,10,18,2112.21,38019.78,3801.98,34217.8,14728.81
106896,20231129,112,1,18,4,1,7004.72,7004.72,0.0,7004.72,3627.62
106897,20240201,136,4,1,3,9,4210.9,37898.1,1894.9,36003.2,16522.37
106898,20230223,238,1,1,9,1,7004.72,7004.72,0.0,7004.72,3786.7
106899,20250817,179,6,9,5,15,8457.66,126864.9,0.0,126864.9,65016.72
106900,20250608,149,12,3,10,14,1192.37,16693.18,0.0,16693.18,6308.36
106901,20230615,54,8,5,8,7,8152.69,57068.83,0.0,57068.83,29592.33
106902,20241215,260,3,3,6,16,1648.77,26380.32,2638.03,23742.29,9142.1
106903,20250306,116,11,8,4,1,4866.69,4866.69,243.33,4623.36,2456.74
106904,20240612,284,11,21,9,1,4866.69,4866.69,243.33,4623.36,2257.47
106905,20250529,41,2,6,9,12,576.14,6913.68,345.68,6568.0,2696.28
106906,20240419,31,7,11,2,15,11044.9,165673.5,24851.02,140822.48,52861.11
106907,20230724,69,8,4,4,13,8152.69,105984.97,5299.25,100685.72,35255.93
106908,20251223,49,11,15,4,14,4866.69,68133.66,10220.05,57913.61,31553.38
106909,20250122,66,2,11,3,5,576.14,2880.7,432.1,2448.6,1094.03
106910,20250713,59,2,1,6,15,576.14,8642.1,864.21,7777.89,4178.27
106911,20251229,211,9,21,10,14,2112.21,29570.94,0.0,29570.94,16217.29
106912,20240921,52,5,16,3,8,12606.96,100855.68,0.0,100855.68,47540.88
106913,20240928,219,9,19,9,11,2112.21,23234.31,0.0,23234.31,10300.3
106914,20240116,176,3,11,10,15,1648.77,24731.55,1236.58,23494.97,10008.06
106915,20251003,247,4,22,10,19,4210.9,80007.1,0.0,80007.1,34211.5
106916,20250301,18,4,24,7,6,4210.9,25265.4,5053.08,20212.32,9705.2
106917,20250910,16,2,9,4,1,576.14,576.14,86.42,489.72,205.97
106918,20230507,226,11,3,2,12,4866.69,58400.28,2920.01,55480.27,27935.8
106919,20250217,114,3,8,6,2,1648.77,3297.54,329.75,2967.79,1328.18
106920,20251003,78,6,23,8,19,8457.66,160695.54,8034.78,152660.76,74865.39
106921,20250110,177,11,22,2,8,4866.69,38933.52,0.0,38933.52,19683.04
106922,20240819,47,7,5,6,19,11044.9,209853.1,20985.31,188867.79,100427.23
106923,20230205,223,3,18,10,17,1648.77,28029.09,0.0,28029.09,13844.35
106924,20250416,204,1,22,8,7,7004.72,49033.04,0.0,49033.04,26282.91
106925,20251231,30,6,3,9,17,8457.66,143780.22,0.0,143780.22,77096.61
106926,20240715,291,4,14,9,8,4210.9,33687.2,0.0,33687.2,15344.17
106927,20251205,256,8,20,2,8,8152.69,65221.52,0.0,65221.52,24718.61
106928,20240617,49,12,14,4,15,1192.37,17885.55,0.0,17885.55,6597.4
106929,20251002,149,4,1,10,20,4210.9,84218.0,4210.9,80007.1,35999.61
106930,20230925,103,3,13,10,17,1648.77,28029.09,0.0,28029.09,11502.21
106931,20250916,13,10,24,2,6,4677.47,28064.82,1403.24,26661.58,11121.07
106932,20250511,87,9,23,10,19,2112.21,40131.99,0.0,40131.99,16551.79
106933,20240626,270,3,13,10,5,1648.77,8243.85,412.19,7831.66,4159.83
106934,20240402,53,3,11,4,17,1648.77,28029.09,0.0,28029.09,13568.34
106935,20250810,202,7,8,4,9,11044.9,99404.1,0.0,99404.1,50645.59
106936,20250624,130,5,15,10,14,12606.96,176497.44,0.0,176497.44,68202.31
106937,20230922,156,7,20,5,13,11044.9,143583.7,7179.19,136404.51,56773.53
106938,20230824,212,10,6,10,3,4677.47,14032.41,701.62,13330.79,4858.14
106939,20230802,127,6,23,8,5,8457.66,42288.3,2114.42,40173.88,16447.77
106940,20240617,233,1,23,7,11,7004.72,77051.92,0.0,77051.92,27322.75
106941,20250619,134,11,11,5,17,4866.69,82733.73,16546.75,66186.98,29581.56
106942,20250509,160,9,15,3,17,2112.21,35907.57,0.0,35907.57,14189.56
106943,20240526,61,3,15,7,14,1648.77,23082.78,0.0,23082.78,10552.41
106944,20240426,101,6,20,5,10,8457.66,84576.6,4228.83,80347.77,38361.33
106945,20230919,132,6,5,7,10,8457.66,84576.6,8457.66,76118.94,38873.54
106946,20230901,199,1,22,7,7,7004.72,49033.04,7354.96,41678.08,21313.55
106947,20240925,56,8,14,2,12,8152.69,97832.28,0.0,97832.28,36327.72
106948,20240620,51,2,21,3,19,576.14,10946.66,1094.67,9851.99,3512.44
106949,20230724,150,11,25,6,15,4866.69,73000.35,10950.05,62050.3,28768.66
106950,20230612,87,10,17,10,8,4677.47,37419.76,5612.96,31806.8,13125.92
106951,20240527,145,9,23,8,1,2112.21,2112.21,211.22,1900.99,716.55
106952,20250830,38,3,15,5,16,1648.77,26380.32,2638.03,23742.29,12652.4
106953,20250227,257,6,7,7,20,8457.66,169153.2,0.0,169153.2,79185.47
106954,20250712,145,5,16,8,19,12606.96,239532.24,35929.84,203602.4,81539.01
106955,20251213,2,11,7,5,1,4866.69,4866.69,486.67,4380.02,2383.44
106956,20231124,86,10,21,7,2,4677.47,9354.94,1403.24,7951.7,3198.85
106957,20230718,200,6,18,5,10,8457.66,84576.6,0.0,84576.6,41350.09
106958,20240516,238,7,9,9,11,11044.9,121493.9,0.0,121493.9,52630.34
106959,20241015,285,8,5,3,17,8152.69,138595.73,0.0,138595.73,53181.96
106960,20250227,164,7,6,9,14,11044.9,154628.6,0.0,154628.6,54533.75
106961,20230117,187,10,18,10,1,4677.47,4677.47,467.75,4209.72,1574.54
106962,20251212,283,9,1,3,1,2112.21,2112.21,211.22,1900.99,665.37
106963,20241111,100,8,18,8,5,8152.69,40763.45,2038.17,38725.28,16630.91
106964,20251208,246,11,6,9,5,4866.69,24333.45,0.0,24333.45,12194.75
106965,20240126,6,8,3,9,2,8152.69,16305.38,3261.08,13044.3,5980.53
106966,20250518,293,12,6,2,6,1192.37,7154.22,0.0,7154.22,3516.45
106967,20250815,194,11,13,4,6,4866.69,29200.14,0.0,29200.14,11791.68
106968,20241214,35,10,18,5,2,4677.47,9354.94,467.75,8887.19,4600.7
106969,20230917,233,12,5,7,20,1192.37,23847.4,2384.74,21462.66,11082.55
106970,20240923,80,11,18,8,14,4866.69,68133.66,0.0,68133.66,31177.11
106971,20240501,157,10,6,8,13,4677.47,60807.11,0.0,60807.11,28368.05
106972,20250925,138,10,11,4,12,4677.47,56129.64,2806.48,53323.16,19228.51
106973,20231016,118,4,12,2,12,4210.9,50530.8,5053.08,45477.72,20502.74
106974,20250721,77,9,21,4,8,2112.21,16897.68,0.0,16897.68,8127.09
106975,20251122,50,7,3,7,20,11044.9,220898.0,0.0,220898.0,91503.88
106976,20250926,188,4,1,1,5,4210.9,21054.5,1052.73,20001.77,7345.82
106977,20230427,153,2,14,2,15,576.14,8642.1,432.11,8209.99,3903.39
106978,20231118,22,3,15,4,20,1648.77,32975.4,3297.54,29677.86,13402.66
106979,20230716,141,6,9,4,18,8457.66,152237.88,0.0,152237.88,55446.04
106980,20230905,243,11,6,10,17,4866.69,82733.73,0.0,82733.73,41916.25
106981,20240908,275,12,16,6,9,1192.37,10731.33,536.57,10194.76,3655.69
106982,20230401,296,3,14,8,6,1648.77,9892.62,494.63,9397.99,4755.12
106983,20250325,178,12,18,5,1,1192.37,1192.37,238.47,953.9,427.97
106984,20240115,11,1,18,9,1,7004.72,7004.72,0.0,7004.72,3575.44
106985,20230614,292,8,10,5,7,8152.69,57068.83,11413.77,45655.06,21983.79
106986,20241021,229,6,22,5,5,8457.66,42288.3,4228.83,38059.47,18016.65
106987,20241107,177,12,25,2,12,1192.37,14308.44,2146.27,12162.17,5282.44
106988,20230220,281,5,14,7,20,12606.96,252139.2,25213.92,226925.28,79489.03
106989,20241126,288,2,5,8,7,576.14,4032.98,0.0,4032.98,1534.42
106990,20240119,151,10,21,3,10,4677.47,46774.7,4677.47,42097.23,20445.65
106991,20230110,70,6,4,9,19,8457.66,160695.54,16069.55,144625.99,61990.94
106992,20250707,72,5,23,1,9,12606.96,113462.64,11346.26,102116.38,36774.51
106993,20250106,243,12,16,10,6,1192.37,7154.22,715.42,6438.8,2939.52
106994,20250919,148,8,13,3,8,8152.69,65221.52,13044.3,52177.22,28249.29
106995,20251224,109,6,15,8,5,8457.66,42288.3,4228.83,38059.47,17912.45
106996,20230713,30,1,23,9,14,7004.72,98066.08,0.0,98066.08,46894.1
106997,20240921,42,9,1,6,9,2112.21,19009.89,2851.48,16158.41,6090.48
106998,20231112,81,4,1,4,11,4210.9,46319.9,4631.99,41687.91,19290.42
106999,20241206,234,4,7,5,14,4210.9,58952.6,11790.52,47162.08,23813.39
107000,20240119,257,8,13,7,12,8152.69,97832.28,19566.46,78265.82,33026.92
107001,20250101,178,3,11,5,17,1648.77,28029.09,1401.45,26627.64,11043.94
107002,20250225,277,6,1,5,14,8457.66,118407.24,11840.72,106566.52,42996.89
107003,20251022,245,9,6,7,13,2112.21,27458.73,0.0,27458.73,14955.19
107004,20250826,58,4,2,3,2,4210.9,8421.8,0.0,8421.8,3526.05
107005,20240618,208,11,9,4,11,4866.69,53533.59,5353.36,48180.23,19162.9
107006,20250629,261,6,5,5,19,8457.66,160695.54,0.0,160695.54,76384.29
107007,20251107,147,5,15,10,1,12606.96,12606.96,0.0,12606.96,4710.63
107008,20240929,191,1,11,10,13,7004.72,91061.36,0.0,91061.36,35437.91
107009,20230324,219,10,11,9,4,4677.47,18709.88,2806.48,15903.4,7228.33
107010,20250317,62,4,18,4,15,4210.9,63163.5,9474.52,53688.98,22699.4
107011,20241214,167,10,9,7,6,4677.47,28064.82,0.0,28064.82,12766.64
107012,20230731,98,4,21,4,5,4210.9,21054.5,0.0,21054.5,9962.98
107013,20250731,237,12,3,7,3,1192.37,3577.11,178.86,3398.25,1774.4
107014,20250211,227,12,15,7,10,1192.37,11923.7,1788.56,10135.14,3939.89
107015,20230416,136,9,20,3,1,2112.21,2112.21,316.83,1795.38,815.02
107016,20231114,225,2,9,9,8,576.14,4609.12,460.91,4148.21,1927.62
107017,20240709,241,5,20,1,7,12606.96,88248.72,17649.74,70598.98,29027.0
107018,20250909,200,12,17,5,18,1192.37,21462.66,1073.13,20389.53,10053.38
107019,20250505,42,7,21,6,3,11044.9,33134.7,3313.47,29821.23,13577.27
107020,20250911,236,7,10,6,11,11044.9,121493.9,6074.69,115419.21,41683.96
107021,20240822,97,2,20,8,14,576.14,8065.96,403.3,7662.66,2931.07
107022,20230518,229,10,24,5,2,4677.47,9354.94,467.75,8887.19,3159.75
107023,20241019,100,11,3,8,5,4866.69,24333.45,4866.69,19466.76,6890.6
107024,20241014,251,5,2,4,5,12606.96,63034.8,9455.22,53579.58,29415.01
107025,20251224,155,6,20,10,12,8457.66,101491.92,5074.6,96417.32,52422.6
107026,20250623,217,10,11,3,12,4677.47,56129.64,2806.48,53323.16,27621.13
107027,20231216,213,9,3,4,8,2112.21,16897.68,0.0,16897.68,7666.24
107028,20250712,108,2,17,8,8,576.14,4609.12,0.0,4609.12,2460.12
107029,20230812,88,12,8,6,9,1192.37,10731.33,0.0,10731.33,5294.42
107030,20240218,91,6,23,6,17,8457.66,143780.22,0.0,143780.22,71865.5
107031,20240814,178,6,16,5,3,8457.66,25372.98,3805.95,21567.03,10851.91
107032,20240102,239,5,25,5,7,12606.96,88248.72,0.0,88248.72,46955.39
107033,20240802,65,9,14,5,7,2112.21,14785.47,0.0,14785.47,7247.35
107034,20231112,106,2,15,2,9,576.14,5185.26,259.26,4926.0,2666.76
107035,20230923,269,12,3,9,2,1192.37,2384.74,476.95,1907.79,668.82
107036,20250919,199,4,10,7,9,4210.9,37898.1,0.0,37898.1,15385.38
107037,20250430,2,3,21,5,13,1648.77,21434.01,4286.8,17147.21,6715.05
107038,20250120,204,5,3,8,13,12606.96,163890.48,8194.52,155695.96,72941.01
107039,20251011,20,3,11,6,5,1648.77,8243.85,0.0,8243.85,4074.26
107040,20230630,138,11,21,4,8,4866.69,38933.52,5840.03,33093.49,17238.15
107041,20230715,244,3,21,10,7,1648.77,11541.39,1154.14,10387.25,5553.0
107042,20250119,23,5,24,9,10,12606.96,126069.6,6303.48,119766.12,45977.55
107043,20230416,73,12,8,2,11,1192.37,13116.07,0.0,13116.07,5825.06
107044,20231212,132,1,11,7,12,7004.72,84056.64,8405.66,75650.98,40043.36
107045,20230404,208,2,4,4,8,576.14,4609.12,230.46,4378.66,1536.27
107046,20250118,272,10,5,6,16,4677.47,74839.52,0.0,74839.52,35691.85
107047,20240207,138,1,17,4,16,7004.72,112075.52,0.0,112075.52,47610.74
107048,20240406,113,6,12,8,12,8457.66,101491.92,5074.6,96417.32,43563.64
107049,20230510,270,3,18,10,9,1648.77,14838.93,2225.84,12613.09,5959.75
107050,20250617,153,9,13,2,19,2112.21,40131.99,2006.6,38125.39,13677.83
107051,20241208,185,8,23,5,7,8152.69,57068.83,5706.88,51361.95,26614.84
107052,20251210,2,8,20,5,5,8152.69,40763.45,2038.17,38725.28,16561.36
107053,20240814,6,5,9,9,15,12606.96,189104.4,28365.66,160738.74,68161.93
107054,20230730,233,6,1,7,11,8457.66,93034.26,4651.71,88382.55,45760.49
107055,20241211,166,9,20,9,20,2112.21,42244.2,2112.21,40131.99,20046.74
107056,20250325,166,9,13,9,19,2112.21,40131.99,2006.6,38125.39,19361.02
107057,20230930,84,4,6,2,10,4210.9,42109.0,0.0,42109.0,16860.93
107058,20230207,32,7,8,4,3,11044.9,33134.7,1656.73,31477.97,16478.11
107059,20250529,289,8,4,8,8,8152.69,65221.52,0.0,65221.52,25986.6
107060,20230610,47,5,23,6,5,12606.96,63034.8,6303.48,56731.32,30928.93
107061,20231112,281,7,4,7,5,11044.9,55224.5,5522.45,49702.05,19545.81
107062,20250422,62,5,1,4,5,12606.96,63034.8,3151.74,59883.06,32096.03
107063,20240902,70,3,9,9,20,1648.77,32975.4,0.0,32975.4,13435.79
107064,20230215,77,4,23,4,5,4210.9,21054.5,2105.45,18949.05,6843.36
107065,20230225,50,4,5,7,15,4210.9,63163.5,3158.18,60005.32,28245.74
107066,20231126,136,11,8,3,11,4866.69,53533.59,0.0,53533.59,25011.45
107067,20250927,291,2,23,9,8,576.14,4609.12,0.0,4609.12,2312.79
107068,20241022,195,2,21,9,16,576.14,9218.24,1843.65,7374.59,2852.19
107069,20240728,266,5,14,1,16,12606.96,201711.36,20171.14,181540.22,73918.7
107070,20250719,235,10,12,8,7,4677.47,32742.29,0.0,32742.29,17386.84
107071,20230108,283,4,1,3,15,4210.9,63163.5,0.0,63163.5,22786.28
107072,20240518,122,7,2,9,5,11044.9,55224.5,2761.23,52463.27,20331.49
107073,20230907,172,7,16,1,6,11044.9,66269.4,3313.47,62955.93,28202.79
107074,20240210,220,3,19,1,5,1648.77,8243.85,0.0,8243.85,4223.58
107075,20250821,231,8,7,3,18,8152.69,146748.42,14674.84,132073.58,51041.28
107076,20240907,100,9,5,8,3,2112.21,6336.63,0.0,6336.63,2428.42
107077,20231124,85,3,6,4,17,1648.77,28029.09,4204.36,23824.73,9276.37
107078,20230619,101,9,11,5,6,2112.21,12673.26,1267.33,11405.93,4488.17
107079,20230227,198,3,16,7,1,1648.77,1648.77,164.88,1483.89,775.12
107080,20240819,22,12,22,4,4,1192.37,4769.48,953.9,3815.58,1563.85
107081,20231218,160,6,6,3,6,8457.66,50745.96,2537.3,48208.66,18366.02
107082,20250127,199,8,22,7,1,8152.69,8152.69,407.63,7745.06,3987.38
107083,20240327,295,12,8,3,12,1192.37,14308.44,0.0,14308.44,6195.51
107084,20231117,97,4,21,8,15,4210.9,63163.5,0.0,63163.5,26559.17
107085,20240207,176,9,24,10,8,2112.21,16897.68,0.0,16897.68,7679.28
107086,20251107,299,6,20,6,3,8457.66,25372.98,2537.3,22835.68,11676.47
107087,20230214,175,4,25,9,2,4210.9,8421.8,421.09,8000.71,3991.68
107088,20241127,288,8,12,8,19,8152.69,154901.11,0.0,154901.11,69977.1
107089,20240115,177,8,5,2,8,8152.69,65221.52,0.0,65221.52,31934.32
107090,20240127,8,1,16,10,1,7004.72,7004.72,350.24,6654.48,3492.24
107091,20230524,286,7,20,10,10,11044.9,110449.0,5522.45,104926.55,42977.43
107092,20250723,146,8,24,6,12,8152.69,97832.28,0.0,97832.28,46368.03
107093,20240704,281,4,24,7,12,4210.9,50530.8,10106.16,40424.64,17227.56
107094,20250113,22,9,21,4,13,2112.21,27458.73,1372.94,26085.79,12597.2
107095,20231013,235,11,1,8,6,4866.69,29200.14,0.0,29200.14,10980.35
107096,20250125,136,11,4,3,4,4866.69,19466.76,1946.68,17520.08,6349.63
107097,20250123,182,12,14,10,6,1192.37,7154.22,715.42,6438.8,3513.6
107098,20231020,217,11,14,3,15,4866.69,73000.35,3650.02,69350.33,33216.77
107099,20230223,292,5,2,5,11,12606.96,138676.56,6933.83,131742.73,54072.94
107100,20230314,128,4,14,8,9,4210.9,37898.1,0.0,37898.1,15455.31
107101,20241027,102,12,5,2,1,1192.37,1192.37,59.62,1132.75,457.78
107102,20240405,72,7,21,1,3,11044.9,33134.7,0.0,33134.7,13059.42
107103,20230501,107,8,3,6,12,8152.69,97832.28,0.0,97832.28,50713.9
107104,20240629,98,2,2,4,20,576.14,11522.8,0.0,11522.8,5590.45
107105,20250422,274,4,21,3,1,4210.9,4210.9,210.54,4000.36,2114.79
107106,20250117,124,12,3,10,6,1192.37,7154.22,0.0,7154.22,3024.02
107107,20250402,142,10,15,1,10,4677.47,46774.7,2338.74,44435.96,19672.18
107108,20250609,225,11,21,9,13,4866.69,63266.97,0.0,63266.97,24210.06
107109,20250427,120,1,15,9,1,7004.72,7004.72,350.24,6654.48,2434.65
107110,20230323,36,12,2,10,4,1192.37,4769.48,0.0,4769.48,2622.78
107111,20240816,269,1,12,9,13,7004.72,91061.36,4553.07,86508.29,35421.88
107112,20230921,54,2,24,8,17,576.14,9794.38,489.72,9304.66,4589.91
107113,20230210,14,5,9,4,19,12606.96,239532.24,0.0,239532.24,86454.13
107114,20230507,225,3,23,9,7,1648.77,11541.39,1154.14,10387.25,5156.16
107115,20240823,292,3,1,5,10,1648.77,16487.7,824.39,15663.31,6133.76
107116,20250428,149,1,9,10,3,7004.72,21014.16,0.0,21014.16,7602.91
107117,20230324,141,11,7,4,3,4866.69,14600.07,0.0,14600.07,6126.24
107118,20230120,112,2,12,4,17,576.14,9794.38,489.72,9304.66,4279.46
107119,20230321,199,7,1,7,14,11044.9,154628.6,7731.43,146897.17,75207.17
107120,20230826,137,2,9,7,17,576.14,9794.38,0.0,9794.38,5263.96
107121,20241111,207,1,19,7,12,7004.72,84056.64,0.0,84056.64,41513.51
107122,20250726,243,1,22,10,5,7004.72,35023.6,0.0,35023.6,17710.99
107123,20250306,59,2,11,6,4,576.14,2304.56,0.0,2304.56,1224.74
107124,20250608,90,12,16,8,4,1192.37,4769.48,0.0,4769.48,2386.08
107125,20240130,135,2,2,2,13,576.14,7489.82,0.0,7489.82,3905.2
107126,20241028,6,11,9,9,16,4866.69,77867.04,0.0,77867.04,32199.53
107127,20240317,63,12,2,10,16,1192.37,19077.92,0.0,19077.92,10098.66
107128,20240118,75,1,15,1,5,7004.72,35023.6,0.0,35023.6,12481.3
107129,20240919,165,12,24,10,6,1192.37,7154.22,0.0,7154.22,2532.6
107130,20251125,224,12,2,10,20,1192.37,23847.4,1192.37,22655.03,10616.06
107131,20241012,118,4,14,2,2,4210.9,8421.8,0.0,8421.8,2972.79
107132,20240501,39,10,4,9,9,4677.47,42097.23,4209.72,37887.51,13455.68
107133,20251031,59,3,24,6,20,1648.77,32975.4,1648.77,31326.63,15395.74
107134,20231005,95,9,17,6,15,2112.21,31683.15,4752.47,26930.68,11073.38
107135,20230607,172,12,19,1,9,1192.37,10731.33,536.57,10194.76,5200.39
107136,20240626,99,5,23,4,11,12606.96,138676.56,13867.66,124808.9,47393.66
107137,20250523,134,11,6,5,16,4866.69,77867.04,0.0,77867.04,41843.34
107138,20250606,202,7,9,4,18,11044.9,198808.2,0.0,198808.2,72883.52
107139,20241115,36,3,19,10,5,1648.77,8243.85,824.39,7419.46,3291.76
107140,20240709,97,1,24,8,14,7004.72,98066.08,4903.3,93162.78,41880.15
107141,20251124,120,11,13,9,15,4866.69,73000.35,3650.02,69350.33,25197.05
107142,20251007,2,9,23,5,5,2112.21,10561.05,0.0,10561.05,3810.02
107143,20240401,184,2,23,9,8,576.14,4609.12,0.0,4609.12,2315.6
107144,20241228,233,10,6,7,2,4677.47,9354.94,467.75,8887.19,4304.66
107145,20250604,198,2,23,7,13,576.14,7489.82,374.49,7115.33,2513.35
107146,20250702,78,10,11,8,4,4677.47,18709.88,1870.99,16838.89,7177.93
107147,20250401,30,11,18,9,14,4866.69,68133.66,13626.73,54506.93,23691.65
107148,20230815,45,1,18,3,9,7004.72,63042.48,0.0,63042.48,25082.95
107149,20230225,291,3,22,9,16,1648.77,26380.32,0.0,26380.32,11783.6
107150,20250423,11,9,14,9,8,2112.21,16897.68,2534.65,14363.03,5621.07
107151,20241210,23,7,13,9,13,11044.9,143583.7,7179.19,136404.51,61197.24
107152,20230118,175,6,1,9,17,8457.66,143780.22,7189.01,136591.21,65525.68
107153,20241126,25,11,20,7,2,4866.69,9733.38,486.67,9246.71,3315.96
107154,20240118,185,1,23,5,19,7004.72,133089.68,13308.97,119780.71,61793.7
107155,20241220,190,7,10,4,10,11044.9,110449.0,11044.9,99404.1,46422.48
107156,20240812,35,3,9,5,7,1648.77,11541.39,577.07,10964.32,4698.08
107157,20250131,7,12,6,2,20,1192.37,23847.4,1192.37,22655.03,12245.17
107158,20230328,226,7,3,2,19,11044.9,209853.1,0.0,209853.1,99904.68
107159,20230813,159,10,18,4,7,4677.47,32742.29,1637.11,31105.18,14133.43
107160,20230130,122,3,3,9,15,1648.77,24731.55,1236.58,23494.97,10871.08
107161,20230711,61,8,14,7,15,8152.69,122290.35,0.0,122290.35,43371.27
107162,20230325,143,4,16,10,11,4210.9,46319.9,2316.0,44003.9,17153.39
107163,20230804,171,8,12,6,5,8152.69,40763.45,6114.52,34648.93,16429.1
107164,20230418,276,4,18,6,13,4210.9,54741.7,0.0,54741.7,21325.51
107165,20230501,110,7,16,5,10,11044.9,110449.0,5522.45,104926.55,46001.98
107166,20250107,203,8,12,7,7,8152.69,57068.83,5706.88,51361.95,21315.11
107167,20230603,162,4,9,3,16,4210.9,67374.4,0.0,67374.4,31645.17
107168,20231007,255,1,17,3,4,7004.72,28018.88,0.0,28018.88,12374.22
107169,20230402,14,4,16,4,18,4210.9,75796.2,0.0,75796.2,26560.99
107170,20230107,128,11,5,8,1,4866.69,4866.69,243.33,4623.36,2401.44
107171,20240610,50,7,1,7,20,11044.9,220898.0,22089.8,198808.2,70560.52
107172,20250808,178,8,23,5,17,8152.69,138595.73,6929.79,131665.94,67066.08
107173,20230822,206,7,3,3,19,11044.9,209853.1,0.0,209853.1,110384.82
107174,20240617,160,5,20,3,2,12606.96,25213.92,0.0,25213.92,12778.8
107175,20240814,205,12,3,7,14,1192.37,16693.18,3338.64,13354.54,5051.52
107176,20231212,239,12,15,5,5,1192.37,5961.85,298.09,5663.76,2003.45
107177,20240704,20,3,24,6,13,1648.77,21434.01,0.0,21434.01,11142.77
107178,20251207,155,7,12,10,11,11044.9,121493.9,6074.69,115419.21,61237.69
107179,20251222,163,7,18,2,17,11044.9,187763.3,18776.33,168986.97,89672.12
107180,20240320,99,11,19,4,15,4866.69,73000.35,14600.07,58400.28,24554.72
107181,20230510,273,1,6,4,8,7004.72,56037.76,2801.89,53235.87,24557.26
107182,20250420,44,11,10,1,10,4866.69,48666.9,0.0,48666.9,24157.45
107183,20240404,226,4,13,2,2,4210.9,8421.8,421.09,8000.71,4153.48
107184,20251114,169,8,11,8,8,8152.69,65221.52,6522.15,58699.37,26037.22
107185,20240918,227,7,25,7,7,11044.9,77314.3,0.0,77314.3,38121.0
107186,20240606,93,12,19,10,1,1192.37,1192.37,0.0,1192.37,485.42
107187,20231206,250,9,11,8,6,2112.21,12673.26,1267.33,11405.93,4665.94
107188,20230610,163,2,6,2,4,576.14,2304.56,230.46,2074.1,902.86
107189,20250405,3,9,20,3,14,2112.21,29570.94,0.0,29570.94,10466.53
107190,20250524,163,9,20,2,15,2112.21,31683.15,1584.16,30098.99,11498.21
107191,20240927,67,12,12,1,14,1192.37,16693.18,0.0,16693.18,6279.29
107192,20240323,286,6,9,10,2,8457.66,16915.32,845.77,16069.55,6590.26
107193,20240826,173,1,23,2,8,7004.72,56037.76,8405.66,47632.1,21915.86
107194,20240201,270,4,24,10,9,4210.9,37898.1,0.0,37898.1,20453.39
107195,20250309,12,9,4,6,9,2112.21,19009.89,0.0,19009.89,8672.53
107196,20230331,71,10,23,4,13,4677.47,60807.11,6080.71,54726.4,29970.52
107197,20240111,285,12,8,3,3,1192.37,3577.11,0.0,3577.11,1921.31
107198,20230215,246,1,15,9,20,7004.72,140094.4,14009.44,126084.96,46762.51
107199,20230328,150,12,17,6,16,1192.37,19077.92,953.9,18124.02,9764.54
107200,20230605,184,1,17,9,8,7004.72,56037.76,8405.66,47632.1,18945.65
107201,20240721,164,2,6,9,20,576.14,11522.8,576.14,10946.66,5151.27
107202,20240530,178,5,25,5,3,12606.96,37820.88,1891.04,35929.84,14007.62
107203,20251013,287,9,4,4,10,2112.21,21122.1,2112.21,19009.89,9515.45
107204,20240921,75,6,1,1,15,8457.66,126864.9,12686.49,114178.41,47007.52
107205,20251213,69,1,7,4,20,7004.72,140094.4,0.0,140094.4,67898.64
107206,20230424,227,9,14,7,15,2112.21,31683.15,1584.16,30098.99,12538.89
107207,20230102,18,6,7,7,11,8457.66,93034.26,4651.71,88382.55,46980.55
107208,20250224,31,11,8,2,13,4866.69,63266.97,9490.05,53776.92,21069.57
107209,20250307,35,5,6,5,9,12606.96,113462.64,5673.13,107789.51,39548.73
107210,20241230,48,7,24,5,8,11044.9,88359.2,0.0,88359.2,36509.82
107211,20250501,33,11,9,10,17,4866.69,82733.73,12410.06,70323.67,35790.11
107212,20231117,136,11,8,3,14,4866.69,68133.66,0.0,68133.66,28507.43
107213,20250627,271,3,23,3,15,1648.77,24731.55,2473.16,22258.39,11105.07
107214,20250828,104,1,25,7,13,7004.72,91061.36,0.0,91061.36,47723.53
107215,20250311,16,2,16,4,9,576.14,5185.26,518.53,4666.73,2189.13
107216,20240919,14,12,2,4,2,1192.37,2384.74,238.47,2146.27,1003.67
107217,20241101,212,11,17,10,7,4866.69,34066.83,5110.02,28956.81,14054.82
107218,20250523,65,8,17,5,8,8152.69,65221.52,3261.08,61960.44,33634.9
107219,20250828,245,8,13,7,11,8152.69,89679.59,0.0,89679.59,33792.46
107220,20240901,242,2,10,8,12,576.14,6913.68,0.0,6913.68,2687.02
107221,20240712,4,3,18,3,6,1648.77,9892.62,494.63,9397.99,3958.58
107222,20250602,176,3,19,10,8,1648.77,13190.16,1978.52,11211.64,4768.15
107223,20250111,199,3,15,7,12,1648.77,19785.24,1978.52,17806.72,7446.95
107224,20240613,8,4,25,10,10,4210.9,42109.0,2105.45,40003.55,21751.11
107225,20240520,230,6,20,2,12,8457.66,101491.92,0.0,101491.92,43627.52
107226,20240903,87,3,22,10,2,1648.77,3297.54,494.63,2802.91,1127.89
107227,20230310,170,5,9,3,16,12606.96,201711.36,30256.7,171454.66,72287.03
107228,20240216,6,2,18,9,15,576.14,8642.1,0.0,8642.1,4219.48
107229,20231203,229,1,9,5,8,7004.72,56037.76,2801.89,53235.87,22158.49
107230,20231028,266,8,3,1,12,8152.69,97832.28,9783.23,88049.05,39933.87
107231,20240709,137,4,1,7,5,4210.9,21054.5,2105.45,18949.05,8981.38
107232,20250812,123,9,11,8,10,2112.21,21122.1,0.0,21122.1,10971.88
107233,20240728,32,3,20,4,9,1648.77,14838.93,1483.89,13355.04,6104.9
107234,20230116,155,12,14,10,17,1192.37,20270.29,1013.51,19256.78,9445.86
107235,20230406,277,12,15,5,13,1192.37,15500.81,0.0,15500.81,8206.6
107236,20240606,90,8,6,8,10,8152.69,81526.9,4076.34,77450.56,34316.02
107237,20230817,180,8,18,7,15,8152.69,122290.35,0.0,122290.35,61929.02
107238,20230624,175,7,4,9,13,11044.9,143583.7,0.0,143583.7,71520.6
107239,20240309,194,8,3,4,8,8152.69,65221.52,6522.15,58699.37,29026.79
107240,20240209,33,5,1,10,7,12606.96,88248.72,13237.31,75011.41,34792.77
107241,20230829,204,7,14,8,4,11044.9,44179.6,2208.98,41970.62,17297.9
107242,20250324,280,9,24,6,19,2112.21,40131.99,2006.6,38125.39,16634.72
107243,20250316,89,12,3,7,17,1192.37,20270.29,0.0,20270.29,8359.55
107244,20240107,65,5,16,5,13,12606.96,163890.48,16389.05,147501.43,77874.02
107245,20250517,226,1,22,2,15,7004.72,105070.8,0.0,105070.8,54470.87
107246,20230708,138,9,22,4,19,2112.21,40131.99,0.0,40131.99,18939.77
107247,20241114,234,9,12,5,6,2112.21,12673.26,0.0,12673.26,5235.19
107248,20231106,258,1,1,6,20,7004.72,140094.4,0.0,140094.4,70284.39
107249,20240401,227,4,9,7,11,4210.9,46319.9,0.0,46319.9,25435.44
107250,20250906,50,2,12,7,11,576.14,6337.54,316.88,6020.66,2330.83
107251,20240106,34,9,4,6,19,2112.21,40131.99,0.0,40131.99,17614.86
107252,20230104,231,1,14,3,15,7004.72,105070.8,5253.54,99817.26,43469.18
107253,20240209,60,4,4,2,13,4210.9,54741.7,8211.25,46530.45,19056.42
107254,20240514,284,4,7,9,13,4210.9,54741.7,8211.25,46530.45,17787.22
107255,20241022,5,4,12,10,8,4210.9,33687.2,0.0,33687.2,17977.23
107256,20231225,46,1,4,1,6,7004.72,42028.32,0.0,42028.32,17230.86
107257,20250406,231,6,25,3,20,8457.66,169153.2,0.0,169153.2,78802.51
107258,20250103,293,8,16,2,2,8152.69,16305.38,0.0,16305.38,7999.03
107259,20250910,1,6,14,9,18,8457.66,152237.88,15223.79,137014.09,51406.22
107260,20240206,96,1,3,5,9,7004.72,63042.48,6304.25,56738.23,22314.05
107261,20240919,190,7,7,4,13,11044.9,143583.7,21537.56,122046.14,57754.13
107262,20251121,118,7,17,2,14,11044.9,154628.6,0.0,154628.6,73686.91
107263,20240907,160,12,10,3,19,1192.37,22655.03,1132.75,21522.28,8036.73
107264,20250406,100,3,14,8,15,1648.77,24731.55,2473.16,22258.39,10303.57
107265,20230225,194,12,1,4,9,1192.37,10731.33,0.0,10731.33,5885.6
107266,20240826,76,10,20,3,5,4677.47,23387.35,2338.74,21048.61,7744.12
107267,20231225,137,8,9,7,7,8152.69,57068.83,2853.44,54215.39,27559.01
107268,20241129,26,7,20,5,16,11044.9,176718.4,8835.92,167882.48,64449.55
107269,20240229,258,8,5,6,4,8152.69,32610.76,0.0,32610.76,17486.23
107270,20240317,262,3,24,2,19,1648.77,31326.63,1566.33,29760.3,11558.72
107271,20230325,54,6,1,8,12,8457.66,101491.92,5074.6,96417.32,51877.01
107272,20250930,219,2,14,9,18,576.14,10370.52,2074.1,8296.42,3004.82
107273,20250306,263,1,8,10,2,7004.72,14009.44,0.0,14009.44,7612.51
107274,20230305,4,6,22,3,9,8457.66,76118.94,11417.84,64701.1,29384.79
107275,20230612,103,2,9,10,7,576.14,4032.98,604.95,3428.03,1485.22
107276,20250102,253,5,7,6,6,12606.96,75641.76,0.0,75641.76,39823.28
107277,20230903,177,5,19,2,11,12606.96,138676.56,6933.83,131742.73,65585.27
107278,20230924,296,2,25,8,16,576.14,9218.24,460.91,8757.33,4761.78
107279,20250215,25,10,3,7,8,4677.47,37419.76,0.0,37419.76,13589.09
107280,20250502,163,12,19,2,5,1192.37,5961.85,0.0,5961.85,3089.34
107281,20250124,294,5,18,2,7,12606.96,88248.72,8824.87,79423.85,28196.4
107282,20230225,39,7,17,9,1,11044.9,11044.9,0.0,11044.9,4047.14
107283,20240319,214,1,20,1,13,7004.72,91061.36,0.0,91061.36,42953.02
107284,20250115,101,11,9,5,20,4866.69,97333.8,4866.69,92467.11,34695.49
107285,20230107,299,7,2,6,4,11044.9,44179.6,0.0,44179.6,18420.85
107286,20230301,184,4,6,9,12,4210.9,50530.8,10106.16,40424.64,20172.05
107287,20240923,288,9,24,8,18,2112.21,38019.78,1900.99,36118.79,17614.67
107288,20230205,154,10,16,9,2,4677.47,9354.94,0.0,9354.94,3791.14
107289,20241107,166,6,4,9,13,8457.66,109949.58,5497.48,104452.1,40951.88
107290,20240802,17,6,25,8,15,8457.66,126864.9,12686.49,114178.41,55312.98
107291,20240815,52,2,21,3,19,576.14,10946.66,0.0,10946.66,4267.06
107292,20230721,1,4,17,9,19,4210.9,80007.1,0.0,80007.1,34346.25
107293,20250330,255,8,22,3,1,8152.69,8152.69,407.63,7745.06,3761.16
107294,20250107,80,2,17,8,11,576.14,6337.54,633.75,5703.79,2966.54
107295,20250214,272,12,2,6,9,1192.37,10731.33,1073.13,9658.2,3745.71
107296,20240617,74,10,1,7,2,4677.47,9354.94,1870.99,7483.95,3389.9
107297,20251223,74,6,25,7,18,8457.66,152237.88,15223.79,137014.09,56845.98
107298,20251118,103,10,23,10,18,4677.47,84194.46,0.0,84194.46,37521.4
107299,20240314,232,8,7,6,3,8152.69,24458.07,0.0,24458.07,10361.52
107300,20250418,291,11,23,9,10,4866.69,48666.9,2433.35,46233.55,18079.65
107301,20230507,234,5,17,5,15,12606.96,189104.4,28365.66,160738.74,58754.57
107302,20240122,132,1,24,7,19,7004.72,133089.68,0.0,133089.68,63985.0
107303,20240714,8,6,2,10,3,8457.66,25372.98,1268.65,24104.33,9606.8
107304,20250302,39,8,2,9,1,8152.69,8152.69,0.0,8152.69,3303.71
107305,20250102,156,12,22,5,4,1192.37,4769.48,476.95,4292.53,2164.26
107306,20231004,99,11,9,4,17,4866.69,82733.73,12410.06,70323.67,24731.33
107307,20240805,167,3,11,7,11,1648.77,18136.47,2720.47,15416.0,7552.97
107308,20250227,75,6,12,1,14,8457.66,118407.24,0.0,118407.24,47811.19
107309,20231115,289,9,15,8,2,2112.21,4224.42,0.0,4224.42,2188.54
107310,20240126,67,2,11,1,5,576.14,2880.7,144.03,2736.67,1016.88
107311,20250602,57,2,4,9,10,576.14,5761.4,288.07,5473.33,2172.02
107312,20240528,20,10,13,6,11,4677.47,51452.17,7717.83,43734.34,16492.43
107313,20250422,40,3,4,2,13,1648.77,21434.01,2143.4,19290.61,8344.85
107314,20240903,265,2,23,8,2,576.14,1152.28,0.0,1152.28,418.11
107315,20240229,113,12,1,8,4,1192.37,4769.48,238.47,4531.01,2111.18
107316,20250220,173,6,21,2,13,8457.66,109949.58,10994.96,98954.62,52558.44
107317,20240118,114,9,24,6,7,2112.21,14785.47,0.0,14785.47,6084.02
107318,20240823,124,5,10,10,13,12606.96,163890.48,24583.57,139306.91,53639.18
107319,20251031,12,12,16,6,9,1192.37,10731.33,1073.13,9658.2,4622.71
107320,20241004,103,9,22,10,19,2112.21,40131.99,4013.2,36118.79,12739.9
107321,20250122,4,10,25,3,9,4677.47,42097.23,0.0,42097.23,20131.55
107322,20250611,279,4,13,7,5,4210.9,21054.5,0.0,21054.5,9245.5
107323,20240102,44,1,23,1,17,7004.72,119080.24,5954.01,113126.23,50157.1
107324,20230908,26,6,19,5,3,8457.66,25372.98,3805.95,21567.03,11487.64
107325,20250801,294,9,24,2,3,2112.21,6336.63,0.0,6336.63,2643.83
107326,20240930,183,12,12,5,6,1192.37,7154.22,357.71,6796.51,2726.74
107327,20241012,72,3,4,1,16,1648.77,26380.32,0.0,26380.32,12143.87
107328,20231017,136,9,16,3,6,2112.21,12673.26,633.66,12039.6,4357.66
107329,20231128,12,3,20,6,3,1648.77,4946.31,247.32,4698.99,2075.97
107330,20231219,197,6,25,2,4,8457.66,33830.64,3383.06,30447.58,12142.32
107331,20240622,75,1,10,1,11,7004.72,77051.92,7705.19,69346.73,31423.69
107332,20230816,126,2,10,1,12,576.14,6913.68,1382.74,5530.94,2890.87
107333,20231008,191,4,2,10,7,4210.9,29476.3,0.0,29476.3,11133.16
107334,20230514,113,1,1,8,4,7004.72,28018.88,0.0,28018.88,10175.96
107335,20250518,155,5,6,10,3,12606.96,37820.88,0.0,37820.88,16754.44
107336,20250906,258,11,22,6,1,4866.69,4866.69,973.34,3893.35,1651.8
107337,20231010,69,8,16,4,1,8152.69,8152.69,1222.9,6929.79,2601.29
107338,20230419,157,10,15,8,13,4677.47,60807.11,3040.36,57766.75,27733.84
107339,20251127,231,12,6,3,12,1192.37,14308.44,715.42,13593.02,6366.02
107340,20240918,40,2,7,2,12,576.14,6913.68,0.0,6913.68,3039.02
107341,20250608,149,10,20,10,13,4677.47,60807.11,3040.36,57766.75,28312.41
107342,20250405,98,4,19,4,14,4210.9,58952.6,2947.63,56004.97,30193.07
107343,20250626,58,2,20,3,10,576.14,5761.4,288.07,5473.33,1967.91
107344,20241230,95,3,2,6,4,1648.77,6595.08,0.0,6595.08,3474.76
107345,20250917,5,12,10,10,5,1192.37,5961.85,0.0,5961.85,2920.94
107346,20240402,121,11,23,4,5,4866.69,24333.45,0.0,24333.45,11202.67
107347,20240915,119,4,4,10,14,4210.9,58952.6,8842.89,50109.71,27059.18
107348,20250602,208,12,20,4,16,1192.37,19077.92,0.0,19077.92,7850.17
107349,20250426,299,8,2,6,16,8152.69,130443.04,0.0,130443.04,61402.9
107350,20251215,297,6,3,9,4,8457.66,33830.64,0.0,33830.64,15183.79
107351,20250718,66,4,19,3,2,4210.9,8421.8,1263.27,7158.53,3213.78
107352,20241021,189,9,13,1,1,2112.21,2112.21,0.0,2112.21,866.61
107353,20240306,207,3,24,7,10,1648.77,16487.7,0.0,16487.7,7450.73
107354,20240807,193,12,19,3,7,1192.37,8346.59,417.33,7929.26,4063.66
107355,20250803,283,8,12,3,1,8152.69,8152.69,407.63,7745.06,2746.49
107356,20250730,34,2,16,6,17,576.14,9794.38,0.0,9794.38,4029.03
107357,20230411,31,3,24,2,16,1648.77,26380.32,2638.03,23742.29,11984.47
107358,20240607,88,5,10,6,8,12606.96,100855.68,5042.78,95812.9,49358.17
107359,20250411,200,7,2,5,10,11044.9,110449.0,0.0,110449.0,55352.24
107360,20250728,60,2,18,2,17,576.14,9794.38,0.0,9794.38,3560.94
107361,20231212,251,12,15,4,8,1192.37,9538.96,0.0,9538.96,4188.37
107362,20240813,214,8,17,1,10,8152.69,81526.9,0.0,81526.9,30579.55
107363,20240426,125,11,21,3,4,4866.69,19466.76,973.34,18493.42,9540.87
107364,20251130,54,6,14,8,16,8457.66,135322.56,0.0,135322.56,55073.58
107365,20240313,172,5,21,1,12,12606.96,151283.52,0.0,151283.52,66207.29
107366,20250724,16,12,15,4,20,1192.37,23847.4,2384.74,21462.66,7773.9
107367,20250624,29,5,21,1,12,12606.96,151283.52,0.0,151283.52,59317.44
107368,20230210,37,8,7,3,4,8152.69,32610.76,3261.08,29349.68,11811.42
107369,20231106,242,3,12,8,19,1648.77,31326.63,0.0,31326.63,14963.57
107370,20250101,196,8,23,8,5,8152.69,40763.45,0.0,40763.45,17257.03
107371,20241201,84,6,4,2,16,8457.66,135322.56,6766.13,128556.43,61312.53
107372,20241228,221,6,5,1,13,8457.66,109949.58,0.0,109949.58,41906.15
107373,20240706,111,8,10,7,5,8152.69,40763.45,2038.17,38725.28,14601.34
107374,20231112,13,3,5,2,2,1648.77,3297.54,0.0,3297.54,1156.47
107375,20240822,293,7,2,2,15,11044.9,165673.5,0.0,165673.5,69266.61
107376,20230507,55,12,9,4,17,1192.37,20270.29,1013.51,19256.78,6921.27
107377,20250422,232,4,15,6,6,4210.9,25265.4,0.0,25265.4,9120.53
107378,20240503,83,2,24,5,19,576.14,10946.66,0.0,10946.66,5409.12
107379,20240204,92,1,12,8,1,7004.72,7004.72,350.24,6654.48,2791.39
107380,20250323,291,7,21,9,4,11044.9,44179.6,4417.96,39761.64,20024.39
107381,20241118,277,9,9,5,9,2112.21,19009.89,1900.99,17108.9,6421.33
107382,20250323,129,10,9,8,3,4677.47,14032.41,0.0,14032.41,6995.72
107383,20230310,88,1,18,6,19,7004.72,133089.68,0.0,133089.68,57332.67
107384,20230311,153,1,14,2,5,7004.72,35023.6,0.0,35023.6,13564.65
107385,20250112,62,12,15,4,11,1192.37,13116.07,0.0,13116.07,5577.76
107386,20240102,296,7,1,8,11,11044.9,121493.9,6074.69,115419.21,48560.22
107387,20230615,139,11,7,2,9,4866.69,43800.21,6570.03,37230.18,14367.09
107388,20251011,24,5,7,4,3,12606.96,37820.88,3782.09,34038.79,12221.63
107389,20250721,235,3,6,8,5,1648.77,8243.85,412.19,7831.66,3138.61
107390,20241111,260,10,7,6,13,4677.47,60807.11,3040.36,57766.75,23604.16
107391,20250325,17,2,16,8,13,576.14,7489.82,1497.96,5991.86,2925.17
107392,20250822,272,8,7,6,17,8152.69,138595.73,13859.57,124736.16,56528.72
107393,20230830,54,2,7,8,2,576.14,1152.28,115.23,1037.05,398.67
107394,20231105,107,9,8,6,12,2112.21,25346.52,3801.98,21544.54,8248.97
107395,20240306,239,8,11,5,2,8152.69,16305.38,0.0,16305.38,8301.58
107396,20230303,204,11,8,8,6,4866.69,29200.14,0.0,29200.14,13433.58
107397,20250328,282,5,14,4,2,12606.96,25213.92,0.0,25213.92,9377.79
107398,20231213,215,2,13,5,12,576.14,6913.68,0.0,6913.68,2849.81
107399,20250814,300,4,7,8,19,4210.9,80007.1,4000.36,76006.74,27448.95
107400,20230905,153,11,13,2,3,4866.69,14600.07,1460.01,13140.06,6209.09
107401,20230313,160,8,22,3,13,8152.69,105984.97,0.0,105984.97,40249.19
107402,20250525,188,5,10,1,3,12606.96,37820.88,1891.04,35929.84,12895.21
107403,20240627,102,8,15,2,2,8152.69,16305.38,0.0,16305.38,7859.96
107404,20250727,17,6,1,8,7,8457.66,59203.62,0.0,59203.62,29939.46
107405,20231211,122,8,6,9,9,8152.69,73374.21,0.0,73374.21,29621.49
107406,20241028,204,1,10,8,18,7004.72,126084.96,12608.5,113476.46,59917.41
107407,20230626,44,10,19,1,2,4677.47,9354.94,1403.24,7951.7,3292.36
107408,20250315,121,3,6,4,13,1648.77,21434.01,1071.7,20362.31,7417.1
107409,20230825,40,8,17,2,11,8152.69,89679.59,0.0,89679.59,37623.11
107410,20231217,233,3,19,7,3,1648.77,4946.31,247.32,4698.99,1918.29
107411,20231013,75,3,20,1,5,1648.77,8243.85,1236.58,7007.27,2798.37
107412,20240610,37,9,15,3,11,2112.21,23234.31,2323.43,20910.88,9319.59
107413,20250310,45,8,13,3,12,8152.69,97832.28,9783.23,88049.05,33666.37
107414,20240613,187,9,17,10,8,2112.21,16897.68,844.88,16052.8,5663.62
107415,20240318,121,11,10,4,2,4866.69,9733.38,486.67,9246.71,4592.06
107416,20240203,242,9,7,8,13,2112.21,27458.73,4118.81,23339.92,8693.58
107417,20240109,200,7,17,5,13,11044.9,143583.7,0.0,143583.7,65119.98
107418,20230215,247,10,12,10,14,4677.47,65484.58,0.0,65484.58,23585.6
107419,20230412,96,3,16,5,12,1648.77,19785.24,0.0,19785.24,7723.02
107420,20250417,9,5,16,9,1,12606.96,12606.96,630.35,11976.61,5533.95
107421,20240425,114,8,3,6,9,8152.69,73374.21,0.0,73374.21,27316.65
107422,20250825,148,8,6,3,16,8152.69,130443.04,13044.3,117398.74,46435.18
107423,20231226,74,11,14,7,17,4866.69,82733.73,4136.69,78597.04,41248.27
107424,20241102,134,3,16,5,14,1648.77,23082.78,2308.28,20774.5,7794.43
107425,20240519,127,7,24,8,19,11044.9,209853.1,31477.97,178375.13,80652.67
107426,20231017,159,1,22,4,16,7004.72,112075.52,0.0,112075.52,59771.12
107427,20230625,177,10,17,2,4,4677.47,18709.88,935.49,17774.39,8592.41
107428,20230604,257,1,19,7,17,7004.72,119080.24,11908.02,107172.22,38170.72
107429,20251230,288,12,2,8,9,1192.37,10731.33,0.0,10731.33,4202.08
107430,20250317,91,8,5,6,9,8152.69,73374.21,7337.42,66036.79,27462.19
107431,20230918,96,8,12,5,20,8152.69,163053.8,0.0,163053.8,69777.52
107432,20240421,69,12,23,4,16,1192.37,19077.92,0.0,19077.92,10094.7
107433,20230728,162,6,8,3,5,8457.66,42288.3,0.0,42288.3,21373.72
107434,20250314,297,4,25,9,6,4210.9,25265.4,1263.27,24002.13,12757.61
107435,20240603,186,2,3,4,13,576.14,7489.82,0.0,7489.82,3673.47
107436,20230521,217,1,18,3,13,7004.72,91061.36,0.0,91061.36,49339.27
107437,20241027,55,4,7,4,19,4210.9,80007.1,4000.36,76006.74,38966.32
107438,20230110,175,8,11,9,5,8152.69,40763.45,2038.17,38725.28,16699.15
107439,20240916,246,2,22,9,3,576.14,1728.42,86.42,1642.0,644.39
107440,20231003,2,8,5,5,7,8152.69,57068.83,5706.88,51361.95,19195.81
107441,20230628,276,5,13,6,11,12606.96,138676.56,20801.48,117875.08,61539.48
107442,20250421,112,7,19,4,17,11044.9,187763.3,0.0,187763.3,99729.22
107443,20230510,194,8,24,4,14,8152.69,114137.66,5706.88,108430.78,45772.24
107444,20230604,195,7,19,9,15,11044.9,165673.5,8283.68,157389.82,78400.27
107445,20231010,102,7,9,2,10,11044.9,110449.0,5522.45,104926.55,48756.25
107446,20241212,54,5,8,8,15,12606.96,189104.4,18910.44,170193.96,84686.89
107447,20240208,129,3,10,8,20,1648.77,32975.4,0.0,32975.4,14298.74
107448,20250530,102,2,16,2,15,576.14,8642.1,432.11,8209.99,3319.43
107449,20240713,76,3,5,3,4,1648.77,6595.08,989.26,5605.82,2724.12
107450,20230926,56,12,19,2,16,1192.37,19077.92,0.0,19077.92,8635.48
107451,20230227,120,5,15,9,7,12606.96,88248.72,0.0,88248.72,36652.57
107452,20230306,91,10,12,6,18,4677.47,84194.46,0.0,84194.46,38889.73
107453,20230131,260,12,7,6,8,1192.37,9538.96,0.0,9538.96,3531.55
107454,20240903,161,4,24,7,11,4210.9,46319.9,0.0,46319.9,18227.69
107455,20250523,104,11,23,7,10,4866.69,48666.9,9733.38,38933.52,14136.28
107456,20250619,40,10,22,2,3,4677.47,14032.41,2104.86,11927.55,5082.85
107457,20240205,179,5,15,5,3,12606.96,37820.88,3782.09,34038.79,17847.44
107458,20240308,125,11,21,3,17,4866.69,82733.73,12410.06,70323.67,26953.3
107459,20240911,56,8,14,2,18,8152.69,146748.42,7337.42,139411.0,52718.05
107460,20231029,17,7,18,8,5,11044.9,55224.5,2761.23,52463.27,25129.57
107461,20240605,175,9,23,9,2,2112.21,4224.42,0.0,4224.42,1911.32
107462,20240913,178,8,4,5,18,8152.69,146748.42,7337.42,139411.0,75397.73
107463,20230724,289,11,21,8,17,4866.69,82733.73,16546.75,66186.98,28820.73
107464,20231227,190,5,20,4,20,12606.96,252139.2,0.0,252139.2,134656.5
107465,20241021,128,12,14,8,11,1192.37,13116.07,0.0,13116.07,5159.82
107466,20251125,223,2,8,10,14,576.14,8065.96,403.3,7662.66,3127.57
107467,20250301,42,7,4,6,14,11044.9,154628.6,15462.86,139165.74,57578.92
107468,20240508,116,8,22,4,1,8152.69,8152.69,407.63,7745.06,3745.81
107469,20240430,196,8,3,8,5,8152.69,40763.45,2038.17,38725.28,15564.94
107470,20230109,214,10,25,1,12,4677.47,56129.64,11225.93,44903.71,22942.09
107471,20231223,56,8,17,2,20,8152.69,163053.8,0.0,163053.8,57082.16
107472,20250305,231,3,20,3,14,1648.77,23082.78,1154.14,21928.64,8292.58
107473,20230418,140,2,18,10,14,576.14,8065.96,0.0,8065.96,3138.27
107474,20230805,194,8,18,4,15,8152.69,122290.35,0.0,122290.35,59665.96
107475,20250227,133,8,9,7,1,8152.69,8152.69,1222.9,6929.79,3649.94
107476,20231022,187,6,8,10,4,8457.66,33830.64,1691.53,32139.11,13401.2
107477,20230103,134,7,4,5,14,11044.9,154628.6,0.0,154628.6,75953.64
107478,20240710,26,4,20,5,15,4210.9,63163.5,0.0,63163.5,26890.43
107479,20241119,145,6,15,8,14,8457.66,118407.24,11840.72,106566.52,50773.74
107480,20240825,46,5,5,1,12,12606.96,151283.52,22692.53,128590.99,64357.46
107481,20241223,201,4,14,8,2,4210.9,8421.8,0.0,8421.8,3503.62
107482,20241021,83,9,25,5,17,2112.21,35907.57,0.0,35907.57,13399.89
107483,20240306,77,10,20,4,14,4677.47,65484.58,3274.23,62210.35,24463.43
107484,20240924,104,6,18,7,12,8457.66,101491.92,5074.6,96417.32,35830.05
107485,20250806,239,7,8,5,17,11044.9,187763.3,0.0,187763.3,100685.16
107486,20231031,73,6,23,2,9,8457.66,76118.94,0.0,76118.94,37181.29
107487,20240206,216,7,6,3,17,11044.9,187763.3,9388.16,178375.14,65172.11
107488,20230826,224,6,7,10,11,8457.66,93034.26,4651.71,88382.55,36817.31
107489,20240204,138,6,2,4,14,8457.66,118407.24,11840.72,106566.52,48410.46
107490,20241120,258,11,5,6,20,4866.69,97333.8,0.0,97333.8,42106.71
107491,20230506,294,12,15,2,5,1192.37,5961.85,298.09,5663.76,2350.77
107492,20240720,63,8,19,10,7,8152.69,57068.83,5706.88,51361.95,25873.39
107493,20240904,113,2,10,8,19,576.14,10946.66,1094.67,9851.99,3967.02
107494,20230526,183,5,10,5,2,12606.96,25213.92,1260.7,23953.22,10599.84
107495,20250308,76,5,5,3,18,12606.96,226925.28,45385.06,181540.22,76636.44
107496,20240619,17,5,1,8,12,12606.96,151283.52,0.0,151283.52,73213.19
107497,20250920,239,1,7,5,12,7004.72,84056.64,0.0,84056.64,37184.7
107498,20250217,119,1,15,10,15,7004.72,105070.8,5253.54,99817.26,47067.04
107499,20241018,40,11,21,2,1,4866.69,4866.69,243.33,4623.36,1983.63
107500,20241225,51,10,10,3,1,4677.47,4677.47,233.87,4443.6,2289.84
107501,20240412,144,7,4,5,12,11044.9,132538.8,13253.88,119284.92,48237.54
107502,20230509,256,1,17,2,5,7004.72,35023.6,1751.18,33272.42,12571.37
107503,20231021,163,2,25,2,7,576.14,4032.98,201.65,3831.33,1344.32
107504,20241229,23,2,24,9,3,576.14,1728.42,0.0,1728.42,693.69
107505,20250701,91,10,19,6,2,4677.47,9354.94,935.49,8419.45,4629.38
107506,20241021,65,4,16,5,17,4210.9,71585.3,0.0,71585.3,33903.28
107507,20240601,254,6,16,7,10,8457.66,84576.6,0.0,84576.6,45303.68
107508,20240802,146,3,13,6,8,1648.77,13190.16,0.0,13190.16,6788.56
107509,20240518,286,9,10,10,14,2112.21,29570.94,0.0,29570.94,13725.25
107510,20230328,107,12,10,6,18,1192.37,21462.66,0.0,21462.66,7739.73
107511,20231010,151,2,7,3,2,576.14,1152.28,0.0,1152.28,586.43
107512,20250410,131,11,24,10,9,4866.69,43800.21,4380.02,39420.19,14120.47
107513,20250119,290,4,10,8,4,4210.9,16843.6,3368.72,13474.88,6556.47
107514,20240203,105,5,23,4,8,12606.96,100855.68,15128.35,85727.33,42155.1
107515,20230328,233,2,18,7,5,576.14,2880.7,288.07,2592.63,959.21
107516,20251224,82,2,13,8,1,576.14,576.14,86.42,489.72,236.55
107517,20231204,113,2,17,8,13,576.14,7489.82,374.49,7115.33,3393.68
107518,20251203,59,11,3,6,1,4866.69,4866.69,243.33,4623.36,2494.93
107519,20230505,79,4,18,8,18,4210.9,75796.2,0.0,75796.2,32578.98
107520,20250909,4,11,5,3,12,4866.69,58400.28,2920.01,55480.27,29213.16
107521,20240506,184,7,10,9,9,11044.9,99404.1,9940.41,89463.69,47478.7
107522,20240123,179,5,25,5,15,12606.96,189104.4,18910.44,170193.96,77382.78
107523,20240524,290,12,13,8,6,1192.37,7154.22,0.0,7154.22,2527.82
107524,20231118,119,9,23,10,9,2112.21,19009.89,3801.98,15207.91,5760.42
107525,20240406,37,8,21,3,12,8152.69,97832.28,4891.61,92940.67,37387.18
107526,20230121,23,10,21,9,1,4677.47,4677.47,467.75,4209.72,1997.18
107527,20250117,246,3,17,9,13,1648.77,21434.01,1071.7,20362.31,9630.83
107528,20240427,296,11,3,8,1,4866.69,4866.69,0.0,4866.69,2402.12
107529,20240408,113,4,17,8,6,4210.9,25265.4,1263.27,24002.13,13058.08
107530,20241017,111,5,18,7,2,12606.96,25213.92,3782.09,21431.83,10468.39
107531,20250308,201,9,20,8,19,2112.21,40131.99,4013.2,36118.79,14342.56
107532,20250111,281,6,24,7,11,8457.66,93034.26,9303.43,83730.83,29761.6
107533,20230104,58,11,23,3,12,4866.69,58400.28,5840.03,52560.25,21578.47
107534,20240923,282,5,16,4,20,12606.96,252139.2,0.0,252139.2,110768.95
107535,20230427,188,2,24,1,18,576.14,10370.52,1555.58,8814.94,3907.2
107536,20240122,69,3,4,4,15,1648.77,24731.55,1236.58,23494.97,11114.73
107537,20230422,69,6,25,4,9,8457.66,76118.94,7611.89,68507.05,32569.88
107538,20251220,124,10,3,10,1,4677.47,4677.47,935.49,3741.98,1465.96
107539,20230113,141,2,24,4,2,576.14,1152.28,0.0,1152.28,515.48
107540,20251106,35,1,5,5,20,7004.72,140094.4,7004.72,133089.68,62430.75
107541,20250706,168,6,4,10,5,8457.66,42288.3,2114.42,40173.88,17783.43
107542,20230425,253,10,14,6,7,4677.47,32742.29,0.0,32742.29,11611.05
107543,20240106,82,6,4,8,15,8457.66,126864.9,0.0,126864.9,55488.3
107544,20251226,90,2,6,8,16,576.14,9218.24,0.0,9218.24,3522.07
107545,20240301,110,5,12,5,19,12606.96,239532.24,35929.84,203602.4,85416.1
107546,20231229,189,7,12,1,13,11044.9,143583.7,0.0,143583.7,66911.54
107547,20231217,167,10,2,7,19,4677.47,88871.93,13330.79,75541.14,35003.05
107548,20240831,39,5,16,9,12,12606.96,151283.52,22692.53,128590.99,64578.5
107549,20250525,101,8,25,5,18,8152.69,146748.42,22012.26,124736.16,68083.0
107550,20231226,179,7,10,5,17,11044.9,187763.3,0.0,187763.3,81805.12
107551,20240930,255,7,14,3,19,11044.9,209853.1,0.0,209853.1,101318.49
107552,20251014,249,12,1,3,11,1192.37,13116.07,0.0,13116.07,5657.84
107553,20250118,27,7,15,9,20,11044.9,220898.0,22089.8,198808.2,92687.17
107554,20240727,173,2,4,2,12,576.14,6913.68,345.68,6568.0,2305.69
107555,20231009,170,7,17,3,15,11044.9,165673.5,0.0,165673.5,86898.47
107556,20250519,135,7,20,2,16,11044.9,176718.4,8835.92,167882.48,60316.36
107557,20230407,154,12,13,9,14,1192.37,16693.18,1669.32,15023.86,7339.52
107558,20250309,113,9,23,8,6,2112.21,12673.26,633.66,12039.6,4290.1
107559,20240828,53,7,5,4,15,11044.9,165673.5,0.0,165673.5,86445.92
107560,20231130,15,11,20,6,6,4866.69,29200.14,0.0,29200.14,11240.78
107561,20240113,115,9,1,6,6,2112.21,12673.26,633.66,12039.6,5831.94
107562,20240730,136,12,13,3,5,1192.37,5961.85,894.28,5067.57,2156.79
107563,20241025,50,5,17,7,15,12606.96,189104.4,0.0,189104.4,98447.67
107564,20230707,162,11,4,3,5,4866.69,24333.45,2433.35,21900.1,11816.61
107565,20240718,190,9,20,4,8,2112.21,16897.68,1689.77,15207.91,6984.04
107566,20240402,117,6,17,4,10,8457.66,84576.6,4228.83,80347.77,38202.4
107567,20230517,222,10,12,8,8,4677.47,37419.76,5612.96,31806.8,16999.13
107568,20241126,74,3,18,7,16,1648.77,26380.32,2638.03,23742.29,9837.35
107569,20230923,4,10,23,3,2,4677.47,9354.94,0.0,9354.94,3442.27
107570,20240910,295,8,8,3,3,8152.69,24458.07,0.0,24458.07,9964.86
107571,20250516,123,4,14,8,1,4210.9,4210.9,210.54,4000.36,1888.3
107572,20230717,28,6,22,4,1,8457.66,8457.66,0.0,8457.66,4643.75
107573,20241021,200,11,4,5,20,4866.69,97333.8,9733.38,87600.42,46425.95
107574,20240705,32,1,23,4,12,7004.72,84056.64,4202.83,79853.81,33810.49
107575,20251130,107,5,22,6,10,12606.96,126069.6,0.0,126069.6,62666.69
107576,20231211,46,1,23,1,10,7004.72,70047.2,0.0,70047.2,33985.6
107577,20240825,46,9,6,1,18,2112.21,38019.78,1900.99,36118.79,19498.58
107578,20241018,139,10,2,2,15,4677.47,70162.05,3508.1,66653.95,25649.35
107579,20241104,18,12,12,7,10,1192.37,11923.7,0.0,11923.7,6540.49
107580,20230905,25,10,7,7,15,4677.47,70162.05,0.0,70162.05,30839.62
107581,20250812,2,8,19,5,13,8152.69,105984.97,10598.5,95386.47,33950.53
107582,20250403,48,11,14,5,19,4866.69,92467.11,0.0,92467.11,36270.31
107583,20250117,52,3,18,3,9,1648.77,14838.93,1483.89,13355.04,6160.96
107584,20250216,161,6,19,7,12,8457.66,101491.92,5074.6,96417.32,36833.73
107585,20250806,32,12,14,4,19,1192.37,22655.03,1132.75,21522.28,8098.4
107586,20231007,213,10,22,4,4,4677.47,18709.88,1870.99,16838.89,7202.54
107587,20240530,15,7,1,6,17,11044.9,187763.3,9388.16,178375.14,80173.6
107588,20230912,10,1,6,3,8,7004.72,56037.76,0.0,56037.76,20475.72
107589,20231009,14,10,25,4,9,4677.47,42097.23,0.0,42097.23,19670.83
107590,20250224,299,2,11,6,16,576.14,9218.24,0.0,9218.24,3707.43
107591,20240619,100,9,12,8,14,2112.21,29570.94,0.0,29570.94,13168.86
107592,20251114,138,10,23,4,3,4677.47,14032.41,0.0,14032.41,6428.56
107593,20250827,271,8,1,3,4,8152.69,32610.76,1630.54,30980.22,11391.84
107594,20230629,62,12,8,4,8,1192.37,9538.96,953.9,8585.06,4052.33
107595,20231124,107,4,4,6,9,4210.9,37898.1,0.0,37898.1,15352.41
107596,20250624,7,11,15,2,4,4866.69,19466.76,0.0,19466.76,8772.59
107597,20250502,123,4,24,8,17,4210.9,71585.3,3579.27,68006.03,34859.85
107598,20230325,263,12,3,10,7,1192.37,8346.59,834.66,7511.93,2887.84
107599,20230414,260,3,6,6,2,1648.77,3297.54,0.0,3297.54,1496.46
107600,20240504,163,2,20,2,16,576.14,9218.24,460.91,8757.33,4600.68
107601,20230720,213,5,19,4,12,12606.96,151283.52,7564.18,143719.34,73386.65
107602,20230312,149,3,22,10,11,1648.77,18136.47,3627.29,14509.18,6793.79
107603,20230131,96,9,10,5,6,2112.21,12673.26,0.0,12673.26,6374.3
107604,20251018,23,12,4,9,18,1192.37,21462.66,2146.27,19316.39,9285.3
107605,20240402,49,4,16,4,16,4210.9,67374.4,6737.44,60636.96,23764.99
107606,20230313,115,1,11,6,16,7004.72,112075.52,5603.78,106471.74,44336.83
107607,20230706,255,4,8,3,8,4210.9,33687.2,5053.08,28634.12,13003.07
107608,20240421,210,9,6,4,6,2112.21,12673.26,0.0,12673.26,6027.84
107609,20241116,80,10,23,8,16,4677.47,74839.52,3741.98,71097.54,32748.03
107610,20240812,207,3,3,7,3,1648.77,4946.31,0.0,4946.31,2178.04
107611,20230420,214,3,2,1,17,1648.77,28029.09,0.0,28029.09,10403.11
107612,20230929,138,1,15,4,13,7004.72,91061.36,4553.07,86508.29,42718.39
107613,20241122,110,7,5,5,19,11044.9,209853.1,0.0,209853.1,105193.31
107614,20240517,171,1,21,6,4,7004.72,28018.88,0.0,28018.88,11324.46
107615,20250211,278,12,19,2,11,1192.37,13116.07,0.0,13116.07,4938.42
107616,20230619,270,5,17,10,19,12606.96,239532.24,35929.84,203602.4,81708.77
107617,20240710,299,5,24,6,20,12606.96,252139.2,12606.96,239532.24,100689.81
107618,20250812,76,11,25,3,2,4866.69,9733.38,0.0,9733.38,3894.73
107619,20240919,65,11,4,5,15,4866.69,73000.35,7300.04,65700.31,28407.84
107620,20240610,1,5,13,9,11,12606.96,138676.56,0.0,138676.56,56399.8
107621,20240613,157,7,23,8,12,11044.9,132538.8,6626.94,125911.86,57083.69
107622,20240821,163,3,11,2,5,1648.77,8243.85,824.39,7419.46,3356.0
107623,20251112,274,11,13,3,10,4866.69,48666.9,0.0,48666.9,25448.8
107624,20240414,13,5,8,2,3,12606.96,37820.88,1891.04,35929.84,16585.97
107625,20231114,40,4,20,2,4,4210.9,16843.6,0.0,16843.6,7366.94
107626,20251019,175,5,17,9,8,12606.96,100855.68,5042.78,95812.9,42879.65
107627,20250917,68,12,25,10,15,1192.37,17885.55,1788.56,16096.99,8848.96
107628,20240529,78,3,9,8,4,1648.77,6595.08,0.0,6595.08,2726.85
107629,20230104,105,9,22,4,7,2112.21,14785.47,0.0,14785.47,5464.54
107630,20240812,244,3,6,10,8,1648.77,13190.16,2638.03,10552.13,5498.67
107631,20231027,23,8,10,9,3,8152.69,24458.07,1222.9,23235.17,9738.03
107632,20250904,26,11,2,5,14,4866.69,68133.66,0.0,68133.66,27045.53
107633,20250929,234,4,8,5,12,4210.9,50530.8,0.0,50530.8,27713.44
107634,20251223,175,9,7,9,15,2112.21,31683.15,0.0,31683.15,15413.13
107635,20240103,213,4,6,4,3,4210.9,12632.7,631.64,12001.06,4875.18
107636,20250126,52,12,2,3,18,1192.37,21462.66,1073.13,20389.53,10256.83
107637,20251122,48,9,4,5,4,2112.21,8448.84,844.88,7603.96,3576.36
107638,20240707,93,9,4,10,16,2112.21,33795.36,3379.54,30415.82,14969.33
107639,20240426,147,3,25,10,1,1648.77,1648.77,82.44,1566.33,607.64
107640,20241015,174,4,10,7,7,4210.9,29476.3,0.0,29476.3,13640.68
107641,20250718,51,10,15,3,5,4677.47,23387.35,1169.37,22217.98,8977.79
107642,20240317,95,5,5,6,9,12606.96,113462.64,11346.26,102116.38,52650.29
107643,20230307,13,10,21,2,3,4677.47,14032.41,1403.24,12629.17,6859.63
107644,20250730,116,2,13,4,7,576.14,4032.98,0.0,4032.98,1648.19
107645,20240410,2,11,17,5,16,4866.69,77867.04,7786.7,70080.34,26920.76
107646,20240605,246,9,8,9,19,2112.21,40131.99,4013.2,36118.79,19307.6
107647,20230901,70,2,6,9,12,576.14,6913.68,345.68,6568.0,3364.37
107648,20250603,40,1,5,2,10,7004.72,70047.2,10507.08,59540.12,27613.54
107649,20251027,92,8,25,8,6,8152.69,48916.14,9783.23,39132.91,15973.11
107650,20250107,91,1,15,6,13,7004.72,91061.36,4553.07,86508.29,41152.15
107651,20230607,183,3,18,5,7,1648.77,11541.39,0.0,11541.39,6195.39
107652,20250807,253,9,19,6,12,2112.21,25346.52,0.0,25346.52,10927.85
107653,20230426,55,9,2,4,2,2112.21,4224.42,0.0,4224.42,1729.27
107654,20230212,74,8,15,7,13,8152.69,105984.97,0.0,105984.97,51198.59
107655,20230916,114,2,13,6,5,576.14,2880.7,0.0,2880.7,1279.81
107656,20230708,13,1,1,2,7,7004.72,49033.04,0.0,49033.04,21192.1
107657,20241215,242,5,8,8,19,12606.96,239532.24,23953.22,215579.02,117957.64
107658,20240429,281,5,15,7,3,12606.96,37820.88,3782.09,34038.79,15635.95
107659,20250119,258,2,13,6,8,576.14,4609.12,691.37,3917.75,2096.69
107660,20230808,90,10,3,8,18,4677.47,84194.46,0.0,84194.46,36322.29
107661,20250829,69,6,4,4,3,8457.66,25372.98,0.0,25372.98,12248.89
107662,20230306,106,12,3,2,2,1192.37,2384.74,0.0,2384.74,907.58
107663,20250621,13,6,2,2,13,8457.66,109949.58,10994.96,98954.62,47961.26
107664,20231224,180,3,5,7,19,1648.77,31326.63,0.0,31326.63,12727.08
107665,20250316,173,12,22,2,9,1192.37,10731.33,536.57,10194.76,4021.91
107666,20230607,222,10,3,8,10,4677.47,46774.7,0.0,46774.7,24784.77
107667,20230420,106,7,11,2,8,11044.9,88359.2,0.0,88359.2,44142.03
107668,20240731,82,4,15,8,6,4210.9,25265.4,5053.08,20212.32,8107.72
107669,20250518,232,7,24,6,5,11044.9,55224.5,0.0,55224.5,29396.13
107670,20250913,200,2,16,5,10,576.14,5761.4,288.07,5473.33,2559.37
107671,20240722,183,6,6,5,5,8457.66,42288.3,0.0,42288.3,21201.79
107672,20230330,185,10,14,5,9,4677.47,42097.23,8419.45,33677.78,12779.51
107673,20240814,231,9,2,3,13,2112.21,27458.73,0.0,27458.73,12259.15
107674,20250326,21,12,21,9,7,1192.37,8346.59,0.0,8346.59,4174.52
107675,20251113,249,4,3,3,4,4210.9,16843.6,842.18,16001.42,5993.69
107676,20250217,176,4,19,10,20,4210.9,84218.0,0.0,84218.0,45090.01
107677,20230716,163,5,6,2,9,12606.96,113462.64,0.0,113462.64,47592.85
107678,20240618,110,11,15,5,20,4866.69,97333.8,19466.76,77867.04,28200.41
107679,20251210,213,9,1,4,17,2112.21,35907.57,3590.76,32316.81,12868.3
107680,20251215,190,6,17,4,8,8457.66,67661.28,3383.06,64278.22,26620.01
107681,20250707,192,10,15,1,19,4677.47,88871.93,4443.6,84428.33,42403.63
107682,20250916,134,3,12,5,10,1648.77,16487.7,2473.16,14014.54,6676.66
107683,20230429,156,4,13,5,17,4210.9,71585.3,0.0,71585.3,31890.31
107684,20250406,264,5,19,6,16,12606.96,201711.36,30256.7,171454.66,78114.74
107685,20230507,232,9,21,6,14,2112.21,29570.94,4435.64,25135.3,11216.42
107686,20240107,163,4,2,2,17,4210.9,71585.3,0.0,71585.3,32642.03
107687,20250407,225,9,22,9,20,2112.21,42244.2,0.0,42244.2,15700.55
107688,20240331,82,5,14,8,16,12606.96,201711.36,0.0,201711.36,99398.93
107689,20231113,238,6,6,9,7,8457.66,59203.62,2960.18,56243.44,20871.95
107690,20230118,76,12,20,3,12,1192.37,14308.44,2146.27,12162.17,5815.05
107691,20240126,163,2,25,2,18,576.14,10370.52,1037.05,9333.47,3921.67
107692,20230424,188,4,6,1,2,4210.9,8421.8,421.09,8000.71,3193.38
107693,20230606,114,11,21,6,1,4866.69,4866.69,0.0,4866.69,2006.79
107694,20250414,141,2,20,4,16,576.14,9218.24,0.0,9218.24,4266.92
107695,20240814,37,11,2,3,7,4866.69,34066.83,1703.34,32363.49,13450.96
107696,20230130,199,10,25,7,8,4677.47,37419.76,0.0,37419.76,18560.24
107697,20251209,137,1,3,7,3,7004.72,21014.16,1050.71,19963.45,10311.02
107698,20230311,128,12,16,8,1,1192.37,1192.37,59.62,1132.75,419.42
107699,20240625,211,8,19,10,2,8152.69,16305.38,815.27,15490.11,6896.48
107700,20240424,244,4,21,10,4,4210.9,16843.6,3368.72,13474.88,6877.47
107701,20231021,230,6,20,2,6,8457.66,50745.96,2537.3,48208.66,20862.59
107702,20230407,44,1,1,1,13,7004.72,91061.36,4553.07,86508.29,46058.8
107703,20250625,241,5,2,1,1,12606.96,12606.96,630.35,11976.61,5298.33
107704,20230510,263,4,5,10,12,4210.9,50530.8,2526.54,48004.26,23417.07
107705,20250326,196,12,3,8,18,1192.37,21462.66,0.0,21462.66,7914.36
107706,20251214,174,4,15,7,2,4210.9,8421.8,0.0,8421.8,3052.67
107707,20230212,52,1,5,3,5,7004.72,35023.6,0.0,35023.6,13075.84
107708,20250321,287,4,20,4,2,4210.9,8421.8,0.0,8421.8,4370.69
107709,20230315,63,2,25,10,18,576.14,10370.52,1555.58,8814.94,4379.15
107710,20240206,138,12,19,4,4,1192.37,4769.48,0.0,4769.48,2033.73
107711,20250806,224,10,17,10,16,4677.47,74839.52,7483.95,67355.57,24108.8
107712,20230814,145,10,10,8,3,4677.47,14032.41,0.0,14032.41,7165.74
107713,20250521,118,3,18,2,5,1648.77,8243.85,824.39,7419.46,3135.17
107714,20250219,132,3,19,7,11,1648.77,18136.47,906.82,17229.65,7361.01
107715,20250605,229,3,4,5,3,1648.77,4946.31,741.95,4204.36,1879.08
107716,20231116,168,5,10,10,20,12606.96,252139.2,0.0,252139.2,104730.53
107717,20231118,142,12,6,1,3,1192.37,3577.11,357.71,3219.4,1553.92
107718,20231018,167,5,21,7,17,12606.96,214318.32,0.0,214318.32,104815.21
107719,20241208,169,1,6,8,10,7004.72,70047.2,0.0,70047.2,28044.54
107720,20231011,215,4,8,5,12,4210.9,50530.8,0.0,50530.8,18851.71
107721,20250806,165,5,17,10,15,12606.96,189104.4,9455.22,179649.18,67366.55
107722,20240202,79,1,5,8,1,7004.72,7004.72,350.24,6654.48,3247.66
107723,20230924,8,4,4,10,17,4210.9,71585.3,3579.27,68006.03,29586.86
107724,20250804,144,5,17,5,6,12606.96,75641.76,0.0,75641.76,37753.72
107725,20230123,256,4,20,2,2,4210.9,8421.8,0.0,8421.8,4352.51
107726,20240904,222,4,2,8,19,4210.9,80007.1,12001.07,68006.03,29479.51
107727,20250708,224,3,19,10,13,1648.77,21434.01,0.0,21434.01,8173.47
107728,20250608,160,10,20,3,3,4677.47,14032.41,2104.86,11927.55,5695.25
107729,20240610,253,2,14,6,10,576.14,5761.4,576.14,5185.26,2432.25
107730,20240610,165,11,17,10,9,4866.69,43800.21,4380.02,39420.19,20965.92
107731,20241205,240,8,23,3,4,8152.69,32610.76,0.0,32610.76,16730.77
107732,20250711,57,6,7,9,9,8457.66,76118.94,0.0,76118.94,34283.75
107733,20240309,90,9,15,8,7,2112.21,14785.47,0.0,14785.47,7490.29
107734,20231222,240,7,14,3,11,11044.9,121493.9,0.0,121493.9,60349.3
107735,20240815,66,8,10,3,20,8152.69,163053.8,16305.38,146748.42,59862.85
107736,20250527,157,6,21,8,9,8457.66,76118.94,3805.95,72312.99,28044.49
107737,20230303,15,3,21,6,4,1648.77,6595.08,659.51,5935.57,2354.86
107738,20250501,168,10,10,10,12,4677.47,56129.64,8419.45,47710.19,18618.86
107739,20231219,111,3,8,7,10,1648.77,16487.7,1648.77,14838.93,6181.6
107740,20240516,112,6,13,4,14,8457.66,118407.24,5920.36,112486.88,43012.99
107741,20230929,269,10,24,9,14,4677.47,65484.58,6548.46,58936.12,29708.11
107742,20250124,156,10,21,5,5,4677.47,23387.35,2338.74,21048.61,11463.89
107743,20240328,281,1,4,7,7,7004.72,49033.04,0.0,49033.04,23394.24
107744,20250323,38,10,3,5,12,4677.47,56129.64,5612.96,50516.68,22548.84
107745,20230117,51,5,3,3,4,12606.96,50427.84,7564.18,42863.66,18055.34
107746,20251218,56,11,13,2,5,4866.69,24333.45,0.0,24333.45,10237.85
107747,20240713,83,9,3,5,4,2112.21,8448.84,0.0,8448.84,3738.86
107748,20250409,173,1,19,2,3,7004.72,21014.16,0.0,21014.16,11130.62
107749,20250707,187,1,12,10,15,7004.72,105070.8,10507.08,94563.72,44549.02
107750,20231008,62,6,3,4,2,8457.66,16915.32,1691.53,15223.79,7166.14
107751,20230709,32,1,21,4,19,7004.72,133089.68,19963.45,113126.23,46266.37
107752,20230131,19,3,15,1,16,1648.77,26380.32,0.0,26380.32,13190.24
107753,20250207,172,7,19,1,10,11044.9,110449.0,0.0,110449.0,52866.24
107754,20240122,284,1,21,9,17,7004.72,119080.24,0.0,119080.24,62243.4
107755,20231204,202,8,14,4,8,8152.69,65221.52,6522.15,58699.37,21724.14
107756,20240925,127,2,24,8,2,576.14,1152.28,57.61,1094.67,433.2
107757,20251027,244,2,9,10,4,576.14,2304.56,0.0,2304.56,1256.8
107758,20240116,222,12,10,8,5,1192.37,5961.85,298.09,5663.76,2017.13
107759,20250209,132,12,13,7,4,1192.37,4769.48,0.0,4769.48,1858.91
107760,20240218,260,12,3,6,14,1192.37,16693.18,834.66,15858.52,7798.2
107761,20231003,277,12,20,5,11,1192.37,13116.07,1967.41,11148.66,5846.52
107762,20241229,273,5,22,4,16,12606.96,201711.36,0.0,201711.36,93095.69
107763,20240822,251,6,5,4,17,8457.66,143780.22,21567.03,122213.19,54612.73
107764,20231128,157,6,20,8,15,8457.66,126864.9,19029.73,107835.17,49730.4
107765,20240101,96,5,11,5,12,12606.96,151283.52,15128.35,136155.17,48372.68
107766,20240726,78,2,1,8,1,576.14,576.14,0.0,576.14,274.95
107767,20250329,61,2,25,7,16,576.14,9218.24,460.91,8757.33,3628.55
107768,20240726,191,4,19,10,2,4210.9,8421.8,842.18,7579.62,3320.15
107769,20250217,197,3,24,2,14,1648.77,23082.78,1154.14,21928.64,11401.08
107770,20240316,122,10,11,9,8,4677.47,37419.76,5612.96,31806.8,15782.42
107771,20230118,17,12,22,8,5,1192.37,5961.85,596.19,5365.66,2670.2
107772,20240205,172,11,6,1,12,4866.69,58400.28,2920.01,55480.27,21705.49
107773,20250925,112,2,6,4,12,576.14,6913.68,0.0,6913.68,2920.55
107774,20250929,17,2,8,8,4,576.14,2304.56,230.46,2074.1,774.46
107775,20250630,180,2,16,7,8,576.14,4609.12,460.91,4148.21,1754.56
107776,20240206,211,3,10,10,19,1648.77,31326.63,1566.33,29760.3,11156.13
107777,20230627,174,7,19,7,10,11044.9,110449.0,0.0,110449.0,50877.11
107778,20250901,36,8,3,10,8,8152.69,65221.52,0.0,65221.52,31751.08
107779,20240317,179,12,22,5,17,1192.37,20270.29,2027.03,18243.26,6690.99
107780,20230426,180,5,18,7,6,12606.96,75641.76,0.0,75641.76,28880.77
107781,20250918,110,10,14,5,9,4677.47,42097.23,0.0,42097.23,21290.63
107782,20230913,221,2,25,1,5,576.14,2880.7,0.0,2880.7,1353.62
107783,20231017,282,7,22,4,18,11044.9,198808.2,19880.82,178927.38,87805.84
107784,20240823,79,11,23,8,16,4866.69,77867.04,3893.35,73973.69,27413.16
107785,20240331,204,11,15,8,5,4866.69,24333.45,0.0,24333.45,11387.68
107786,20241225,19,7,13,1,20,11044.9,220898.0,11044.9,209853.1,102159.32
107787,20230921,280,6,24,6,13,8457.66,109949.58,5497.48,104452.1,48369.12
107788,20240717,150,2,14,6,10,576.14,5761.4,576.14,5185.26,2060.18
107789,20230723,43,2,11,1,13,576.14,7489.82,748.98,6740.84,3313.14
107790,20241012,160,1,6,3,13,7004.72,91061.36,9106.14,81955.22,30736.19
107791,20251126,22,7,23,4,1,11044.9,11044.9,1104.49,9940.41,4970.59
107792,20250417,128,3,8,8,12,1648.77,19785.24,1978.52,17806.72,8190.61
107793,20231218,75,10,22,1,3,4677.47,14032.41,701.62,13330.79,5609.88
107794,20230711,103,12,2,10,15,1192.37,17885.55,1788.56,16096.99,6408.06
107795,20251121,225,2,21,9,10,576.14,5761.4,288.07,5473.33,2661.81
107796,20240708,158,4,1,3,1,4210.9,4210.9,210.54,4000.36,1633.95
107797,20241121,231,12,16,3,16,1192.37,19077.92,2861.69,16216.23,6068.46
107798,20240824,216,12,12,3,4,1192.37,4769.48,238.47,4531.01,1673.84
107799,20240515,103,3,12,10,8,1648.77,13190.16,1978.52,11211.64,6057.87
107800,20240511,222,4,2,8,11,4210.9,46319.9,2316.0,44003.9,18509.69
107801,20251101,195,7,2,9,15,11044.9,165673.5,33134.7,132538.8,51341.27
107802,20241120,12,8,24,6,13,8152.69,105984.97,5299.25,100685.72,36138.34
107803,20250302,295,11,22,3,12,4866.69,58400.28,0.0,58400.28,31378.42
107804,20231031,219,2,2,9,14,576.14,8065.96,403.3,7662.66,3309.9
107805,20241209,108,3,13,8,9,1648.77,14838.93,741.95,14096.98,7374.54
107806,20240615,33,3,22,10,9,1648.77,14838.93,0.0,14838.93,7427.06
107807,20240616,101,10,14,5,17,4677.47,79516.99,0.0,79516.99,41250.04
107808,20241013,299,7,2,6,1,11044.9,11044.9,0.0,11044.9,4014.28
107809,20231115,4,9,16,3,4,2112.21,8448.84,0.0,8448.84,3323.32
107810,20230907,111,12,22,7,19,1192.37,22655.03,1132.75,21522.28,8157.36
107811,20230616,290,2,17,8,19,576.14,10946.66,547.33,10399.33,4098.14
107812,20230805,274,8,20,3,5,8152.69,40763.45,0.0,40763.45,16977.75
107813,20230719,269,2,15,9,12,576.14,6913.68,345.68,6568.0,3276.73
107814,20230730,262,1,17,2,14,7004.72,98066.08,9806.61,88259.47,42958.96
107815,20241016,65,3,14,5,5,1648.77,8243.85,0.0,8243.85,4175.8
107816,20241114,66,11,17,3,20,4866.69,97333.8,0.0,97333.8,44002.0
107817,20250406,224,6,24,10,3,8457.66,25372.98,1268.65,24104.33,10795.05
107818,20230609,106,2,20,2,15,576.14,8642.1,1296.32,7345.78,3407.5
107819,20230825,123,6,5,8,16,8457.66,135322.56,13532.26,121790.3,53020.82
107820,20240109,177,6,20,2,8,8457.66,67661.28,13532.26,54129.02,23525.27
107821,20250127,33,2,17,10,5,576.14,2880.7,0.0,2880.7,1442.34
107822,20250518,173,2,13,2,7,576.14,4032.98,201.65,3831.33,1690.2
107823,20250818,49,6,9,4,18,8457.66,152237.88,15223.79,137014.09,59283.48
107824,20251231,48,12,7,5,10,1192.37,11923.7,0.0,11923.7,6043.44
107825,20230218,97,4,10,8,13,4210.9,54741.7,0.0,54741.7,24342.43
107826,20250501,259,8,11,2,15,8152.69,122290.35,0.0,122290.35,61020.47
107827,20250526,162,5,23,3,9,12606.96,113462.64,5673.13,107789.51,40203.34
107828,20250927,112,10,18,4,6,4677.47,28064.82,0.0,28064.82,10536.07
107829,20241106,167,9,18,7,16,2112.21,33795.36,6759.07,27036.29,10974.01
107830,20230323,180,1,7,7,3,7004.72,21014.16,0.0,21014.16,8229.14
107831,20250215,192,1,18,1,14,7004.72,98066.08,0.0,98066.08,42523.86
107832,20250528,113,9,16,8,9,2112.21,19009.89,0.0,19009.89,10016.64
107833,20230610,117,5,3,4,6,12606.96,75641.76,0.0,75641.76,30080.53
107834,20251128,128,5,3,8,1,12606.96,12606.96,630.35,11976.61,6051.87
107835,20231005,229,7,13,5,12,11044.9,132538.8,6626.94,125911.86,48022.78
107836,20230329,216,8,21,3,2,8152.69,16305.38,2445.81,13859.57,7323.31
107837,20240422,110,7,15,5,16,11044.9,176718.4,8835.92,167882.48,69214.37
107838,20230714,18,12,22,7,18,1192.37,21462.66,0.0,21462.66,10024.82
107839,20230907,58,9,6,3,2,2112.21,4224.42,633.66,3590.76,1413.21
107840,20240717,19,10,24,1,8,4677.47,37419.76,0.0,37419.76,18749.52
107841,20240111,245,12,22,7,4,1192.37,4769.48,715.42,4054.06,1812.67
107842,20231004,28,4,3,4,1,4210.9,4210.9,210.54,4000.36,1715.81
107843,20250611,185,2,17,5,9,576.14,5185.26,259.26,4926.0,2503.08
107844,20251017,240,9,18,3,17,2112.21,35907.57,7181.51,28726.06,12062.97
107845,20251022,252,10,24,1,12,4677.47,56129.64,2806.48,53323.16,24858.99
107846,20230624,51,5,20,3,3,12606.96,37820.88,1891.04,35929.84,19487.87
107847,20240824,214,2,21,1,20,576.14,11522.8,0.0,11522.8,4898.51
107848,20231229,116,11,23,4,19,4866.69,92467.11,9246.71,83220.4,30732.19
107849,20240223,69,8,22,4,17,8152.69,138595.73,27719.15,110876.58,47510.22
107850,20250521,278,11,20,2,19,4866.69,92467.11,4623.36,87843.75,33312.12
107851,20230212,118,3,13,2,11,1648.77,18136.47,0.0,18136.47,7175.92
107852,20230412,163,3,9,2,4,1648.77,6595.08,0.0,6595.08,3304.01
107853,20230322,227,7,12,7,4,11044.9,44179.6,8835.92,35343.68,13946.3
107854,20241121,92,10,10,8,20,4677.47,93549.4,0.0,93549.4,40923.05
107855,20240524,292,7,23,5,3,11044.9,33134.7,6626.94,26507.76,12140.25
107856,20231204,245,1,10,7,11,7004.72,77051.92,0.0,77051.92,41714.56
107857,20250628,204,2,5,8,19,576.14,10946.66,547.33,10399.33,4660.8
107858,20231108,59,11,7,6,11,4866.69,53533.59,0.0,53533.59,22172.18
107859,20230520,144,12,8,5,4,1192.37,4769.48,0.0,4769.48,1857.6
107860,20251114,98,11,10,4,18,4866.69,87600.42,8760.04,78840.38,37697.71
107861,20250112,126,2,6,1,2,576.14,1152.28,0.0,1152.28,579.82
107862,20230329,160,1,25,3,1,7004.72,7004.72,1050.71,5954.01,2416.93
107863,20250712,17,4,13,8,9,4210.9,37898.1,0.0,37898.1,15111.1
107864,20251002,128,4,3,8,7,4210.9,29476.3,0.0,29476.3,14051.35
107865,20240929,33,5,21,10,15,12606.96,189104.4,0.0,189104.4,85572.62
107866,20250914,202,3,3,4,16,1648.77,26380.32,2638.03,23742.29,10537.07
107867,20240825,73,11,20,2,6,4866.69,29200.14,0.0,29200.14,14983.45
107868,20251010,70,8,9,9,18,8152.69,146748.42,14674.84,132073.58,48362.89
107869,20241128,45,8,25,3,11,8152.69,89679.59,17935.92,71743.67,35614.14
107870,20251001,291,7,8,9,3,11044.9,33134.7,0.0,33134.7,13411.99
107871,20230504,141,10,13,4,3,4677.47,14032.41,701.62,13330.79,5784.89
107872,20241015,48,10,13,5,13,4677.47,60807.11,0.0,60807.11,22400.2
107873,20241219,248,1,14,10,11,7004.72,77051.92,11557.79,65494.13,29882.2
107874,20250606,260,7,6,6,7,11044.9,77314.3,3865.72,73448.58,31172.1
107875,20250707,237,2,22,7,15,576.14,8642.1,0.0,8642.1,3138.52
107876,20240204,45,8,13,3,16,8152.69,130443.04,0.0,130443.04,68160.88
107877,20250929,6,1,5,9,6,7004.72,42028.32,2101.42,39926.9,18585.34
107878,20250518,83,12,9,5,10,1192.37,11923.7,0.0,11923.7,5228.43
107879,20240817,101,1,23,5,1,7004.72,7004.72,0.0,7004.72,3215.3
107880,20251022,21,7,10,9,14,11044.9,154628.6,23194.29,131434.31,54952.33
107881,20240921,45,11,25,3,18,4866.69,87600.42,4380.02,83220.4,39871.46
107882,20240914,262,8,23,2,9,8152.69,73374.21,3668.71,69705.5,27093.28
107883,20240101,4,4,24,3,19,4210.9,80007.1,0.0,80007.1,34052.43
107884,20250404,257,8,1,7,7,8152.69,57068.83,2853.44,54215.39,23010.71
107885,20251002,273,6,10,4,11,8457.66,93034.26,4651.71,88382.55,43195.23
107886,20250302,167,4,1,7,19,4210.9,80007.1,0.0,80007.1,39959.43
107887,20250507,148,4,1,3,17,4210.9,71585.3,0.0,71585.3,26901.27
107888,20231221,178,8,12,5,1,8152.69,8152.69,0.0,8152.69,3078.66
107889,20250513,202,5,25,4,8,12606.96,100855.68,10085.57,90770.11,38549.2
107890,20230107,293,5,11,2,12,12606.96,151283.52,30256.7,121026.82,58017.05
107891,20250627,119,2,10,10,19,576.14,10946.66,0.0,10946.66,5927.0
107892,20250514,91,3,22,6,9,1648.77,14838.93,741.95,14096.98,6141.97
107893,20240217,285,3,22,3,17,1648.77,28029.09,0.0,28029.09,15201.85
107894,20230505,26,3,9,5,11,1648.77,18136.47,906.82,17229.65,8943.76
107895,20251217,220,5,4,1,15,12606.96,189104.4,18910.44,170193.96,67712.99
107896,20250307,245,10,8,7,8,4677.47,37419.76,3741.98,33677.78,15914.85
107897,20240220,126,9,7,1,7,2112.21,14785.47,739.27,14046.2,7216.76
107898,20251115,108,9,24,8,13,2112.21,27458.73,1372.94,26085.79,13256.4
107899,20231103,177,9,4,2,15,2112.21,31683.15,0.0,31683.15,16605.46
107900,20250607,276,2,13,6,12,576.14,6913.68,0.0,6913.68,2616.21
107901,20241112,20,8,21,6,20,8152.69,163053.8,16305.38,146748.42,69905.33
107902,20240427,246,9,16,9,8,2112.21,16897.68,1689.77,15207.91,6417.46
107903,20230822,297,10,17,9,1,4677.47,4677.47,0.0,4677.47,2120.22
107904,20250407,16,11,7,4,7,4866.69,34066.83,5110.02,28956.81,11157.11
107905,20241219,30,9,13,9,15,2112.21,31683.15,0.0,31683.15,15649.02
107906,20250416,223,3,18,10,3,1648.77,4946.31,741.95,4204.36,1849.52
107907,20250620,234,12,15,5,18,1192.37,21462.66,3219.4,18243.26,9894.51
107908,20240413,247,2,18,10,3,576.14,1728.42,345.68,1382.74,496.52
107909,20250615,136,7,17,3,19,11044.9,209853.1,31477.97,178375.13,70553.56
107910,20230309,186,4,23,4,16,4210.9,67374.4,0.0,67374.4,32590.79
107911,20231120,132,3,13,7,4,1648.77,6595.08,0.0,6595.08,2618.75
107912,20231107,144,9,23,5,16,2112.21,33795.36,1689.77,32105.59,13738.19
107913,20230811,271,9,9,3,20,2112.21,42244.2,0.0,42244.2,19318.45
107914,20250417,202,2,7,4,5,576.14,2880.7,144.03,2736.67,969.57
107915,20240502,187,8,6,10,9,8152.69,73374.21,3668.71,69705.5,36225.64
107916,20241214,244,3,13,10,17,1648.77,28029.09,0.0,28029.09,9873.22
107917,20231014,284,11,23,9,10,4866.69,48666.9,4866.69,43800.21,19781.24
107918,20241227,269,1,1,9,19,7004.72,133089.68,6654.48,126435.2,59141.38
107919,20251112,220,7,22,1,19,11044.9,209853.1,0.0,209853.1,102713.54
107920,20240702,161,12,1,7,11,1192.37,13116.07,0.0,13116.07,5291.77
107921,20230228,159,9,25,4,15,2112.21,31683.15,3168.32,28514.83,11946.23
107922,20250925,192,5,8,1,10,12606.96,126069.6,25213.92,100855.68,41786.39
107923,20250220,151,10,19,3,13,4677.47,60807.11,0.0,60807.11,22030.4
107924,20251019,294,10,21,2,15,4677.47,70162.05,3508.1,66653.95,25321.82
107925,20231017,220,5,13,1,3,12606.96,37820.88,3782.09,34038.79,14117.6
107926,20240510,122,1,1,9,5,7004.72,35023.6,1751.18,33272.42,12549.1
107927,20250114,31,8,14,2,20,8152.69,163053.8,8152.69,154901.11,81876.28
107928,20250613,289,4,18,8,2,4210.9,8421.8,1263.27,7158.53,2660.5
107929,20250103,124,9,13,10,20,2112.21,42244.2,4224.42,38019.78,14196.71
107930,20250609,265,2,5,8,2,576.14,1152.28,57.61,1094.67,574.12
107931,20230422,13,7,20,2,20,11044.9,220898.0,22089.8,198808.2,107393.28
107932,20250119,272,6,19,6,8,8457.66,67661.28,10149.19,57512.09,30408.94
107933,20231118,74,5,9,7,11,12606.96,138676.56,0.0,138676.56,60632.99
107934,20240110,109,3,5,8,4,1648.77,6595.08,0.0,6595.08,3591.13
107935,20240925,144,2,7,5,20,576.14,11522.8,1152.28,10370.52,4815.68
107936,20250204,44,8,13,1,19,8152.69,154901.11,7745.06,147156.05,57644.25
107937,20230417,123,9,3,8,11,2112.21,23234.31,1161.72,22072.59,9169.61
107938,20230327,247,1,12,10,14,7004.72,98066.08,4903.3,93162.78,45805.88
107939,20230127,221,4,14,1,4,4210.9,16843.6,1684.36,15159.24,5498.87
107940,20231015,266,8,10,1,2,8152.69,16305.38,1630.54,14674.84,6610.99
107941,20230820,33,8,7,10,1,8152.69,8152.69,815.27,7337.42,3416.17
107942,20240414,272,3,3,6,9,1648.77,14838.93,0.0,14838.93,6811.74
107943,20251129,299,10,25,6,19,4677.47,88871.93,13330.79,75541.14,32430.17
107944,20251031,296,4,1,8,6,4210.9,25265.4,1263.27,24002.13,8671.53
107945,20231023,39,9,12,9,2,2112.21,4224.42,0.0,4224.42,2208.84
107946,20240124,55,10,4,4,5,4677.47,23387.35,2338.74,21048.61,7591.71
107947,20241225,271,10,14,3,11,4677.47,51452.17,0.0,51452.17,27637.48
107948,20230520,281,5,9,7,1,12606.96,12606.96,630.35,11976.61,4771.03
107949,20250526,181,5,15,10,3,12606.96,37820.88,1891.04,35929.84,13917.4
107950,20251020,27,11,12,9,9,4866.69,43800.21,2190.01,41610.2,17110.56
107951,20250824,19,6,13,1,13,8457.66,109949.58,0.0,109949.58,39085.95
107952,20230407,191,7,1,10,19,11044.9,209853.1,10492.66,199360.44,82085.98
107953,20250312,56,6,1,2,4,8457.66,33830.64,0.0,33830.64,17859.63
107954,20240328,172,1,14,1,13,7004.72,91061.36,4553.07,86508.29,45153.09
107955,20250605,29,6,1,1,12,8457.66,101491.92,5074.6,96417.32,49836.7
107956,20250108,191,12,15,10,14,1192.37,16693.18,0.0,16693.18,7638.22
107957,20240311,244,10,23,10,8,4677.47,37419.76,1870.99,35548.77,19031.01
107958,20240923,250,5,8,8,15,12606.96,189104.4,0.0,189104.4,87629.11
107959,20230327,98,6,5,4,3,8457.66,25372.98,2537.3,22835.68,11495.39
107960,20250304,10,10,4,3,1,4677.47,4677.47,0.0,4677.47,2032.44
107961,20240711,255,2,25,3,10,576.14,5761.4,0.0,5761.4,2794.94
107962,20240411,87,2,4,10,3,576.14,1728.42,172.84,1555.58,725.18
107963,20230925,224,11,14,10,5,4866.69,24333.45,0.0,24333.45,10706.81
107964,20230812,113,4,1,8,20,4210.9,84218.0,12632.7,71585.3,32746.57
107965,20230720,135,6,6,2,8,8457.66,67661.28,3383.06,64278.22,34342.18
107966,20230127,107,5,13,6,7,12606.96,88248.72,8824.87,79423.85,39518.24
107967,20240106,264,8,9,6,5,8152.69,40763.45,4076.34,36687.11,15899.06
107968,20250406,283,7,14,3,18,11044.9,198808.2,0.0,198808.2,95761.83
107969,20241114,284,1,2,9,2,7004.72,14009.44,1400.94,12608.5,6701.21
107970,20241217,111,9,4,7,11,2112.21,23234.31,1161.72,22072.59,9369.67
107971,20230419,48,6,9,5,8,8457.66,67661.28,6766.13,60895.15,33339.81
107972,20241113,233,9,4,7,18,2112.21,38019.78,1900.99,36118.79,19586.34
107973,20250718,141,10,24,4,4,4677.47,18709.88,1870.99,16838.89,8856.96
107974,20251130,59,6,22,6,4,8457.66,33830.64,6766.13,27064.51,10940.02
107975,20250412,48,10,22,5,20,4677.47,93549.4,0.0,93549.4,34810.14
107976,20230710,19,1,14,1,12,7004.72,84056.64,4202.83,79853.81,30208.73
107977,20250321,201,7,18,8,18,11044.9,198808.2,0.0,198808.2,103645.56
107978,20241004,171,4,25,6,13,4210.9,54741.7,0.0,54741.7,29354.26
107979,20251013,218,7,12,2,20,11044.9,220898.0,11044.9,209853.1,88230.44
107980,20230404,87,11,8,10,9,4866.69,43800.21,0.0,43800.21,22109.43
107981,20230929,120,9,4,9,14,2112.21,29570.94,0.0,29570.94,12604.3
107982,20240705,262,5,20,2,4,12606.96,50427.84,2521.39,47906.45,20523.89
107983,20241001,198,3,18,7,17,1648.77,28029.09,0.0,28029.09,11031.82
107984,20241117,276,1,22,6,12,7004.72,84056.64,8405.66,75650.98,29515.44
107985,20250108,43,11,7,1,3,4866.69,14600.07,1460.01,13140.06,5116.67
107986,20250601,59,2,15,6,1,576.14,576.14,0.0,576.14,260.04
107987,20250830,97,5,10,8,15,12606.96,189104.4,37820.88,151283.52,70426.66
107988,20240128,229,3,24,5,6,1648.77,9892.62,0.0,9892.62,4690.28
107989,20230814,248,7,3,10,20,11044.9,220898.0,22089.8,198808.2,104084.84
107990,20231125,88,6,17,6,18,8457.66,152237.88,0.0,152237.88,82117.13
107991,20240713,101,2,7,5,11,576.14,6337.54,633.75,5703.79,2772.96
107992,20240915,8,9,15,10,10,2112.21,21122.1,1056.11,20065.99,7133.9
107993,20250713,100,10,16,8,5,4677.47,23387.35,1169.37,22217.98,9642.03
107994,20250924,178,7,11,5,15,11044.9,165673.5,8283.68,157389.82,73083.57
107995,20230424,198,2,17,7,8,576.14,4609.12,460.91,4148.21,1669.69
107996,20241104,64,2,17,9,2,576.14,1152.28,57.61,1094.67,440.21
107997,20241003,40,10,22,2,5,4677.47,23387.35,0.0,23387.35,9912.17
107998,20230922,264,7,8,6,10,11044.9,110449.0,5522.45,104926.55,36851.55
107999,20250522,45,11,15,3,2,4866.69,9733.38,1460.01,8273.37,3971.36
108000,20250218,129,10,4,8,10,4677.47,46774.7,0.0,46774.7,18357.62
108001,20240517,253,12,12,6,6,1192.37,7154.22,0.0,7154.22,3675.84
108002,20250219,49,5,14,4,4,12606.96,50427.84,0.0,50427.84,27181.62
108003,20230606,180,8,8,7,7,8152.69,57068.83,2853.44,54215.39,28686.12
108004,20251126,139,1,24,2,20,7004.72,140094.4,0.0,140094.4,56517.72
108005,20251003,260,2,1,6,20,576.14,11522.8,0.0,11522.8,4289.42
108006,20250205,247,11,4,10,10,4866.69,48666.9,7300.03,41366.87,15319.5
108007,20250104,51,5,19,3,12,12606.96,151283.52,0.0,151283.52,76392.2
108008,20250923,109,7,18,8,2,11044.9,22089.8,4417.96,17671.84,7835.69
108009,20250318,219,12,3,9,17,1192.37,20270.29,0.0,20270.29,8137.47
108010,20251201,266,2,13,1,18,576.14,10370.52,0.0,10370.52,3919.89
108011,20250817,87,4,21,10,1,4210.9,4210.9,421.09,3789.81,1784.35
108012,20250722,9,5,24,9,13,12606.96,163890.48,0.0,163890.48,68518.85
108013,20240428,12,11,1,6,13,4866.69,63266.97,6326.7,56940.27,22909.53
108014,20230912,25,9,3,7,17,2112.21,35907.57,1795.38,34112.19,13378.82
108015,20230228,91,8,21,6,13,8152.69,105984.97,0.0,105984.97,58179.09
108016,20250724,94,3,7,3,16,1648.77,26380.32,0.0,26380.32,11484.51
108017,20241025,31,5,7,2,5,12606.96,63034.8,9455.22,53579.58,22887.47
108018,20230402,170,10,2,3,9,4677.47,42097.23,2104.86,39992.37,16849.89
108019,20241101,73,3,14,2,12,1648.77,19785.24,0.0,19785.24,7740.11
108020,20241205,108,10,15,8,7,4677.47,32742.29,3274.23,29468.06,15284.9
108021,20230717,100,11,22,8,12,4866.69,58400.28,5840.03,52560.25,24570.93
108022,20240829,75,7,2,1,13,11044.9,143583.7,14358.37,129225.33,63708.47
108023,20250727,81,8,9,4,1,8152.69,8152.69,815.27,7337.42,2699.75
108024,20240511,59,7,10,6,3,11044.9,33134.7,3313.47,29821.23,14063.76
108025,20230702,103,7,12,10,14,11044.9,154628.6,0.0,154628.6,55647.18
108026,20231117,185,5,6,5,14,12606.96,176497.44,0.0,176497.44,76343.59
108027,20240111,86,4,17,7,9,4210.9,37898.1,0.0,37898.1,19714.11
108028,20240120,276,11,20,6,11,4866.69,53533.59,8030.04,45503.55,18662.03
108029,20231209,80,6,3,8,16,8457.66,135322.56,0.0,135322.56,60520.03
108030,20231227,139,10,15,2,15,4677.47,70162.05,0.0,70162.05,29695.63
108031,20230729,84,9,25,2,17,2112.21,35907.57,3590.76,32316.81,15304.77
108032,20241113,224,4,18,10,7,4210.9,29476.3,1473.82,28002.48,12084.98
108033,20241211,233,1,7,7,3,7004.72,21014.16,2101.42,18912.74,6915.55
108034,20230919,37,4,8,3,17,4210.9,71585.3,3579.27,68006.03,34493.01
108035,20240620,92,2,10,8,10,576.14,5761.4,576.14,5185.26,2037.27
108036,20241118,148,11,25,3,11,4866.69,53533.59,5353.36,48180.23,21238.5
108037,20251103,270,12,21,10,8,1192.37,9538.96,476.95,9062.01,4776.71
108038,20240215,288,12,5,8,12,1192.37,14308.44,0.0,14308.44,7490.74
108039,20240316,19,10,7,1,11,4677.47,51452.17,5145.22,46306.95,24838.75
108040,20241126,89,2,12,7,3,576.14,1728.42,86.42,1642.0,798.1
108041,20240809,195,7,1,9,14,11044.9,154628.6,30925.72,123702.88,61202.18
108042,20231107,131,8,4,10,12,8152.69,97832.28,4891.61,92940.67,38493.99
108043,20230804,9,9,2,9,3,2112.21,6336.63,0.0,6336.63,2488.19
108044,20230211,84,3,4,2,5,1648.77,8243.85,0.0,8243.85,3443.05
108045,20250114,55,3,4,4,14,1648.77,23082.78,1154.14,21928.64,8659.44
108046,20240127,79,9,12,8,9,2112.21,19009.89,0.0,19009.89,10364.88
108047,20231203,210,4,21,4,5,4210.9,21054.5,1052.73,20001.77,10997.52
108048,20230919,59,5,9,6,11,12606.96,138676.56,0.0,138676.56,61705.67
108049,20241119,19,5,11,1,4,12606.96,50427.84,5042.78,45385.06,19449.91
108050,20250621,253,9,17,6,2,2112.21,4224.42,422.44,3801.98,2060.68
108051,20230913,181,10,4,10,7,4677.47,32742.29,0.0,32742.29,14974.57
108052,20240117,101,3,23,5,13,1648.77,21434.01,0.0,21434.01,9025.14
108053,20240704,213,10,22,4,2,4677.47,9354.94,0.0,9354.94,4616.22
108054,20240121,45,1,11,3,15,7004.72,105070.8,0.0,105070.8,46336.06
108055,20231227,103,12,18,10,4,1192.37,4769.48,0.0,4769.48,1994.34
108056,20231009,233,9,24,7,16,2112.21,33795.36,1689.77,32105.59,16233.84
108057,20250219,4,3,7,3,11,1648.77,18136.47,906.82,17229.65,6105.85
108058,20240421,8,10,20,10,20,4677.47,93549.4,4677.47,88871.93,40149.3
108059,20230610,192,1,16,1,18,7004.72,126084.96,6304.25,119780.71,64393.91
108060,20250313,292,10,20,5,19,4677.47,88871.93,0.0,88871.93,40429.8
108061,20230810,292,11,4,5,19,4866.69,92467.11,0.0,92467.11,50302.71
108062,20250731,140,7,4,10,6,11044.9,66269.4,0.0,66269.4,31934.42
108063,20230118,19,3,10,1,3,1648.77,4946.31,0.0,4946.31,1843.07
108064,20241031,267,7,7,1,15,11044.9,165673.5,0.0,165673.5,64757.34
108065,20231206,243,1,5,10,17,7004.72,119080.24,11908.02,107172.22,50223.88
108066,20250402,210,7,17,4,14,11044.9,154628.6,15462.86,139165.74,74738.1
108067,20250125,277,12,9,5,7,1192.37,8346.59,0.0,8346.59,3564.34
108068,20230518,31,12,22,2,13,1192.37,15500.81,0.0,15500.81,8055.18
108069,20230622,157,12,20,8,9,1192.37,10731.33,1073.13,9658.2,3779.73
108070,20250404,187,11,10,10,7,4866.69,34066.83,0.0,34066.83,14239.34
108071,20250617,254,2,22,7,2,576.14,1152.28,172.84,979.44,476.07
108072,20231022,237,6,19,7,14,8457.66,118407.24,0.0,118407.24,63245.29
108073,20241108,281,7,20,7,15,11044.9,165673.5,8283.68,157389.82,86207.36
108074,20251203,154,4,9,9,6,4210.9,25265.4,0.0,25265.4,10165.5
108075,20240720,171,3,24,6,4,1648.77,6595.08,0.0,6595.08,3241.09
108076,20250606,24,7,5,4,1,11044.9,11044.9,1104.49,9940.41,5259.23
108077,20230809,283,1,22,3,9,7004.72,63042.48,0.0,63042.48,29305.26
108078,20230825,163,2,10,2,4,576.14,2304.56,0.0,2304.56,971.73
108079,20230503,286,6,1,10,3,8457.66,25372.98,2537.3,22835.68,11073.02
108080,20250908,140,12,6,10,20,1192.37,23847.4,2384.74,21462.66,11413.3
108081,20250429,131,2,6,10,6,576.14,3456.84,345.68,3111.16,1277.57
108082,20231005,164,12,9,9,8,1192.37,9538.96,953.9,8585.06,4275.02
108083,20240101,147,6,7,10,20,8457.66,169153.2,25372.98,143780.22,61763.29
108084,20240815,65,5,1,5,18,12606.96,226925.28,45385.06,181540.22,80006.58
108085,20240720,71,6,22,4,8,8457.66,67661.28,10149.19,57512.09,28172.81
108086,20250330,271,11,11,3,6,4866.69,29200.14,1460.01,27740.13,14219.88
108087,20250604,258,3,1,6,19,1648.77,31326.63,0.0,31326.63,15021.22
108088,20230729,85,3,10,4,13,1648.77,21434.01,0.0,21434.01,11513.26
108089,20231123,275,1,20,6,16,7004.72,112075.52,0.0,112075.52,39405.99
108090,20250816,8,10,14,10,8,4677.47,37419.76,0.0,37419.76,19936.02
108091,20241013,40,2,16,2,11,576.14,6337.54,316.88,6020.66,2391.09
108092,20250619,29,3,22,1,12,1648.77,19785.24,2967.79,16817.45,6690.8
108093,20250828,1,9,13,9,2,2112.21,4224.42,0.0,4224.42,2025.33
108094,20250815,246,6,18,9,15,8457.66,126864.9,0.0,126864.9,53734.8
108095,20250814,45,8,5,3,2,8152.69,16305.38,1630.54,14674.84,6085.16
108096,20240506,117,1,1,4,7,7004.72,49033.04,7354.96,41678.08,16140.76
108097,20250222,295,7,9,3,15,11044.9,165673.5,16567.35,149106.15,79509.4
108098,20230518,98,4,3,4,4,4210.9,16843.6,0.0,16843.6,7899.13
108099,20251027,117,10,10,4,18,4677.47,84194.46,8419.45,75775.01,37013.87
108100,20231120,73,7,21,2,14,11044.9,154628.6,0.0,154628.6,65499.28
108101,20240310,10,10,20,3,1,4677.47,4677.47,935.49,3741.98,1790.19
108102,20240929,292,2,8,5,3,576.14,1728.42,0.0,1728.42,736.65
108103,20241202,101,12,13,5,14,1192.37,16693.18,834.66,15858.52,6207.52
108104,20240918,215,12,7,5,11,1192.37,13116.07,0.0,13116.07,7024.4
108105,20241027,87,3,17,10,5,1648.77,8243.85,0.0,8243.85,4338.5
108106,20240319,159,9,22,4,11,2112.21,23234.31,2323.43,20910.88,10764.37
108107,20250704,291,4,23,9,9,4210.9,37898.1,1894.9,36003.2,15526.95
108108,20250616,234,6,18,5,8,8457.66,67661.28,13532.26,54129.02,21339.89
108109,20231228,62,11,20,4,16,4866.69,77867.04,0.0,77867.04,37895.8
108110,20240825,4,7,10,3,3,11044.9,33134.7,0.0,33134.7,17757.76
108111,20230606,166,5,2,9,5,12606.96,63034.8,0.0,63034.8,34416.49
108112,20251027,105,1,15,4,11,7004.72,77051.92,0.0,77051.92,33130.47
108113,20231018,255,11,1,3,7,4866.69,34066.83,3406.68,30660.15,14233.2
108114,20240601,53,1,22,4,12,7004.72,84056.64,0.0,84056.64,45366.12
108115,20250323,103,7,10,10,6,11044.9,66269.4,3313.47,62955.93,23958.34
108116,20230601,96,7,9,5,11,11044.9,121493.9,18224.08,103269.82,40330.98
108117,20250923,215,9,21,5,16,2112.21,33795.36,1689.77,32105.59,14020.51
108118,20240918,200,8,21,5,6,8152.69,48916.14,0.0,48916.14,22147.49
108119,20240203,3,2,23,3,8,576.14,4609.12,0.0,4609.12,1735.42
108120,20231004,49,8,1,4,6,8152.69,48916.14,2445.81,46470.33,20140.56
108121,20250918,62,10,19,4,13,4677.47,60807.11,0.0,60807.11,31701.49
108122,20240802,49,9,12,4,4,2112.21,8448.84,0.0,8448.84,3733.81
108123,20250515,64,7,24,9,2,11044.9,22089.8,2208.98,19880.82,9124.2
108124,20241030,77,7,1,4,14,11044.9,154628.6,7731.43,146897.17,56817.6
108125,20231119,257,8,19,7,11,8152.69,89679.59,8967.96,80711.63,29405.37
108126,20230623,6,10,13,9,13,4677.47,60807.11,0.0,60807.11,32661.12
108127,20231214,98,3,24,4,11,1648.77,18136.47,3627.29,14509.18,6389.25
108128,20230405,281,9,11,7,2,2112.21,4224.42,211.22,4013.2,1416.61
108129,20230423,114,5,24,6,16,12606.96,201711.36,20171.14,181540.22,93244.16
108130,20230526,41,3,2,9,5,1648.77,8243.85,412.19,7831.66,2779.48
108131,20231012,120,9,21,9,12,2112.21,25346.52,1267.33,24079.19,12436.41
108132,20230719,72,10,21,1,5,4677.47,23387.35,4677.47,18709.88,6680.15
108133,20231109,76,4,2,3,7,4210.9,29476.3,0.0,29476.3,14655.47
108134,20231104,114,4,19,6,18,4210.9,75796.2,3789.81,72006.39,30377.68
108135,20230805,62,4,21,4,20,4210.9,84218.0,4210.9,80007.1,40213.14
108136,20250819,125,9,22,3,15,2112.21,31683.15,1584.16,30098.99,13177.36
108137,20250816,200,8,18,5,6,8152.69,48916.14,0.0,48916.14,17195.87
108138,20240823,94,3,19,3,13,1648.77,21434.01,2143.4,19290.61,9676.05
108139,20250415,169,2,10,8,9,576.14,5185.26,518.53,4666.73,2376.53
108140,20250210,174,8,9,7,7,8152.69,57068.83,0.0,57068.83,24573.08
108141,20230217,196,9,3,8,10,2112.21,21122.1,2112.21,19009.89,10355.07
108142,20240903,290,10,21,8,4,4677.47,18709.88,935.49,17774.39,8720.22
108143,20231017,26,3,19,5,17,1648.77,28029.09,0.0,28029.09,10978.92
108144,20230110,266,5,8,1,7,12606.96,88248.72,4412.44,83836.28,46104.55
108145,20230622,297,12,18,9,4,1192.37,4769.48,476.95,4292.53,1567.17
108146,20250616,211,4,7,10,1,4210.9,4210.9,210.54,4000.36,2196.76
108147,20250719,144,10,11,5,2,4677.47,9354.94,1403.24,7951.7,3232.96
108148,20231216,226,2,19,2,6,576.14,3456.84,172.84,3284.0,1731.87
108149,20230113,73,12,17,2,9,1192.37,10731.33,2146.27,8585.06,4120.59
108150,20230817,210,2,22,4,13,576.14,7489.82,374.49,7115.33,3883.48
108151,20250416,92,5,2,8,17,12606.96,214318.32,21431.83,192886.49,97087.27
108152,20230823,220,4,5,1,8,4210.9,33687.2,1684.36,32002.84,12454.3
108153,20230129,164,8,23,9,10,8152.69,81526.9,0.0,81526.9,32494.97
108154,20250421,82,3,14,8,11,1648.77,18136.47,906.82,17229.65,6451.38
108155,20241030,66,6,18,3,7,8457.66,59203.62,2960.18,56243.44,20626.38
108156,20250602,120,6,16,9,17,8457.66,143780.22,0.0,143780.22,73297.77
108157,20250422,145,5,23,8,14,12606.96,176497.44,8824.87,167672.57,75467.14
108158,20250907,55,4,6,4,20,4210.9,84218.0,0.0,84218.0,44664.39
108159,20230501,92,10,21,8,4,4677.47,18709.88,2806.48,15903.4,7224.64
108160,20241129,62,2,18,4,12,576.14,6913.68,345.68,6568.0,3501.66
108161,20230419,49,5,13,4,2,12606.96,25213.92,0.0,25213.92,12687.16
108162,20250129,128,6,21,8,19,8457.66,160695.54,32139.11,128556.43,58091.36
108163,20251110,8,2,9,10,2,576.14,1152.28,57.61,1094.67,569.03
108164,20240511,173,7,8,2,3,11044.9,33134.7,0.0,33134.7,17011.02
108165,20250320,26,3,15,5,4,1648.77,6595.08,0.0,6595.08,3077.27
108166,20250806,271,11,18,3,18,4866.69,87600.42,0.0,87600.42,38868.9
108167,20250730,46,9,3,1,20,2112.21,42244.2,0.0,42244.2,22848.68
108168,20240415,158,8,22,3,15,8152.69,122290.35,12229.04,110061.31,46183.6
108169,20230701,7,11,25,2,9,4866.69,43800.21,2190.01,41610.2,22813.83
108170,20230304,95,9,6,6,4,2112.21,8448.84,0.0,8448.84,4147.21
108171,20240902,262,3,10,2,3,1648.77,4946.31,494.63,4451.68,1825.98
108172,20240424,11,5,25,9,10,12606.96,126069.6,0.0,126069.6,58422.81
108173,20251226,152,3,11,9,19,1648.77,31326.63,1566.33,29760.3,12203.64
108174,20230202,11,2,19,9,15,576.14,8642.1,432.11,8209.99,4055.9
108175,20240408,127,5,12,8,1,12606.96,12606.96,0.0,12606.96,4674.64
108176,20250115,46,11,3,1,7,4866.69,34066.83,1703.34,32363.49,12715.47
108177,20250626,200,7,3,5,16,11044.9,176718.4,0.0,176718.4,86692.44
108178,20230806,199,11,24,7,13,4866.69,63266.97,3163.35,60103.62,24253.41
108179,20250427,160,12,18,3,5,1192.37,5961.85,596.19,5365.66,2923.08
108180,20251205,251,3,17,4,10,1648.77,16487.7,1648.77,14838.93,7919.92
108181,20230526,263,2,18,10,13,576.14,7489.82,374.49,7115.33,3350.42
108182,20240408,144,5,9,5,2,12606.96,25213.92,0.0,25213.92,11043.36
108183,20240925,256,8,6,2,3,8152.69,24458.07,2445.81,22012.26,11140.51
108184,20250419,101,11,13,5,5,4866.69,24333.45,0.0,24333.45,13247.06
108185,20230602,209,1,22,9,9,7004.72,63042.48,3152.12,59890.36,31998.41
108186,20230813,245,12,23,7,6,1192.37,7154.22,1073.13,6081.09,2211.42
108187,20230228,33,8,2,10,13,8152.69,105984.97,5299.25,100685.72,51829.56
108188,20250208,125,8,5,3,4,8152.69,32610.76,3261.08,29349.68,14931.76
108189,20240317,178,9,9,5,2,2112.21,4224.42,422.44,3801.98,1562.41
108190,20230322,188,12,15,1,3,1192.37,3577.11,357.71,3219.4,1644.49
108191,20250503,163,7,12,2,13,11044.9,143583.7,21537.56,122046.14,59630.56
108192,20230726,220,6,13,1,13,8457.66,109949.58,5497.48,104452.1,38545.49
108193,20250727,58,2,4,3,5,576.14,2880.7,0.0,2880.7,1292.94
108194,20230803,268,12,22,2,1,1192.37,1192.37,119.24,1073.13,509.95
108195,20240128,189,10,14,1,16,4677.47,74839.52,3741.98,71097.54,36378.0
108196,20250418,94,6,24,3,11,8457.66,93034.26,0.0,93034.26,41129.09
108197,20230610,179,1,23,5,8,7004.72,56037.76,0.0,56037.76,29383.44
108198,20251117,133,9,2,7,17,2112.21,35907.57,1795.38,34112.19,15377.64
108199,20251123,98,1,9,4,7,7004.72,49033.04,0.0,49033.04,18584.13
108200,20251012,277,6,7,5,5,8457.66,42288.3,4228.83,38059.47,14263.72
108201,20230107,34,12,8,6,8,1192.37,9538.96,1430.84,8108.12,3720.22
108202,20240320,5,10,1,10,9,4677.47,42097.23,0.0,42097.23,16815.97
108203,20250510,177,9,10,2,19,2112.21,40131.99,4013.2,36118.79,12756.41
108204,20240914,22,6,14,4,11,8457.66,93034.26,9303.43,83730.83,31785.16
108205,20241221,231,9,16,3,2,2112.21,4224.42,422.44,3801.98,1951.83
108206,20230406,167,10,2,7,5,4677.47,23387.35,2338.74,21048.61,9307.49
108207,20230115,139,7,7,2,13,11044.9,143583.7,7179.19,136404.51,49596.68
108208,20230817,265,4,25,8,17,4210.9,71585.3,3579.27,68006.03,27429.85
108209,20240120,195,3,14,9,19,1648.77,31326.63,4698.99,26627.64,11527.96
108210,20250425,100,7,15,8,16,11044.9,176718.4,26507.76,150210.64,66255.4
108211,20250726,163,3,20,2,14,1648.77,23082.78,2308.28,20774.5,10100.92
108212,20240904,93,12,13,10,20,1192.37,23847.4,0.0,23847.4,12422.63
108213,20250804,277,9,24,5,3,2112.21,6336.63,633.66,5702.97,2298.05
108214,20231011,133,6,6,7,15,8457.66,126864.9,12686.49,114178.41,50748.04
108215,20250110,20,9,16,6,11,2112.21,23234.31,3485.15,19749.16,7073.92
108216,20250530,84,5,10,2,18,12606.96,226925.28,0.0,226925.28,113135.85
108217,20251227,198,8,17,7,19,8152.69,154901.11,15490.11,139411.0,72882.52
108218,20230727,116,10,4,4,19,4677.47,88871.93,0.0,88871.93,39304.52
108219,20250616,143,12,3,10,10,1192.37,11923.7,1788.56,10135.14,3591.79
108220,20240508,142,10,22,1,18,4677.47,84194.46,12629.17,71565.29,28079.28
108221,20231224,280,11,25,6,3,4866.69,14600.07,2190.01,12410.06,5114.59
108222,20240822,200,3,10,5,16,1648.77,26380.32,1319.02,25061.3,12216.52
108223,20240206,184,8,25,9,6,8152.69,48916.14,0.0,48916.14,23608.87
108224,20250913,117,4,2,4,17,4210.9,71585.3,7158.53,64426.77,22697.67
108225,20240918,164,5,10,9,13,12606.96,163890.48,16389.05,147501.43,59983.29
108226,20240524,92,2,24,8,2,576.14,1152.28,172.84,979.44,459.14
108227,20240829,199,9,14,7,4,2112.21,8448.84,422.44,8026.4,4096.96
108228,20240121,30,8,19,9,1,8152.69,8152.69,407.63,7745.06,2828.48
108229,20251022,143,7,15,10,14,11044.9,154628.6,0.0,154628.6,54713.47
108230,20250201,61,2,25,7,2,576.14,1152.28,0.0,1152.28,596.87
108231,20250407,84,6,16,2,13,8457.66,109949.58,0.0,109949.58,39730.34
108232,20230310,73,9,1,2,12,2112.21,25346.52,1267.33,24079.19,12835.83
108233,20241204,192,1,1,1,2,7004.72,14009.44,1400.94,12608.5,5163.98
108234,20230531,177,7,25,2,13,11044.9,143583.7,14358.37,129225.33,46295.31
108235,20250205,230,3,16,2,12,1648.77,19785.24,989.26,18795.98,9593.26
108236,20240119,12,3,4,6,15,1648.77,24731.55,0.0,24731.55,11466.75
108237,20240310,289,12,1,8,11,1192.37,13116.07,0.0,13116.07,4667.32
108238,20240409,245,12,13,7,1,1192.37,1192.37,238.47,953.9,460.74
108239,20240114,3,11,7,3,5,4866.69,24333.45,3650.02,20683.43,8394.31
108240,20240131,73,4,21,2,15,4210.9,63163.5,9474.52,53688.98,23962.76
108241,20250118,216,8,16,3,20,8152.69,163053.8,24458.07,138595.73,74440.31
108242,20250305,280,6,7,6,6,8457.66,50745.96,0.0,50745.96,27581.54
108243,20240824,259,5,5,2,14,12606.96,176497.44,8824.87,167672.57,77516.81
108244,20251106,282,12,2,4,16,1192.37,19077.92,953.9,18124.02,8069.74
108245,20240808,224,6,17,10,11,8457.66,93034.26,9303.43,83730.83,36657.17
108246,20250131,202,5,12,4,3,12606.96,37820.88,3782.09,34038.79,15874.13
108247,20240721,71,8,19,4,8,8152.69,65221.52,0.0,65221.52,29847.46
108248,20230918,287,6,3,4,13,8457.66,109949.58,0.0,109949.58,42519.47
108249,20251203,252,4,11,1,4,4210.9,16843.6,0.0,16843.6,7468.19
108250,20251222,202,4,9,4,3,4210.9,12632.7,0.0,12632.7,5835.78
108251,20250906,249,8,10,3,15,8152.69,122290.35,18343.55,103946.8,52546.27
108252,20250701,40,1,7,2,3,7004.72,21014.16,1050.71,19963.45,8739.37
108253,20240102,255,8,19,3,14,8152.69,114137.66,22827.53,91310.13,47935.73
108254,20251101,268,11,13,2,15,4866.69,73000.35,7300.04,65700.31,33280.41
108255,20231224,5,6,22,10,1,8457.66,8457.66,845.77,7611.89,3945.01
108256,20250821,274,5,13,3,6,12606.96,75641.76,0.0,75641.76,27528.65
108257,20240304,135,7,11,2,3,11044.9,33134.7,1656.73,31477.97,13565.07
108258,20241013,59,6,8,6,3,8457.66,25372.98,0.0,25372.98,10367.77
108259,20230527,120,12,17,9,5,1192.37,5961.85,298.09,5663.76,2550.73
108260,20250918,25,9,24,7,14,2112.21,29570.94,2957.09,26613.85,11588.78
108261,20230810,130,7,14,10,2,11044.9,22089.8,2208.98,19880.82,7365.78
108262,20230129,180,10,8,7,20,4677.47,93549.4,4677.47,88871.93,31762.72
108263,20241116,190,12,6,4,6,1192.37,7154.22,0.0,7154.22,2615.36
108264,20231001,135,7,12,2,11,11044.9,121493.9,0.0,121493.9,58513.76
108265,20250109,249,9,15,3,7,2112.21,14785.47,2217.82,12567.65,4687.09
108266,20240503,72,1,6,1,6,7004.72,42028.32,4202.83,37825.49,16742.51
108267,20230912,43,4,21,1,3,4210.9,12632.7,631.64,12001.06,4344.06
108268,20230618,143,10,17,10,2,4677.47,9354.94,0.0,9354.94,4705.13
108269,20251228,131,8,22,10,11,8152.69,89679.59,8967.96,80711.63,33622.31
108270,20250703,249,4,10,3,7,4210.9,29476.3,0.0,29476.3,11380.63
108271,20230520,97,3,22,8,3,1648.77,4946.31,247.32,4698.99,2418.39
108272,20240508,213,7,19,4,9,11044.9,99404.1,4970.21,94433.89,37754.03
108273,20251116,6,9,9,9,13,2112.21,27458.73,1372.94,26085.79,13371.49
108274,20251015,106,3,19,2,15,1648.77,24731.55,3709.73,21021.82,9503.86
108275,20241116,219,3,16,9,4,1648.77,6595.08,989.26,5605.82,2174.56
108276,20230420,74,5,10,7,13,12606.96,163890.48,16389.05,147501.43,67119.67
108277,20241213,289,9,20,8,1,2112.21,2112.21,105.61,2006.6,854.65
108278,20230227,294,5,15,2,17,12606.96,214318.32,0.0,214318.32,77354.21
108279,20250503,76,7,10,3,13,11044.9,143583.7,14358.37,129225.33,53799.05
108280,20251225,290,10,18,8,16,4677.47,74839.52,0.0,74839.52,30199.11
108281,20240907,200,4,3,5,5,4210.9,21054.5,2105.45,18949.05,9225.61
108282,20231014,22,10,6,4,15,4677.47,70162.05,0.0,70162.05,28004.02
108283,20230401,265,2,22,8,3,576.14,1728.42,0.0,1728.42,618.1
108284,20230601,175,11,4,9,5,4866.69,24333.45,1216.67,23116.78,10438.66
108285,20230610,108,7,17,8,9,11044.9,99404.1,0.0,99404.1,40569.9
108286,20230810,199,11,11,7,6,4866.69,29200.14,5840.03,23360.11,10458.58
108287,20230103,276,8,16,6,16,8152.69,130443.04,0.0,130443.04,61686.23
108288,20230405,106,3,6,2,14,1648.77,23082.78,0.0,23082.78,9195.81
108289,20250808,261,12,10,5,8,1192.37,9538.96,0.0,9538.96,4230.92
108290,20240609,273,5,14,4,9,12606.96,113462.64,22692.53,90770.11,35749.58
108291,20230507,107,3,7,6,8,1648.77,13190.16,659.51,12530.65,6049.82
108292,20241225,132,4,15,7,14,4210.9,58952.6,11790.52,47162.08,21044.71
108293,20230423,183,9,11,5,18,2112.21,38019.78,0.0,38019.78,18028.76
108294,20240722,175,10,20,9,14,4677.47,65484.58,3274.23,62210.35,23498.05
108295,20240226,48,3,22,5,3,1648.77,4946.31,0.0,4946.31,2673.63
108296,20250118,257,9,20,7,17,2112.21,35907.57,0.0,35907.57,16996.85
108297,20240226,11,8,18,9,4,8152.69,32610.76,0.0,32610.76,12246.04
108298,20241106,240,1,22,3,14,7004.72,98066.08,4903.3,93162.78,33696.86
108299,20251017,96,5,9,5,11,12606.96,138676.56,0.0,138676.56,71438.46
108300,20250818,167,11,20,7,15,4866.69,73000.35,0.0,73000.35,28916.28
108301,20230814,192,12,14,1,17,1192.37,20270.29,2027.03,18243.26,7154.61
108302,20230326,67,5,6,1,13,12606.96,163890.48,16389.05,147501.43,60985.74
108303,20250529,119,10,9,10,14,4677.47,65484.58,3274.23,62210.35,26391.89
108304,20240313,51,1,19,3,1,7004.72,7004.72,0.0,7004.72,2936.65
108305,20241207,258,12,16,6,5,1192.37,5961.85,0.0,5961.85,2898.96
108306,20250827,180,1,6,7,16,7004.72,112075.52,5603.78,106471.74,50168.22
108307,20250307,157,3,4,8,1,1648.77,1648.77,0.0,1648.77,758.37
108308,20250617,84,9,18,2,1,2112.21,2112.21,105.61,2006.6,876.76
108309,20250428,158,10,16,3,2,4677.47,9354.94,0.0,9354.94,4443.58
108310,20241002,297,12,20,9,1,1192.37,1192.37,119.24,1073.13,522.24
108311,20230828,289,7,22,8,9,11044.9,99404.1,0.0,99404.1,47954.33
108312,20240505,177,7,5,2,7,11044.9,77314.3,3865.72,73448.58,37285.55
108313,20231219,38,2,4,5,17,576.14,9794.38,489.72,9304.66,4534.11
108314,20230109,21,9,5,9,6,2112.21,12673.26,0.0,12673.26,4575.2
108315,20240427,68,12,6,10,2,1192.37,2384.74,119.24,2265.5,899.42
108316,20250105,197,1,17,2,19,7004.72,133089.68,6654.48,126435.2,51622.63
108317,20250223,37,8,4,3,1,8152.69,8152.69,1222.9,6929.79,2821.82
108318,20240107,135,8,12,2,19,8152.69,154901.11,7745.06,147156.05,54436.63
108319,20230907,250,4,19,8,2,4210.9,8421.8,842.18,7579.62,3287.61
108320,20230430,207,9,17,7,17,2112.21,35907.57,0.0,35907.57,17716.58
108321,20230321,94,8,7,3,4,8152.69,32610.76,1630.54,30980.22,12321.6
108322,20241214,28,3,23,4,10,1648.77,16487.7,2473.16,14014.54,5858.84
108323,20250317,103,3,24,10,15,1648.77,24731.55,2473.16,22258.39,12024.95
108324,20241216,80,5,3,8,14,12606.96,176497.44,8824.87,167672.57,67309.24
108325,20241004,221,5,13,1,18,12606.96,226925.28,11346.26,215579.02,95579.51
108326,20240604,211,10,4,10,9,4677.47,42097.23,0.0,42097.23,18986.08
108327,20230118,9,1,1,9,4,7004.72,28018.88,0.0,28018.88,15078.52
108328,20250627,135,4,15,2,17,4210.9,71585.3,0.0,71585.3,35530.12
108329,20230205,244,4,17,10,6,4210.9,25265.4,0.0,25265.4,9754.68
108330,20241027,278,12,8,2,8,1192.37,9538.96,476.95,9062.01,4586.09
108331,20231203,73,4,24,2,8,4210.9,33687.2,0.0,33687.2,12089.68
108332,20241202,142,2,16,1,16,576.14,9218.24,460.91,8757.33,3873.93
108333,20250513,224,2,2,10,2,576.14,1152.28,0.0,1152.28,607.76
108334,20230626,63,9,13,10,6,2112.21,12673.26,633.66,12039.6,4859.5
108335,20240503,111,11,7,7,10,4866.69,48666.9,2433.35,46233.55,21525.4
108336,20240807,29,3,13,1,19,1648.77,31326.63,1566.33,29760.3,12730.93
108337,20240406,45,6,23,3,12,8457.66,101491.92,5074.6,96417.32,46783.12
108338,20230408,10,9,16,3,12,2112.21,25346.52,1267.33,24079.19,10057.72
108339,20241103,51,12,7,3,4,1192.37,4769.48,238.47,4531.01,2276.67
108340,20231006,99,8,2,4,18,8152.69,146748.42,0.0,146748.42,58879.01
108341,20241016,9,2,22,9,7,576.14,4032.98,201.65,3831.33,1408.12
108342,20251103,188,12,22,1,10,1192.37,11923.7,1788.56,10135.14,4660.46
108343,20240924,91,10,8,6,6,4677.47,28064.82,5612.96,22451.86,11180.37
108344,20241023,233,1,3,7,16,7004.72,112075.52,16811.33,95264.19,51618.98
108345,20250708,128,4,16,8,2,4210.9,8421.8,0.0,8421.8,3658.83
108346,20240130,206,1,12,3,10,7004.72,70047.2,7004.72,63042.48,32482.31
108347,20250923,43,3,16,1,19,1648.77,31326.63,0.0,31326.63,14892.82
108348,20251229,80,7,6,8,16,11044.9,176718.4,8835.92,167882.48,72807.29
108349,20230101,223,12,1,10,10,1192.37,11923.7,0.0,11923.7,5207.45
108350,20250306,6,10,12,9,13,4677.47,60807.11,3040.36,57766.75,29932.26
108351,20230623,285,3,18,3,19,1648.77,31326.63,0.0,31326.63,11509.11
108352,20230205,247,6,17,10,14,8457.66,118407.24,0.0,118407.24,49992.62
108353,20240501,12,10,16,6,11,4677.47,51452.17,0.0,51452.17,20047.81
108354,20250211,102,2,9,2,19,576.14,10946.66,1642.0,9304.66,5014.02
108355,20251024,209,10,4,9,17,4677.47,79516.99,7951.7,71565.29,26766.52
108356,20250830,164,11,13,9,18,4866.69,87600.42,4380.02,83220.4,33293.81
108357,20241011,141,10,13,4,9,4677.47,42097.23,4209.72,37887.51,14545.63
108358,20230228,214,10,25,1,19,4677.47,88871.93,8887.19,79984.74,33406.93
108359,20241203,271,4,2,3,1,4210.9,4210.9,0.0,4210.9,2175.43
108360,20251231,31,11,23,2,18,4866.69,87600.42,8760.04,78840.38,33400.56
108361,20240518,131,12,10,10,20,1192.37,23847.4,0.0,23847.4,12432.81
108362,20230322,260,9,12,6,8,2112.21,16897.68,0.0,16897.68,7798.36
108363,20240506,44,10,25,1,6,4677.47,28064.82,1403.24,26661.58,14602.73
108364,20250716,227,9,7,7,10,2112.21,21122.1,0.0,21122.1,9855.34
108365,20240120,71,9,3,4,18,2112.21,38019.78,0.0,38019.78,18341.87
108366,20230626,252,8,22,1,4,8152.69,32610.76,0.0,32610.76,12887.17
108367,20230331,90,1,16,8,8,7004.72,56037.76,2801.89,53235.87,23935.97
108368,20241016,233,5,4,7,16,12606.96,201711.36,10085.57,191625.79,69612.0
108369,20240711,271,1,1,3,2,7004.72,14009.44,0.0,14009.44,4946.35
108370,20230704,117,4,2,4,6,4210.9,25265.4,2526.54,22738.86,9215.09
108371,20230207,131,1,3,10,3,7004.72,21014.16,2101.42,18912.74,10013.31
108372,20231128,56,6,22,2,18,8457.66,152237.88,22835.68,129402.2,68061.53
108373,20231104,239,8,5,5,9,8152.69,73374.21,0.0,73374.21,35147.72
108374,20250511,148,6,13,3,3,8457.66,25372.98,1268.65,24104.33,12870.33
108375,20240927,219,9,19,9,4,2112.21,8448.84,0.0,8448.84,4120.13
108376,20240206,106,7,11,2,20,11044.9,220898.0,22089.8,198808.2,81891.85
108377,20230402,54,5,17,8,15,12606.96,189104.4,18910.44,170193.96,82973.92
108378,20240115,8,9,8,10,8,2112.21,16897.68,2534.65,14363.03,7577.94
108379,20250208,178,7,4,5,19,11044.9,209853.1,10492.66,199360.44,95097.18
108380,20250214,279,2,5,7,13,576.14,7489.82,374.49,7115.33,3463.04
108381,20230831,198,12,19,7,19,1192.37,22655.03,3398.25,19256.78,9546.38
108382,20250726,232,11,1,6,17,4866.69,82733.73,8273.37,74460.36,32380.26
108383,20250210,182,8,10,10,18,8152.69,146748.42,14674.84,132073.58,56029.76
108384,20250710,227,11,11,7,20,4866.69,97333.8,14600.07,82733.73,36634.14
108385,20250607,247,4,23,10,17,4210.9,71585.3,0.0,71585.3,37975.28
108386,20241013,18,12,14,7,17,1192.37,20270.29,0.0,20270.29,9752.67
108387,20240523,244,4,8,10,19,4210.9,80007.1,0.0,80007.1,35485.17
108388,20240801,48,11,24,5,6,4866.69,29200.14,1460.01,27740.13,12829.2
108389,20250408,173,8,2,2,15,8152.69,122290.35,0.0,122290.35,62834.56
108390,20250123,134,7,1,5,12,11044.9,132538.8,0.0,132538.8,72181.98
108391,20240306,70,2,8,9,7,576.14,4032.98,0.0,4032.98,1679.55
108392,20250617,287,10,6,4,17,4677.47,79516.99,3975.85,75541.14,26666.86
108393,20231203,81,10,22,4,12,4677.47,56129.64,0.0,56129.64,28085.44
108394,20251020,204,10,25,8,7,4677.47,32742.29,0.0,32742.29,14882.17
108395,20240316,256,11,2,2,15,4866.69,73000.35,3650.02,69350.33,32346.54
108396,20230521,6,7,5,9,7,11044.9,77314.3,7731.43,69582.87,33389.04
108397,20241209,145,4,25,8,10,4210.9,42109.0,0.0,42109.0,15401.25
108398,20251004,159,8,1,4,18,8152.69,146748.42,29349.68,117398.74,47787.59
108399,20250324,250,2,4,8,15,576.14,8642.1,864.21,7777.89,2968.6
108400,20251218,162,10,13,3,8,4677.47,37419.76,0.0,37419.76,16258.84
108401,20230407,129,2,14,8,5,576.14,2880.7,144.03,2736.67,1384.4
108402,20250313,234,3,9,5,1,1648.77,1648.77,82.44,1566.33,667.08
108403,20251005,30,2,23,9,8,576.14,4609.12,0.0,4609.12,1706.34
108404,20250326,218,8,2,2,3,8152.69,24458.07,2445.81,22012.26,10432.48
108405,20251112,239,2,15,5,4,576.14,2304.56,0.0,2304.56,1168.89
108406,20231122,24,8,3,4,17,8152.69,138595.73,20789.36,117806.37,54198.5
108407,20230215,77,3,3,4,8,1648.77,13190.16,0.0,13190.16,6081.34
108408,20250325,17,6,2,8,7,8457.66,59203.62,8880.54,50323.08,21485.83
108409,20230704,243,4,10,10,3,4210.9,12632.7,1894.9,10737.8,4794.37
108410,20240609,46,5,14,1,12,12606.96,151283.52,0.0,151283.52,62863.21
108411,20240111,127,4,11,8,12,4210.9,50530.8,2526.54,48004.26,20786.13
108412,20240909,45,6,21,3,14,8457.66,118407.24,5920.36,112486.88,39899.24
108413,20240207,196,4,8,8,17,4210.9,71585.3,3579.27,68006.03,27987.62
108414,20250329,171,1,2,6,15,7004.72,105070.8,15760.62,89310.18,35936.81
108415,20241028,92,6,21,8,1,8457.66,8457.66,0.0,8457.66,3918.7
108416,20250426,188,4,13,1,9,4210.9,37898.1,1894.9,36003.2,18412.51
108417,20250610,219,11,25,9,16,4866.69,77867.04,3893.35,73973.69,35138.46
108418,20240301,136,2,10,3,11,576.14,6337.54,0.0,6337.54,3420.02
108419,20240718,281,7,9,7,19,11044.9,209853.1,0.0,209853.1,107886.55
108420,20240318,178,1,19,5,1,7004.72,7004.72,700.47,6304.25,2454.04
108421,20241220,39,9,9,9,2,2112.21,4224.42,633.66,3590.76,1528.67
108422,20240303,79,10,23,8,9,4677.47,42097.23,2104.86,39992.37,17228.94
108423,20230721,105,3,15,4,3,1648.77,4946.31,0.0,4946.31,2027.22
108424,20230801,89,7,25,7,9,11044.9,99404.1,19880.82,79523.28,31579.08
108425,20251123,136,8,23,3,1,8152.69,8152.69,815.27,7337.42,3391.23
108426,20231121,9,6,2,9,20,8457.66,169153.2,0.0,169153.2,72167.25
108427,20240308,123,10,22,8,5,4677.47,23387.35,2338.74,21048.61,10811.56
108428,20250311,66,6,19,3,8,8457.66,67661.28,0.0,67661.28,31156.8
108429,20250109,251,12,4,4,4,1192.37,4769.48,953.9,3815.58,1993.88
108430,20231212,151,10,24,3,4,4677.47,18709.88,0.0,18709.88,9427.16
108431,20240309,2,1,14,5,6,7004.72,42028.32,6304.25,35724.07,17920.29
108432,20230819,263,4,21,10,20,4210.9,84218.0,0.0,84218.0,35608.28
108433,20250428,253,10,3,6,16,4677.47,74839.52,3741.98,71097.54,26623.83
108434,20250613,5,8,20,10,3,8152.69,24458.07,0.0,24458.07,9248.31
108435,20231102,122,4,23,9,11,4210.9,46319.9,2316.0,44003.9,17591.93
108436,20240305,186,4,3,4,12,4210.9,50530.8,0.0,50530.8,22049.32
108437,20250731,71,12,10,4,12,1192.37,14308.44,1430.84,12877.6,6139.22
108438,20240712,15,10,9,6,4,4677.47,18709.88,0.0,18709.88,8218.53
108439,20251013,47,7,18,6,6,11044.9,66269.4,3313.47,62955.93,29713.84
108440,20231221,40,9,21,2,5,2112.21,10561.05,0.0,10561.05,4512.03
108441,20231126,50,7,7,7,13,11044.9,143583.7,0.0,143583.7,64274.03
108442,20240310,268,7,21,2,10,11044.9,110449.0,5522.45,104926.55,51338.86
108443,20250618,119,3,23,10,6,1648.77,9892.62,0.0,9892.62,3737.54
108444,20231010,130,3,14,10,7,1648.77,11541.39,577.07,10964.32,5746.87
108445,20240315,202,9,24,4,3,2112.21,6336.63,0.0,6336.63,2536.39
108446,20240824,176,3,17,10,16,1648.77,26380.32,3957.05,22423.27,10276.58
108447,20250903,178,10,1,5,9,4677.47,42097.23,0.0,42097.23,17117.01
108448,20230704,227,7,10,7,7,11044.9,77314.3,0.0,77314.3,28265.49
108449,20241205,235,10,10,8,2,4677.47,9354.94,0.0,9354.94,3876.2
108450,20241217,112,3,19,4,8,1648.77,13190.16,659.51,12530.65,5057.58
108451,20240704,276,4,9,6,12,4210.9,50530.8,0.0,50530.8,27292.12
108452,20250125,164,1,25,9,18,7004.72,126084.96,12608.5,113476.46,53417.31
108453,20250915,163,5,16,2,5,12606.96,63034.8,6303.48,56731.32,28753.51
108454,20241021,231,1,14,3,14,7004.72,98066.08,0.0,98066.08,49850.98
108455,20230102,54,12,14,8,6,1192.37,7154.22,0.0,7154.22,2934.31
108456,20250707,228,2,9,7,20,576.14,11522.8,1728.42,9794.38,4501.39
108457,20250901,85,5,17,4,9,12606.96,113462.64,5673.13,107789.51,40514.1
108458,20230828,179,3,17,5,8,1648.77,13190.16,0.0,13190.16,6598.98
108459,20231001,27,9,2,9,17,2112.21,35907.57,0.0,35907.57,17771.14
108460,20251025,3,10,17,3,17,4677.47,79516.99,11927.55,67589.44,25968.5
108461,20230315,298,3,12,4,6,1648.77,9892.62,494.63,9397.99,3296.65
108462,20240714,74,4,21,7,12,4210.9,50530.8,5053.08,45477.72,20384.15
108463,20230617,109,1,24,8,6,7004.72,42028.32,2101.42,39926.9,20191.41
108464,20230925,298,1,6,4,11,7004.72,77051.92,0.0,77051.92,27206.4
108465,20231210,87,8,20,10,18,8152.69,146748.42,22012.26,124736.16,47055.27
108466,20250109,238,10,19,9,17,4677.47,79516.99,11927.55,67589.44,27003.79
108467,20240528,109,3,14,8,2,1648.77,3297.54,0.0,3297.54,1708.61
108468,20240905,26,9,1,5,15,2112.21,31683.15,1584.16,30098.99,10727.94
108469,20240422,247,9,4,10,16,2112.21,33795.36,0.0,33795.36,14174.85
108470,20250216,278,6,5,2,10,8457.66,84576.6,0.0,84576.6,38165.21
108471,20250126,295,3,22,3,2,1648.77,3297.54,164.88,3132.66,1169.78
108472,20250103,44,3,5,1,17,1648.77,28029.09,1401.45,26627.64,11360.36
108473,20230404,12,10,19,6,20,4677.47,93549.4,9354.94,84194.46,45746.29
108474,20240816,296,5,4,8,4,12606.96,50427.84,5042.78,45385.06,16883.06
108475,20230508,121,7,10,4,17,11044.9,187763.3,18776.33,168986.97,67530.71
108476,20230915,177,10,22,2,1,4677.47,4677.47,467.75,4209.72,1596.32
108477,20250522,260,5,17,6,7,12606.96,88248.72,0.0,88248.72,34933.4
108478,20231005,289,11,23,8,15,4866.69,73000.35,3650.02,69350.33,33431.91
108479,20251001,39,6,10,9,6,8457.66,50745.96,5074.6,45671.36,22672.73
108480,20241126,166,8,3,9,19,8152.69,154901.11,0.0,154901.11,75018.63
108481,20251014,27,1,15,9,3,7004.72,21014.16,1050.71,19963.45,7320.44
108482,20230407,119,6,7,10,8,8457.66,67661.28,3383.06,64278.22,25361.27
108483,20241216,77,2,21,4,16,576.14,9218.24,0.0,9218.24,3716.25
108484,20241124,45,6,11,3,18,8457.66,152237.88,30447.58,121790.3,65302.31
108485,20250607,216,4,4,3,9,4210.9,37898.1,3789.81,34108.29,15635.04
108486,20230426,193,2,3,3,11,576.14,6337.54,0.0,6337.54,3305.99
108487,20230826,58,12,17,3,17,1192.37,20270.29,1013.51,19256.78,8041.65
108488,20240609,59,10,5,6,13,4677.47,60807.11,0.0,60807.11,28344.12
108489,20230829,244,4,8,10,13,4210.9,54741.7,5474.17,49267.53,21412.13
108490,20230903,143,4,3,10,7,4210.9,29476.3,2947.63,26528.67,14066.95
108491,20230217,1,12,3,9,19,1192.37,22655.03,1132.75,21522.28,11366.28
108492,20230809,3,7,8,3,18,11044.9,198808.2,0.0,198808.2,80465.75
108493,20240709,121,3,13,4,12,1648.77,19785.24,1978.52,17806.72,9670.21
108494,20241005,42,11,17,6,20,4866.69,97333.8,4866.69,92467.11,41630.41
108495,20250924,257,11,22,7,11,4866.69,53533.59,8030.04,45503.55,16518.32
108496,20250710,58,6,10,3,8,8457.66,67661.28,3383.06,64278.22,29671.47
108497,20230325,110,5,12,5,20,12606.96,252139.2,25213.92,226925.28,103652.13
108498,20240224,15,5,20,6,9,12606.96,113462.64,0.0,113462.64,40771.32
108499,20230523,18,1,14,7,19,7004.72,133089.68,0.0,133089.68,62904.16
108500,20230711,275,12,7,6,7,1192.37,8346.59,1251.99,7094.6,3890.4
108501,20240126,44,7,16,1,19,11044.9,209853.1,41970.62,167882.48,64414.66
108502,20250227,148,1,25,3,8,7004.72,56037.76,5603.78,50433.98,22160.24
108503,20230106,173,10,19,2,19,4677.47,88871.93,0.0,88871.93,47926.41
108504,20240723,11,9,4,9,2,2112.21,4224.42,0.0,4224.42,1571.7
108505,20230803,227,10,13,7,12,4677.47,56129.64,0.0,56129.64,28676.68
108506,20241029,84,1,18,2,13,7004.72,91061.36,0.0,91061.36,45063.05
108507,20240815,297,5,12,9,12,12606.96,151283.52,15128.35,136155.17,52983.41
108508,20240121,44,9,12,1,14,2112.21,29570.94,0.0,29570.94,14589.2
108509,20240608,290,4,9,8,15,4210.9,63163.5,12632.7,50530.8,18756.98
108510,20231030,211,9,18,10,17,2112.21,35907.57,3590.76,32316.81,11357.58
108511,20250208,123,3,2,8,3,1648.77,4946.31,247.32,4698.99,1682.07
108512,20240322,12,8,21,6,17,8152.69,138595.73,0.0,138595.73,68981.38
108513,20230921,128,12,6,8,11,1192.37,13116.07,0.0,13116.07,5983.78
108514,20230822,44,11,24,1,20,4866.69,97333.8,9733.38,87600.42,33558.23
108515,20250619,238,7,4,9,12,11044.9,132538.8,19880.82,112657.98,51721.7
108516,20250710,258,5,10,6,5,12606.96,63034.8,0.0,63034.8,27965.98
108517,20230209,32,5,22,4,5,12606.96,63034.8,6303.48,56731.32,23772.82
108518,20250627,211,6,16,10,3,8457.66,25372.98,0.0,25372.98,10182.8
108519,20241217,280,5,15,6,19,12606.96,239532.24,23953.22,215579.02,109893.5
108520,20230629,201,2,9,8,19,576.14,10946.66,1642.0,9304.66,4401.62
108521,20230517,136,1,23,3,19,7004.72,133089.68,26617.94,106471.74,44392.96
108522,20240907,160,10,14,3,6,4677.47,28064.82,1403.24,26661.58,14256.59
108523,20231024,57,7,12,9,8,11044.9,88359.2,4417.96,83941.24,43231.1
108524,20250724,112,10,22,4,2,4677.47,9354.94,467.75,8887.19,3828.07
108525,20250403,249,6,23,3,5,8457.66,42288.3,4228.83,38059.47,18224.89
108526,20240108,8,4,4,10,11,4210.9,46319.9,2316.0,44003.9,20626.62
108527,20230119,208,6,18,4,3,8457.66,25372.98,0.0,25372.98,9545.12
108528,20250125,30,8,15,9,18,8152.69,146748.42,0.0,146748.42,57928.6
108529,20230329,216,12,17,3,2,1192.37,2384.74,357.71,2027.03,940.06
108530,20231027,236,2,25,6,14,576.14,8065.96,403.3,7662.66,2998.12
108531,20240413,184,3,14,9,1,1648.77,1648.77,0.0,1648.77,905.96
108532,20250705,89,7,11,7,11,11044.9,121493.9,6074.69,115419.21,59737.98
108533,20240222,66,7,4,3,7,11044.9,77314.3,0.0,77314.3,39340.37
108534,20231007,232,1,3,6,18,7004.72,126084.96,0.0,126084.96,49229.96
108535,20230929,30,1,6,9,11,7004.72,77051.92,11557.79,65494.13,31883.37
108536,20230330,142,12,13,1,16,1192.37,19077.92,1907.79,17170.13,6068.18
108537,20250717,49,9,25,4,12,2112.21,25346.52,0.0,25346.52,9445.09
108538,20230608,175,7,10,9,17,11044.9,187763.3,0.0,187763.3,97641.92
108539,20231230,285,8,11,3,7,8152.69,57068.83,5706.88,51361.95,25954.72
108540,20240613,278,4,8,2,13,4210.9,54741.7,0.0,54741.7,20809.19
108541,20241206,77,12,19,4,14,1192.37,16693.18,0.0,16693.18,9018.46
108542,20250814,33,7,13,10,7,11044.9,77314.3,3865.72,73448.58,28780.67
108543,20230407,107,3,6,6,4,1648.77,6595.08,329.75,6265.33,3423.56
108544,20251117,24,8,1,4,4,8152.69,32610.76,1630.54,30980.22,16229.56
108545,20230621,172,6,16,1,9,8457.66,76118.94,15223.79,60895.15,31341.17
108546,20230629,69,6,4,4,6,8457.66,50745.96,0.0,50745.96,23304.0
108547,20240204,149,1,21,10,3,7004.72,21014.16,1050.71,19963.45,9835.35
108548,20240914,137,12,23,7,11,1192.37,13116.07,655.8,12460.27,6561.03
108549,20250613,199,10,25,7,13,4677.47,60807.11,0.0,60807.11,23734.61
108550,20250713,53,2,16,4,4,576.14,2304.56,230.46,2074.1,743.86
108551,20240916,188,12,16,1,9,1192.37,10731.33,0.0,10731.33,5858.26
108552,20250629,175,7,12,9,20,11044.9,220898.0,22089.8,198808.2,76450.55
108553,20230112,25,3,6,7,10,1648.77,16487.7,3297.54,13190.16,4957.03
108554,20250710,47,7,13,6,10,11044.9,110449.0,0.0,110449.0,43455.18
108555,20240130,183,2,20,5,20,576.14,11522.8,576.14,10946.66,5203.78
108556,20231124,34,2,3,6,11,576.14,6337.54,0.0,6337.54,3471.27
108557,20231128,227,1,20,7,19,7004.72,133089.68,0.0,133089.68,48059.96
108558,20250822,220,11,9,1,5,4866.69,24333.45,0.0,24333.45,13145.9
108559,20230827,48,8,25,5,8,8152.69,65221.52,0.0,65221.52,23842.29
108560,20230823,16,11,25,4,9,4866.69,43800.21,0.0,43800.21,15751.0
108561,20241110,96,11,2,5,10,4866.69,48666.9,2433.35,46233.55,23838.5
108562,20250505,274,7,23,3,12,11044.9,132538.8,0.0,132538.8,51696.39
108563,20250103,108,8,22,8,6,8152.69,48916.14,0.0,48916.14,24678.38
108564,20251220,118,10,6,2,20,4677.47,93549.4,0.0,93549.4,39113.66
108565,20240315,93,5,9,10,17,12606.96,214318.32,10715.92,203602.4,106560.38
108566,20230215,252,7,20,1,14,11044.9,154628.6,0.0,154628.6,68751.5
108567,20250327,162,5,7,3,19,12606.96,239532.24,0.0,239532.24,112394.39
108568,20231203,284,10,4,9,9,4677.47,42097.23,2104.86,39992.37,20096.69
108569,20231207,152,6,22,9,8,8457.66,67661.28,0.0,67661.28,27221.97
108570,20230515,40,7,2,2,17,11044.9,187763.3,0.0,187763.3,95999.4
108571,20230904,286,3,5,10,6,1648.77,9892.62,0.0,9892.62,4874.43
108572,20240709,294,5,9,2,15,12606.96,189104.4,18910.44,170193.96,82293.96
108573,20240910,275,5,17,6,12,12606.96,151283.52,15128.35,136155.17,58412.76
108574,20240927,155,6,3,10,9,8457.66,76118.94,0.0,76118.94,36222.28
108575,20250807,72,10,24,1,19,4677.47,88871.93,0.0,88871.93,33460.41
108576,20230424,246,2,8,9,7,576.14,4032.98,403.3,3629.68,1332.32
108577,20240424,274,3,15,3,13,1648.77,21434.01,2143.4,19290.61,9310.13
108578,20230825,68,4,24,10,20,4210.9,84218.0,0.0,84218.0,33921.87
108579,20231029,172,12,19,1,4,1192.37,4769.48,476.95,4292.53,1881.41
108580,20230122,212,8,15,10,7,8152.69,57068.83,0.0,57068.83,27053.0
108581,20250801,288,1,8,8,20,7004.72,140094.4,7004.72,133089.68,52273.82
108582,20250330,287,7,6,4,2,11044.9,22089.8,2208.98,19880.82,8324.74
108583,20240310,289,2,20,8,3,576.14,1728.42,172.84,1555.58,788.11
108584,20240125,282,3,17,4,19,1648.77,31326.63,3132.66,28193.97,12744.15
108585,20240307,165,1,15,10,8,7004.72,56037.76,2801.89,53235.87,21862.8
108586,20241021,174,1,12,7,2,7004.72,14009.44,0.0,14009.44,5236.64
108587,20230712,45,5,14,3,5,12606.96,63034.8,3151.74,59883.06,26974.05
108588,20250320,209,3,3,9,16,1648.77,26380.32,3957.05,22423.27,11015.33
108589,20250315,83,11,15,5,6,4866.69,29200.14,0.0,29200.14,14997.32
108590,20230910,157,5,12,8,14,12606.96,176497.44,26474.62,150022.82,82103.28
108591,20230620,138,10,20,4,15,4677.47,70162.05,0.0,70162.05,33680.52
108592,20230523,152,5,13,9,7,12606.96,88248.72,0.0,88248.72,35504.4
108593,20241026,146,6,1,6,3,8457.66,25372.98,0.0,25372.98,9602.56
108594,20230531,267,11,17,1,10,4866.69,48666.9,2433.35,46233.55,18072.45
108595,20230920,28,6,20,4,8,8457.66,67661.28,0.0,67661.28,31448.0
108596,20240424,13,10,23,2,5,4677.47,23387.35,2338.74,21048.61,8147.21
108597,20230323,85,12,10,4,3,1192.37,3577.11,357.71,3219.4,1401.55
108598,20250617,24,11,13,4,17,4866.69,82733.73,0.0,82733.73,38015.92
108599,20231204,194,12,14,4,15,1192.37,17885.55,0.0,17885.55,8705.54
108600,20230207,4,10,22,3,16,4677.47,74839.52,3741.98,71097.54,29544.47
108601,20240824,298,11,14,4,6,4866.69,29200.14,0.0,29200.14,15062.23
108602,20241217,10,12,4,3,5,1192.37,5961.85,0.0,5961.85,2520.96
108603,20240122,27,2,6,9,11,576.14,6337.54,0.0,6337.54,3085.84
108604,20240211,222,12,9,8,13,1192.37,15500.81,775.04,14725.77,5809.77
108605,20230507,219,8,21,9,11,8152.69,89679.59,13451.94,76227.65,31229.59
108606,20230216,108,11,3,8,9,4866.69,43800.21,2190.01,41610.2,16090.48
108607,20230601,134,6,25,5,16,8457.66,135322.56,0.0,135322.56,71443.25
108608,20241211,192,6,8,1,6,8457.66,50745.96,0.0,50745.96,25986.69
108609,20241026,181,6,1,10,5,8457.66,42288.3,0.0,42288.3,22621.94
108610,20240806,189,1,12,1,17,7004.72,119080.24,11908.02,107172.22,53098.86
108611,20230421,237,3,5,7,18,1648.77,29677.86,1483.89,28193.97,14275.8
108612,20240213,297,3,24,9,18,1648.77,29677.86,1483.89,28193.97,13020.24
108613,20250412,199,9,19,7,17,2112.21,35907.57,0.0,35907.57,12791.3
108614,20241128,93,9,12,10,10,2112.21,21122.1,4224.42,16897.68,8395.65
108615,20230307,161,3,22,7,7,1648.77,11541.39,1154.14,10387.25,4518.97
108616,20240605,49,7,8,4,15,11044.9,165673.5,0.0,165673.5,79125.13
108617,20251014,134,12,5,5,1,1192.37,1192.37,0.0,1192.37,650.83
108618,20241216,28,3,21,4,20,1648.77,32975.4,0.0,32975.4,16728.17
108619,20250625,292,10,8,5,20,4677.47,93549.4,14032.41,79516.99,35364.16
108620,20251115,43,1,9,1,17,7004.72,119080.24,0.0,119080.24,44066.81
108621,20241213,13,12,12,2,9,1192.37,10731.33,0.0,10731.33,5525.0
108622,20250704,268,5,21,2,2,12606.96,25213.92,0.0,25213.92,12696.28
108623,20251019,54,5,1,8,17,12606.96,214318.32,32147.75,182170.57,96820.73
108624,20251127,238,8,19,9,12,8152.69,97832.28,9783.23,88049.05,32182.37
108625,20250331,83,3,19,5,4,1648.77,6595.08,989.26,5605.82,2185.74
108626,20230311,33,7,18,10,17,11044.9,187763.3,0.0,187763.3,66235.07
108627,20250905,207,12,8,7,8,1192.37,9538.96,0.0,9538.96,4527.36
108628,20240926,242,11,20,8,4,4866.69,19466.76,0.0,19466.76,10332.1
108629,20240116,257,5,5,7,15,12606.96,189104.4,28365.66,160738.74,88403.04
108630,20251001,234,5,4,5,14,12606.96,176497.44,0.0,176497.44,89258.77
108631,20240727,209,12,13,9,15,1192.37,17885.55,894.28,16991.27,8758.37
108632,20240226,227,2,13,7,10,576.14,5761.4,0.0,5761.4,2094.92
108633,20230821,49,7,17,4,12,11044.9,132538.8,6626.94,125911.86,53425.07
108634,20231011,160,2,16,3,4,576.14,2304.56,115.23,2189.33,982.54
108635,20251001,281,3,11,7,14,1648.77,23082.78,1154.14,21928.64,8871.8
108636,20240222,89,6,3,7,1,8457.66,8457.66,0.0,8457.66,3098.69
108637,20231206,286,9,7,10,4,2112.21,8448.84,844.88,7603.96,3530.69
108638,20230519,139,2,2,2,3,576.14,1728.42,0.0,1728.42,649.62
108639,20230617,233,5,15,7,9,12606.96,113462.64,11346.26,102116.38,37645.08
108640,20241003,244,10,14,10,4,4677.47,18709.88,3741.98,14967.9,7842.67
108641,20240715,67,4,25,1,17,4210.9,71585.3,0.0,71585.3,35634.13
108642,20231220,132,6,23,7,18,8457.66,152237.88,0.0,152237.88,79341.55
108643,20250905,5,9,1,10,16,2112.21,33795.36,0.0,33795.36,13047.99
108644,20251125,186,8,9,4,7,8152.69,57068.83,2853.44,54215.39,22099.3
108645,20241106,141,3,22,4,10,1648.77,16487.7,1648.77,14838.93,5373.94
108646,20231219,198,10,4,7,11,4677.47,51452.17,5145.22,46306.95,22334.9
108647,20250327,208,7,20,4,5,11044.9,55224.5,8283.67,46940.83,16443.39
108648,20231223,293,8,5,2,5,8152.69,40763.45,4076.34,36687.11,18518.17
108649,20230826,268,11,15,2,1,4866.69,4866.69,243.33,4623.36,1997.52
108650,20240508,107,5,25,6,9,12606.96,113462.64,0.0,113462.64,52922.81
108651,20250107,24,9,6,4,19,2112.21,40131.99,6019.8,34112.19,12078.18
108652,20240216,263,12,11,10,13,1192.37,15500.81,1550.08,13950.73,6543.39
108653,20230405,71,9,10,4,9,2112.21,19009.89,0.0,19009.89,10163.17
108654,20250712,265,4,14,8,5,4210.9,21054.5,2105.45,18949.05,8724.83
108655,20240719,152,2,22,9,10,576.14,5761.4,576.14,5185.26,2289.6
108656,20230424,136,5,15,3,11,12606.96,138676.56,0.0,138676.56,55038.97
108657,20251001,86,7,21,7,1,11044.9,11044.9,1104.49,9940.41,4336.58
108658,20230922,128,11,17,8,5,4866.69,24333.45,0.0,24333.45,11840.66
108659,20230129,89,10,16,7,18,4677.47,84194.46,0.0,84194.46,40208.99
108660,20231012,138,7,11,4,11,11044.9,121493.9,0.0,121493.9,57335.86
108661,20231102,93,3,4,10,5,1648.77,8243.85,412.19,7831.66,2903.19
108662,20230212,105,6,18,4,7,8457.66,59203.62,5920.36,53283.26,28294.65
108663,20231103,117,3,16,4,5,1648.77,8243.85,0.0,8243.85,3312.45
108664,20240702,37,7,2,3,17,11044.9,187763.3,0.0,187763.3,85433.85
108665,20230616,131,9,19,10,20,2112.21,42244.2,0.0,42244.2,22707.24
108666,20231208,85,4,22,4,7,4210.9,29476.3,0.0,29476.3,13276.79
108667,20240908,218,7,4,2,20,11044.9,220898.0,11044.9,209853.1,92113.21
108668,20230403,261,12,4,5,17,1192.37,20270.29,1013.51,19256.78,7304.89
108669,20230816,123,11,8,8,15,4866.69,73000.35,10950.05,62050.3,30316.0
108670,20240101,42,5,12,6,12,12606.96,151283.52,15128.35,136155.17,54662.36
108671,20230926,80,8,1,8,2,8152.69,16305.38,2445.81,13859.57,7596.52
108672,20251005,135,5,6,2,6,12606.96,75641.76,7564.18,68077.58,32177.76
108673,20250715,103,1,7,10,16,7004.72,112075.52,0.0,112075.52,58496.14
108674,20250116,27,9,7,9,15,2112.21,31683.15,3168.32,28514.83,14808.38
108675,20231025,26,1,13,5,1,7004.72,7004.72,700.47,6304.25,3192.26
108676,20240519,2,11,15,5,16,4866.69,77867.04,0.0,77867.04,34023.37
108677,20250220,248,6,17,10,12,8457.66,101491.92,5074.6,96417.32,42264.83
108678,20250923,48,12,24,5,11,1192.37,13116.07,655.8,12460.27,4945.16
108679,20240421,171,4,17,6,7,4210.9,29476.3,1473.82,28002.48,15234.75
108680,20230318,95,4,18,6,19,4210.9,80007.1,12001.07,68006.03,27760.36
108681,20230425,168,7,20,10,10,11044.9,110449.0,11044.9,99404.1,43906.74
108682,20230803,87,8,24,10,17,8152.69,138595.73,0.0,138595.73,69107.58
108683,20230331,237,10,21,7,13,4677.47,60807.11,0.0,60807.11,27861.36
108684,20241224,82,3,9,8,5,1648.77,8243.85,824.39,7419.46,3083.12
108685,20230826,231,12,8,3,15,1192.37,17885.55,0.0,17885.55,6542.07
108686,20230216,33,2,15,10,11,576.14,6337.54,316.88,6020.66,2508.14
108687,20250312,233,8,10,7,16,8152.69,130443.04,0.0,130443.04,48573.89
108688,20250507,233,12,10,7,10,1192.37,11923.7,0.0,11923.7,5615.71
108689,20251106,289,1,23,8,16,7004.72,112075.52,16811.33,95264.19,46698.36
108690,20250926,252,9,24,1,17,2112.21,35907.57,0.0,35907.57,12697.98
108691,20231206,147,10,5,10,8,4677.47,37419.76,3741.98,33677.78,16707.12
108692,20230120,287,4,8,4,10,4210.9,42109.0,0.0,42109.0,19230.68
108693,20230904,164,12,11,9,1,1192.37,1192.37,238.47,953.9,371.25
108694,20240202,29,4,17,1,1,4210.9,4210.9,0.0,4210.9,1784.73
108695,20240226,54,4,15,8,8,4210.9,33687.2,0.0,33687.2,18067.77
108696,20250126,15,5,18,6,17,12606.96,214318.32,10715.92,203602.4,110933.44
108697,20230810,278,8,23,2,12,8152.69,97832.28,4891.61,92940.67,50912.41
108698,20250805,117,3,23,4,6,1648.77,9892.62,494.63,9397.99,3539.61
108699,20250912,269,1,20,9,19,7004.72,133089.68,0.0,133089.68,60474.34
108700,20250322,108,10,4,8,2,4677.47,9354.94,467.75,8887.19,3166.02
108701,20250528,236,9,14,6,7,2112.21,14785.47,2217.82,12567.65,6330.02
108702,20230511,199,10,3,7,19,4677.47,88871.93,8887.19,79984.74,36718.22
108703,20250909,21,8,21,9,13,8152.69,105984.97,10598.5,95386.47,51489.19
108704,20250413,132,5,9,7,19,12606.96,239532.24,0.0,239532.24,109979.22
108705,20230617,22,2,11,4,9,576.14,5185.26,518.53,4666.73,2044.36
108706,20231225,166,6,15,9,8,8457.66,67661.28,0.0,67661.28,25068.2
108707,20251029,24,9,16,4,5,2112.21,10561.05,0.0,10561.05,4333.04
108708,20240404,9,3,6,9,16,1648.77,26380.32,3957.05,22423.27,11994.54
108709,20240104,249,12,12,3,6,1192.37,7154.22,0.0,7154.22,2995.96
108710,20231211,250,12,22,8,5,1192.37,5961.85,0.0,5961.85,3118.38
108711,20240629,114,5,3,6,13,12606.96,163890.48,0.0,163890.48,85670.44
108712,20231121,214,8,15,1,12,8152.69,97832.28,9783.23,88049.05,38550.89
108713,20250810,226,8,4,2,19,8152.69,154901.11,7745.06,147156.05,59601.46
108714,20230224,181,4,23,10,10,4210.9,42109.0,8421.8,33687.2,17979.13
108715,20241109,226,5,25,2,2,12606.96,25213.92,1260.7,23953.22,12179.7
108716,20240420,133,12,21,7,18,1192.37,21462.66,4292.53,17170.13,8692.53
108717,20251029,251,2,14,4,10,576.14,5761.4,576.14,5185.26,2230.23
108718,20231121,65,10,3,5,16,4677.47,74839.52,3741.98,71097.54,27628.99
108719,20230209,167,4,25,7,20,4210.9,84218.0,0.0,84218.0,44966.73
108720,20230512,44,1,1,1,2,7004.72,14009.44,700.47,13308.97,6529.14
108721,20240429,60,9,6,2,14,2112.21,29570.94,0.0,29570.94,14131.18
108722,20230525,277,8,22,5,2,8152.69,16305.38,0.0,16305.38,6305.04
108723,20241012,29,12,17,1,3,1192.37,3577.11,178.86,3398.25,1346.31
108724,20231104,83,8,9,5,10,8152.69,81526.9,12229.03,69297.87,27928.29
108725,20241217,146,5,16,6,6,12606.96,75641.76,3782.09,71859.67,38281.75
108726,20231224,149,5,15,10,15,12606.96,189104.4,28365.66,160738.74,58696.11
108727,20240930,13,7,13,2,18,11044.9,198808.2,0.0,198808.2,92185.42
108728,20240618,65,1,22,5,13,7004.72,91061.36,0.0,91061.36,40474.67
108729,20251225,85,4,15,4,13,4210.9,54741.7,0.0,54741.7,25299.42
108730,20241011,105,1,18,4,16,7004.72,112075.52,5603.78,106471.74,53692.36
108731,20230301,36,3,17,10,3,1648.77,4946.31,0.0,4946.31,1812.78
108732,20231127,208,4,11,4,18,4210.9,75796.2,0.0,75796.2,33112.74
108733,20230603,18,3,13,7,6,1648.77,9892.62,0.0,9892.62,4104.71
108734,20230729,103,4,11,10,14,4210.9,58952.6,0.0,58952.6,32042.15
108735,20251105,148,5,8,3,16,12606.96,201711.36,20171.14,181540.22,92496.36
108736,20240112,257,5,1,7,4,12606.96,50427.84,7564.18,42863.66,18044.19
108737,20230929,30,1,9,9,8,7004.72,56037.76,0.0,56037.76,25917.61
108738,20230523,277,3,17,5,4,1648.77,6595.08,0.0,6595.08,2943.35
108739,20250324,215,7,22,5,15,11044.9,165673.5,8283.68,157389.82,55905.03
108740,20230719,251,3,20,4,9,1648.77,14838.93,0.0,14838.93,7002.2
108741,20250831,180,2,7,7,16,576.14,9218.24,460.91,8757.33,4624.79
108742,20251231,133,9,4,7,10,2112.21,21122.1,2112.21,19009.89,7040.16
108743,20250218,254,10,20,7,4,4677.47,18709.88,935.49,17774.39,9111.69
108744,20230520,79,1,17,8,9,7004.72,63042.48,12608.5,50433.98,25210.05
108745,20241218,128,9,11,8,3,2112.21,6336.63,950.49,5386.14,2167.78
108746,20250203,207,9,10,7,12,2112.21,25346.52,1267.33,24079.19,12826.32
108747,20240314,130,1,4,10,2,7004.72,14009.44,1400.94,12608.5,5329.81
108748,20231224,281,8,23,7,20,8152.69,163053.8,8152.69,154901.11,59314.47
108749,20241126,242,12,22,8,11,1192.37,13116.07,0.0,13116.07,6975.74
108750,20241119,128,12,4,8,6,1192.37,7154.22,1073.13,6081.09,2352.96
108751,20250830,87,6,9,10,10,8457.66,84576.6,8457.66,76118.94,35320.71
108752,20250119,162,11,1,3,8,4866.69,38933.52,3893.35,35040.17,15438.23
108753,20241011,280,3,11,6,9,1648.77,14838.93,1483.89,13355.04,5928.07
108754,20250620,77,4,20,4,13,4210.9,54741.7,2737.09,52004.61,23245.49
108755,20240127,289,1,15,8,11,7004.72,77051.92,11557.79,65494.13,28255.64
108756,20230110,206,7,6,3,13,11044.9,143583.7,14358.37,129225.33,61292.1
108757,20240904,7,10,23,2,19,4677.47,88871.93,8887.19,79984.74,43341.34
108758,20250729,107,8,24,6,5,8152.69,40763.45,0.0,40763.45,22116.99
108759,20230817,256,7,9,2,18,11044.9,198808.2,0.0,198808.2,85486.11
108760,20240808,183,5,9,5,1,12606.96,12606.96,1260.7,11346.26,4384.89
108761,20230613,186,7,11,4,1,11044.9,11044.9,1104.49,9940.41,4125.07
108762,20251206,144,9,10,5,3,2112.21,6336.63,1267.33,5069.3,2049.3
108763,20240103,65,9,8,5,11,2112.21,23234.31,2323.43,20910.88,7460.77
108764,20231001,70,10,8,9,12,4677.47,56129.64,8419.45,47710.19,17481.09
108765,20250925,154,9,21,9,13,2112.21,27458.73,0.0,27458.73,13024.48
108766,20230405,180,9,9,7,13,2112.21,27458.73,5491.75,21966.98,9773.43
108767,20240622,118,6,22,2,4,8457.66,33830.64,1691.53,32139.11,15145.44
108768,20230614,225,3,14,9,3,1648.77,4946.31,741.95,4204.36,1499.58
108769,20240622,168,7,7,10,3,11044.9,33134.7,3313.47,29821.23,11934.15
108770,20250324,54,3,14,8,11,1648.77,18136.47,0.0,18136.47,8289.91
108771,20250923,185,6,17,5,11,8457.66,93034.26,0.0,93034.26,41358.28
108772,20250903,276,9,3,6,14,2112.21,29570.94,2957.09,26613.85,12055.9
108773,20230330,208,6,3,4,4,8457.66,33830.64,1691.53,32139.11,17404.25
108774,20251105,284,8,10,9,10,8152.69,81526.9,8152.69,73374.21,28529.96
108775,20240106,43,8,21,1,15,8152.69,122290.35,24458.07,97832.28,49203.98
108776,20240823,163,8,10,2,16,8152.69,130443.04,19566.46,110876.58,49055.08
108777,20250323,21,9,25,9,11,2112.21,23234.31,2323.43,20910.88,9627.85
108778,20251105,98,5,18,4,12,12606.96,151283.52,22692.53,128590.99,52299.94
108779,20240419,86,8,23,7,12,8152.69,97832.28,0.0,97832.28,53301.24
108780,20230526,165,7,12,10,5,11044.9,55224.5,2761.23,52463.27,18900.07
108781,20230622,177,7,6,2,13,11044.9,143583.7,7179.19,136404.51,68377.21
108782,20230616,277,1,12,5,5,7004.72,35023.6,1751.18,33272.42,17020.64
108783,20231103,14,1,18,4,11,7004.72,77051.92,0.0,77051.92,30638.32
108784,20230728,217,12,25,3,9,1192.37,10731.33,1609.7,9121.63,4882.3
108785,20230322,205,11,13,7,10,4866.69,48666.9,2433.35,46233.55,18040.06
108786,20231126,123,8,11,8,11,8152.69,89679.59,8967.96,80711.63,36945.38
108787,20251121,267,4,24,1,8,4210.9,33687.2,0.0,33687.2,12389.46
108788,20240524,80,6,10,8,17,8457.66,143780.22,0.0,143780.22,66943.02
108789,20231204,257,11,6,7,1,4866.69,4866.69,730.0,4136.69,2115.36
108790,20250529,223,6,7,10,9,8457.66,76118.94,3805.95,72312.99,31795.43
108791,20230629,18,10,1,7,1,4677.47,4677.47,0.0,4677.47,2139.41
108792,20230618,1,1,1,9,7,7004.72,49033.04,7354.96,41678.08,20818.25
108793,20250328,210,2,15,4,18,576.14,10370.52,0.0,10370.52,5117.91
108794,20250411,132,5,23,7,20,12606.96,252139.2,37820.88,214318.32,99887.26
108795,20230523,201,3,16,8,16,1648.77,26380.32,2638.03,23742.29,9951.28
108796,20231030,152,3,12,9,2,1648.77,3297.54,329.75,2967.79,1130.21
108797,20230827,186,4,12,4,7,4210.9,29476.3,1473.82,28002.48,15327.12
108798,20231117,247,2,19,10,15,576.14,8642.1,1296.32,7345.78,3666.0
108799,20230827,193,3,10,3,5,1648.77,8243.85,412.19,7831.66,3973.1
108800,20240311,272,1,4,6,2,7004.72,14009.44,1400.94,12608.5,5609.29
108801,20230402,60,8,15,2,10,8152.69,81526.9,0.0,81526.9,28856.1
108802,20240328,152,9,13,9,9,2112.21,19009.89,950.49,18059.4,8081.11
108803,20241024,5,8,18,10,7,8152.69,57068.83,0.0,57068.83,21481.03
108804,20240224,114,2,11,6,8,576.14,4609.12,0.0,4609.12,2072.87
108805,20231221,53,8,10,4,3,8152.69,24458.07,1222.9,23235.17,12034.44
108806,20240329,232,6,4,6,10,8457.66,84576.6,0.0,84576.6,34341.43
108807,20250416,197,9,22,2,19,2112.21,40131.99,2006.6,38125.39,20349.95
108808,20240124,233,11,7,7,5,4866.69,24333.45,1216.67,23116.78,9908.43
108809,20231123,270,5,23,10,20,12606.96,252139.2,37820.88,214318.32,108366.32
108810,20250426,111,6,12,7,12,8457.66,101491.92,10149.19,91342.73,49933.61
108811,20230520,73,2,22,2,20,576.14,11522.8,1152.28,10370.52,4805.14
108812,20230615,135,11,19,2,19,4866.69,92467.11,0.0,92467.11,38310.56
108813,20241120,296,6,8,8,1,8457.66,8457.66,0.0,8457.66,3928.35
108814,20250117,140,10,24,10,16,4677.47,74839.52,0.0,74839.52,38042.48
108815,20240816,132,6,22,7,19,8457.66,160695.54,8034.78,152660.76,61363.22
108816,20231030,37,1,5,3,2,7004.72,14009.44,700.47,13308.97,5203.36
108817,20250902,1,11,15,9,3,4866.69,14600.07,0.0,14600.07,7287.57
108818,20250529,12,5,5,6,3,12606.96,37820.88,0.0,37820.88,20179.36
108819,20230113,18,5,14,7,18,12606.96,226925.28,11346.26,215579.02,95782.95
108820,20231023,42,1,2,6,17,7004.72,119080.24,0.0,119080.24,51957.38
108821,20240905,90,6,22,8,11,8457.66,93034.26,9303.43,83730.83,45064.07
108822,20251125,197,3,6,2,6,1648.77,9892.62,494.63,9397.99,5080.05
108823,20241021,137,5,4,7,15,12606.96,189104.4,0.0,189104.4,79317.62
108824,20250222,255,4,20,3,5,4210.9,21054.5,1052.73,20001.77,9792.84
108825,20250422,294,1,15,2,1,7004.72,7004.72,700.47,6304.25,2523.19
108826,20251123,253,3,23,6,8,1648.77,13190.16,0.0,13190.16,6000.1
108827,20240120,288,11,19,8,11,4866.69,53533.59,0.0,53533.59,28121.34
108828,20231012,28,5,15,4,16,12606.96,201711.36,0.0,201711.36,82950.52
108829,20240205,4,11,15,3,13,4866.69,63266.97,0.0,63266.97,33218.89
108830,20231215,186,6,7,4,18,8457.66,152237.88,0.0,152237.88,78938.14
108831,20240920,111,9,8,7,5,2112.21,10561.05,1056.11,9504.94,4076.97
108832,20231127,66,6,2,3,14,8457.66,118407.24,17761.09,100646.15,39418.06
108833,20251220,108,8,8,8,5,8152.69,40763.45,6114.52,34648.93,13734.06
108834,20230106,37,5,14,3,9,12606.96,113462.64,5673.13,107789.51,45561.98
108835,20230303,128,9,2,8,20,2112.21,42244.2,8448.84,33795.36,16827.68
108836,20230624,278,6,23,2,6,8457.66,50745.96,0.0,50745.96,23696.55
108837,20230804,23,2,23,9,1,576.14,576.14,0.0,576.14,232.81
108838,20240322,19,6,25,1,2,8457.66,16915.32,845.77,16069.55,5795.98
108839,20240509,131,1,22,10,19,7004.72,133089.68,13308.97,119780.71,58617.7
108840,20230423,271,8,13,3,17,8152.69,138595.73,0.0,138595.73,63108.99
108841,20250204,168,9,22,10,10,2112.21,21122.1,0.0,21122.1,8877.8
108842,20250809,226,7,17,2,12,11044.9,132538.8,6626.94,125911.86,53291.26
108843,20250609,151,5,5,3,19,12606.96,239532.24,0.0,239532.24,107487.57
108844,20230217,45,10,7,3,5,4677.47,23387.35,2338.74,21048.61,7916.35
108845,20250415,226,5,20,2,9,12606.96,113462.64,0.0,113462.64,43956.03
108846,20231221,47,7,13,6,2,11044.9,22089.8,1104.49,20985.31,11085.68
108847,20231224,98,9,4,4,9,2112.21,19009.89,950.49,18059.4,7946.41
108848,20240812,93,12,1,10,8,1192.37,9538.96,953.9,8585.06,3788.66
108849,20251018,231,10,8,3,4,4677.47,18709.88,0.0,18709.88,6738.26
108850,20240517,265,7,23,8,7,11044.9,77314.3,0.0,77314.3,38725.28
108851,20230520,252,6,21,1,12,8457.66,101491.92,0.0,101491.92,50366.9
108852,20240214,153,8,15,2,14,8152.69,114137.66,0.0,114137.66,59882.97
108853,20250608,164,9,12,9,17,2112.21,35907.57,0.0,35907.57,18905.19
108854,20250601,183,5,21,5,13,12606.96,163890.48,24583.57,139306.91,74069.89
108855,20230519,177,11,21,2,18,4866.69,87600.42,4380.02,83220.4,32773.74
108856,20230228,126,12,16,1,17,1192.37,20270.29,3040.54,17229.75,9474.52
108857,20230730,138,11,25,4,10,4866.69,48666.9,2433.35,46233.55,17355.0
108858,20251209,103,7,18,10,15,11044.9,165673.5,8283.68,157389.82,74730.63
108859,20250731,161,1,11,7,13,7004.72,91061.36,0.0,91061.36,48803.41
108860,20241211,181,6,4,10,2,8457.66,16915.32,845.77,16069.55,6585.34
108861,20230909,288,9,13,8,20,2112.21,42244.2,6336.63,35907.57,18927.38
108862,20230626,191,9,17,10,20,2112.21,42244.2,0.0,42244.2,18908.49
108863,20251026,225,3,19,9,15,1648.77,24731.55,3709.73,21021.82,10820.57
108864,20240117,213,9,7,4,4,2112.21,8448.84,0.0,8448.84,3643.07
108865,20240618,96,1,13,5,2,7004.72,14009.44,0.0,14009.44,7358.79
108866,20230522,50,7,20,7,16,11044.9,176718.4,8835.92,167882.48,59111.55
108867,20240628,127,6,25,8,5,8457.66,42288.3,6343.24,35945.06,18880.64
108868,20230914,35,10,10,5,15,4677.47,70162.05,0.0,70162.05,34860.18
108869,20230926,127,3,16,8,4,1648.77,6595.08,0.0,6595.08,3384.26
108870,20250828,127,3,11,8,15,1648.77,24731.55,0.0,24731.55,12770.32
108871,20230904,93,4,2,10,7,4210.9,29476.3,4421.44,25054.86,11318.36
108872,20230506,167,7,23,7,9,11044.9,99404.1,19880.82,79523.28,31083.23
108873,20230617,227,3,25,7,3,1648.77,4946.31,494.63,4451.68,2133.27
108874,20240727,203,4,25,7,3,4210.9,12632.7,1263.27,11369.43,5173.13
108875,20250302,233,1,21,7,3,7004.72,21014.16,1050.71,19963.45,8963.33
108876,20240304,180,1,22,7,11,7004.72,77051.92,0.0,77051.92,31516.96
108877,20240124,56,9,4,2,8,2112.21,16897.68,3379.54,13518.14,5133.18
108878,20240821,227,1,19,7,19,7004.72,133089.68,6654.48,126435.2,50723.53
108879,20230731,121,6,21,4,1,8457.66,8457.66,1268.65,7189.01,2916.29
108880,20230113,231,7,9,3,16,11044.9,176718.4,0.0,176718.4,81522.38
108881,20250226,67,11,19,1,9,4866.69,43800.21,0.0,43800.21,20133.45
108882,20230815,98,2,10,4,11,576.14,6337.54,950.63,5386.91,2901.16
108883,20240730,284,11,1,9,15,4866.69,73000.35,7300.04,65700.31,33258.07
108884,20250621,273,5,24,4,12,12606.96,151283.52,15128.35,136155.17,61760.9
108885,20241105,275,5,2,6,6,12606.96,75641.76,0.0,75641.76,33183.79
108886,20250917,194,11,1,4,5,4866.69,24333.45,0.0,24333.45,13303.23
108887,20250517,223,8,5,10,11,8152.69,89679.59,0.0,89679.59,41981.31
108888,20240804,131,5,12,10,4,12606.96,50427.84,5042.78,45385.06,21228.86
108889,20250410,226,8,10,2,5,8152.69,40763.45,0.0,40763.45,21069.86
108890,20240129,8,7,7,10,9,11044.9,99404.1,0.0,99404.1,51378.42
108891,20250930,53,1,22,4,17,7004.72,119080.24,0.0,119080.24,49577.47
108892,20241209,139,3,8,2,15,1648.77,24731.55,4946.31,19785.24,8260.78
108893,20240612,290,8,5,8,10,8152.69,81526.9,16305.38,65221.52,28298.29
108894,20251109,100,3,6,8,11,1648.77,18136.47,1813.65,16322.82,8547.45
108895,20240328,173,1,6,2,6,7004.72,42028.32,2101.42,39926.9,17535.46
108896,20250321,297,1,7,9,8,7004.72,56037.76,2801.89,53235.87,23872.57
108897,20230815,113,8,1,8,11,8152.69,89679.59,4483.98,85195.61,38237.62
108898,20251002,172,3,6,1,6,1648.77,9892.62,989.26,8903.36,4628.47
108899,20231125,24,1,24,4,10,7004.72,70047.2,0.0,70047.2,26622.2
108900,20240729,69,1,7,4,8,7004.72,56037.76,5603.78,50433.98,23149.14
108901,20240307,284,5,12,9,7,12606.96,88248.72,0.0,88248.72,31467.39
108902,20230422,65,2,11,5,14,576.14,8065.96,0.0,8065.96,3142.93
108903,20250212,213,10,9,4,7,4677.47,32742.29,1637.11,31105.18,12994.68
108904,20250207,156,10,3,5,20,4677.47,93549.4,4677.47,88871.93,40739.01
108905,20241019,59,4,23,6,10,4210.9,42109.0,0.0,42109.0,17392.65
108906,20241018,127,12,6,8,20,1192.37,23847.4,0.0,23847.4,10718.57
108907,20251003,162,10,10,3,5,4677.47,23387.35,1169.37,22217.98,8170.62
108908,20251211,202,2,13,4,14,576.14,8065.96,403.3,7662.66,3055.65
108909,20240905,95,9,2,6,20,2112.21,42244.2,0.0,42244.2,17651.05
108910,20230819,195,9,6,9,10,2112.21,21122.1,1056.11,20065.99,8886.76
108911,20230112,183,11,9,5,19,4866.69,92467.11,0.0,92467.11,49457.44
108912,20240617,17,7,12,8,9,11044.9,99404.1,19880.82,79523.28,34143.18
108913,20230715,93,7,16,10,9,11044.9,99404.1,19880.82,79523.28,42008.2
108914,20250727,183,4,12,5,4,4210.9,16843.6,0.0,16843.6,6731.61
108915,20250118,212,3,19,10,7,1648.77,11541.39,0.0,11541.39,5578.44
108916,20241028,217,6,4,3,11,8457.66,93034.26,9303.43,83730.83,31876.78
108917,20240313,27,10,10,9,16,4677.47,74839.52,3741.98,71097.54,29749.24
108918,20250524,230,7,24,2,12,11044.9,132538.8,13253.88,119284.92,52073.72
108919,20231210,140,10,18,10,7,4677.47,32742.29,0.0,32742.29,17492.75
108920,20240612,50,5,13,7,16,12606.96,201711.36,20171.14,181540.22,94158.47
108921,20240224,261,10,5,5,12,4677.47,56129.64,5612.96,50516.68,26245.55
108922,20230726,147,11,20,10,8,4866.69,38933.52,5840.03,33093.49,17908.15
108923,20241124,82,10,2,8,17,4677.47,79516.99,11927.55,67589.44,24792.42
108924,20230614,201,12,22,8,17,1192.37,20270.29,1013.51,19256.78,9396.64
108925,20240623,230,9,14,2,17,2112.21,35907.57,5386.14,30521.43,11899.74
108926,20230107,235,2,18,8,3,576.14,1728.42,345.68,1382.74,595.66
108927,20240602,129,2,22,8,18,576.14,10370.52,2074.1,8296.42,3557.32
108928,20251017,43,9,23,1,15,2112.21,31683.15,3168.32,28514.83,14049.29
108929,20241203,117,12,19,4,18,1192.37,21462.66,2146.27,19316.39,7796.61
108930,20230212,180,5,3,7,19,12606.96,239532.24,0.0,239532.24,122449.87
108931,20240904,274,11,11,3,4,4866.69,19466.76,1946.68,17520.08,9338.69
108932,20240814,87,7,3,10,10,11044.9,110449.0,0.0,110449.0,58405.49
108933,20240927,15,5,12,6,3,12606.96,37820.88,7564.18,30256.7,15640.73
108934,20251208,169,9,19,8,7,2112.21,14785.47,739.27,14046.2,5000.32
108935,20230825,26,12,8,5,12,1192.37,14308.44,715.42,13593.02,5508.13
108936,20230628,285,10,4,3,2,4677.47,9354.94,0.0,9354.94,4482.86
108937,20240103,131,7,2,10,4,11044.9,44179.6,6626.94,37552.66,20378.7
108938,20250104,133,11,21,7,19,4866.69,92467.11,4623.36,87843.75,44745.83
108939,20250726,92,7,25,8,8,11044.9,88359.2,0.0,88359.2,36844.84
108940,20251114,37,1,18,3,14,7004.72,98066.08,4903.3,93162.78,48272.14
108941,20240703,67,12,19,1,12,1192.37,14308.44,1430.84,12877.6,5663.45
108942,20230207,110,6,9,5,2,8457.66,16915.32,1691.53,15223.79,6507.73
108943,20231103,271,3,8,3,12,1648.77,19785.24,989.26,18795.98,8461.39
108944,20251227,258,8,13,6,20,8152.69,163053.8,16305.38,146748.42,67143.92
108945,20250507,145,9,23,8,10,2112.21,21122.1,0.0,21122.1,8135.06
108946,20231101,122,5,19,9,13,12606.96,163890.48,0.0,163890.48,77102.48
108947,20240223,256,1,23,2,13,7004.72,91061.36,0.0,91061.36,34479.42
108948,20241115,72,7,9,1,7,11044.9,77314.3,0.0,77314.3,28774.61
108949,20251127,274,8,2,3,11,8152.69,89679.59,4483.98,85195.61,45074.68
108950,20250604,83,10,17,5,9,4677.47,42097.23,2104.86,39992.37,16986.6
108951,20240911,258,8,2,6,2,8152.69,16305.38,815.27,15490.11,6211.45
108952,20230830,137,7,19,7,20,11044.9,220898.0,0.0,220898.0,88129.99
108953,20251115,181,7,24,10,2,11044.9,22089.8,0.0,22089.8,11292.89
108954,20251027,174,9,25,7,14,2112.21,29570.94,1478.55,28092.39,14243.34
108955,20251214,171,4,24,6,5,4210.9,21054.5,0.0,21054.5,9266.16
108956,20241119,111,10,7,7,2,4677.47,9354.94,0.0,9354.94,4005.3
108957,20230605,293,10,7,2,5,4677.47,23387.35,0.0,23387.35,8286.57
108958,20250324,58,11,12,3,15,4866.69,73000.35,10950.05,62050.3,31568.91
108959,20240807,68,12,7,10,13,1192.37,15500.81,775.04,14725.77,6477.63
108960,20251210,5,11,7,10,15,4866.69,73000.35,0.0,73000.35,26612.69
108961,20250606,165,9,18,10,1,2112.21,2112.21,105.61,2006.6,1085.98
108962,20230827,76,1,9,3,14,7004.72,98066.08,0.0,98066.08,40728.33
108963,20241012,223,7,8,10,13,11044.9,143583.7,14358.37,129225.33,50650.17
108964,20240204,283,11,25,3,4,4866.69,19466.76,0.0,19466.76,9223.4
108965,20231015,91,4,2,6,10,4210.9,42109.0,8421.8,33687.2,13024.0
108966,20230427,119,8,20,10,19,8152.69,154901.11,7745.06,147156.05,56978.32
108967,20230304,155,11,18,10,15,4866.69,73000.35,3650.02,69350.33,34209.84
108968,20240316,256,12,2,2,3,1192.37,3577.11,0.0,3577.11,1395.71
108969,20250705,292,12,7,5,16,1192.37,19077.92,953.9,18124.02,8910.93
108970,20241211,4,2,6,3,20,576.14,11522.8,0.0,11522.8,5952.45
108971,20230923,80,1,3,8,8,7004.72,56037.76,0.0,56037.76,19775.58
108972,20240808,165,8,9,10,1,8152.69,8152.69,815.27,7337.42,3872.56
108973,20230412,242,12,10,8,20,1192.37,23847.4,1192.37,22655.03,12121.37
108974,20230615,116,10,5,4,18,4677.47,84194.46,0.0,84194.46,44169.5
108975,20250422,297,7,24,9,10,11044.9,110449.0,5522.45,104926.55,48182.97
108976,20231030,222,9,8,8,3,2112.21,6336.63,0.0,6336.63,2235.42
108977,20230209,112,4,18,4,7,4210.9,29476.3,2947.63,26528.67,14154.79
108978,20250722,102,12,13,2,3,1192.37,3577.11,0.0,3577.11,1926.0
108979,20240804,256,11,14,2,3,4866.69,14600.07,730.0,13870.07,7310.13
108980,20250511,45,11,24,3,11,4866.69,53533.59,2676.68,50856.91,22937.73
108981,20230603,6,7,23,9,20,11044.9,220898.0,11044.9,209853.1,101210.57
108982,20231106,297,3,6,9,8,1648.77,13190.16,0.0,13190.16,6253.26
108983,20251030,297,12,11,9,17,1192.37,20270.29,4054.06,16216.23,6357.89
108984,20231029,22,2,2,4,18,576.14,10370.52,518.53,9851.99,4468.61
108985,20230603,4,8,6,3,8,8152.69,65221.52,0.0,65221.52,33229.89
108986,20251016,154,12,15,9,17,1192.37,20270.29,0.0,20270.29,7234.94
108987,20240924,137,2,1,7,17,576.14,9794.38,1469.16,8325.22,3252.58
108988,20240705,129,3,11,8,8,1648.77,13190.16,659.51,12530.65,4733.23
108989,20240906,48,8,17,5,11,8152.69,89679.59,4483.98,85195.61,37921.37
108990,20251019,23,3,7,9,19,1648.77,31326.63,0.0,31326.63,15164.24
108991,20240124,42,1,20,6,3,7004.72,21014.16,0.0,21014.16,11191.18
108992,20230711,6,5,21,9,8,12606.96,100855.68,10085.57,90770.11,39841.46
108993,20231225,123,5,3,8,1,12606.96,12606.96,1260.7,11346.26,5934.27
108994,20240908,74,6,2,7,11,8457.66,93034.26,4651.71,88382.55,37828.5
108995,20230806,29,7,25,1,6,11044.9,66269.4,3313.47,62955.93,29090.07
108996,20240730,34,9,15,6,15,2112.21,31683.15,3168.32,28514.83,14736.04
108997,20250429,45,12,16,3,14,1192.37,16693.18,834.66,15858.52,6939.45
108998,20240118,289,7,5,8,1,11044.9,11044.9,0.0,11044.9,5563.08
108999,20251005,188,12,18,1,3,1192.37,3577.11,0.0,3577.11,1318.87
109000,20240924,33,1,24,10,1,7004.72,7004.72,350.24,6654.48,3590.62
109001,20241205,92,4,2,8,13,4210.9,54741.7,0.0,54741.7,20427.47
109002,20250426,286,3,11,10,4,1648.77,6595.08,0.0,6595.08,2508.75
109003,20251031,264,1,2,6,10,7004.72,70047.2,3502.36,66544.84,28834.54
109004,20230220,187,5,14,10,19,12606.96,239532.24,0.0,239532.24,124224.47
109005,20251102,154,11,21,9,19,4866.69,92467.11,9246.71,83220.4,40081.93
109006,20230628,244,12,1,10,9,1192.37,10731.33,0.0,10731.33,3862.63
109007,20240802,246,4,1,9,17,4210.9,71585.3,7158.53,64426.77,29751.06
109008,20250622,170,3,13,3,8,1648.77,13190.16,0.0,13190.16,6916.31
109009,20251205,131,5,4,10,8,12606.96,100855.68,0.0,100855.68,39172.69
109010,20230422,90,11,3,8,2,4866.69,9733.38,0.0,9733.38,4863.2
109011,20230131,15,3,8,6,7,1648.77,11541.39,0.0,11541.39,4361.25
109012,20241108,13,7,6,2,15,11044.9,165673.5,0.0,165673.5,60725.31
109013,20250127,243,1,17,10,17,7004.72,119080.24,0.0,119080.24,53764.99
109014,20250316,19,5,4,1,13,12606.96,163890.48,0.0,163890.48,64728.57
109015,20240726,113,12,10,8,19,1192.37,22655.03,3398.25,19256.78,9494.27
109016,20251027,294,3,10,2,12,1648.77,19785.24,1978.52,17806.72,7844.25
109017,20240809,216,11,10,3,8,4866.69,38933.52,0.0,38933.52,15422.16
109018,20240711,9,4,2,9,11,4210.9,46319.9,2316.0,44003.9,16117.14
109019,20230831,185,11,17,5,12,4866.69,58400.28,0.0,58400.28,20477.61
109020,20250530,65,10,5,5,12,4677.47,56129.64,11225.93,44903.71,20524.39
109021,20230310,142,10,3,1,19,4677.47,88871.93,8887.19,79984.74,40251.19
109022,20240506,227,4,8,7,7,4210.9,29476.3,0.0,29476.3,15117.42
109023,20240224,272,7,24,6,12,11044.9,132538.8,0.0,132538.8,66951.62
109024,20241129,31,3,5,2,1,1648.77,1648.77,82.44,1566.33,553.87
109025,20240125,279,12,10,7,16,1192.37,19077.92,3815.58,15262.34,7399.75
109026,20231110,231,10,12,3,3,4677.47,14032.41,0.0,14032.41,5428.2
109027,20240727,203,6,3,7,18,8457.66,152237.88,0.0,152237.88,64540.09
109028,20230723,131,7,4,10,6,11044.9,66269.4,0.0,66269.4,32871.85
109029,20230325,233,10,17,7,8,4677.47,37419.76,0.0,37419.76,13138.38
109030,20250629,39,11,21,9,14,4866.69,68133.66,3406.68,64726.98,23948.93
109031,20230305,288,12,24,8,8,1192.37,9538.96,953.9,8585.06,4471.87
109032,20250622,124,5,20,10,19,12606.96,239532.24,11976.61,227555.63,87613.56
109033,20250123,185,4,21,5,8,4210.9,33687.2,3368.72,30318.48,15378.46
109034,20241018,104,2,16,7,11,576.14,6337.54,0.0,6337.54,3465.79
109035,20250208,52,3,22,3,6,1648.77,9892.62,0.0,9892.62,3507.97
109036,20230407,17,3,11,8,19,1648.77,31326.63,0.0,31326.63,16221.92
109037,20241115,277,2,18,5,8,576.14,4609.12,0.0,4609.12,2202.28
109038,20240114,75,9,16,1,9,2112.21,19009.89,0.0,19009.89,9204.49
109039,20251002,191,11,16,10,17,4866.69,82733.73,8273.37,74460.36,39013.68
109040,20240413,178,2,21,5,18,576.14,10370.52,1555.58,8814.94,3152.29
109041,20231124,223,5,6,10,4,12606.96,50427.84,2521.39,47906.45,22376.26
109042,20251226,262,5,3,2,13,12606.96,163890.48,16389.05,147501.43,79356.67
109043,20240724,147,8,15,10,19,8152.69,154901.11,23235.17,131665.94,58852.54
109044,20250502,102,10,22,2,5,4677.47,23387.35,0.0,23387.35,9910.15
109045,20230614,188,12,21,1,15,1192.37,17885.55,0.0,17885.55,7157.83
109046,20241228,97,12,24,8,8,1192.37,9538.96,0.0,9538.96,3756.67
109047,20240711,285,2,12,3,19,576.14,10946.66,547.33,10399.33,4703.65
109048,20231020,200,9,16,5,10,2112.21,21122.1,0.0,21122.1,8402.56
109049,20251005,106,2,9,2,1,576.14,576.14,0.0,576.14,204.08
109050,20230211,26,9,4,5,1,2112.21,2112.21,0.0,2112.21,777.63
109051,20230826,154,1,16,9,12,7004.72,84056.64,0.0,84056.64,39020.07
109052,20250613,87,2,14,10,7,576.14,4032.98,0.0,4032.98,1658.08
109053,20240812,120,1,11,9,7,7004.72,49033.04,0.0,49033.04,19718.77
109054,20250907,173,6,1,2,17,8457.66,143780.22,0.0,143780.22,56913.88
109055,20231025,271,11,18,3,18,4866.69,87600.42,0.0,87600.42,37565.64
109056,20240422,235,11,3,8,19,4866.69,92467.11,13870.07,78597.04,38263.1
109057,20230301,252,4,5,1,16,4210.9,67374.4,0.0,67374.4,28712.87
109058,20241215,176,5,5,10,18,12606.96,226925.28,0.0,226925.28,116401.11
109059,20250428,110,11,23,5,18,4866.69,87600.42,4380.02,83220.4,30002.17
109060,20231208,103,9,8,10,5,2112.21,10561.05,1056.11,9504.94,4241.97
109061,20241001,134,4,5,5,16,4210.9,67374.4,13474.88,53899.52,22017.98
109062,20231124,195,6,11,9,18,8457.66,152237.88,0.0,152237.88,58780.77
109063,20250121,287,1,6,4,8,7004.72,56037.76,5603.78,50433.98,20151.94
109064,20230301,260,2,17,6,12,576.14,6913.68,345.68,6568.0,3245.61
109065,20230218,167,12,22,7,3,1192.37,3577.11,0.0,3577.11,1723.73
109066,20251204,91,8,8,6,16,8152.69,130443.04,6522.15,123920.89,64106.52
109067,20230405,294,5,22,2,9,12606.96,113462.64,5673.13,107789.51,39690.94
109068,20230516,104,3,10,7,2,1648.77,3297.54,164.88,3132.66,1650.01
109069,20240806,210,2,8,4,7,576.14,4032.98,0.0,4032.98,1764.7
109070,20240521,242,1,6,8,11,7004.72,77051.92,0.0,77051.92,38601.92
109071,20250311,98,5,21,4,18,12606.96,226925.28,0.0,226925.28,91457.38
109072,20241224,238,8,22,9,4,8152.69,32610.76,6522.15,26088.61,9425.91
109073,20250710,129,10,5,8,5,4677.47,23387.35,2338.74,21048.61,10084.6
109074,20240122,220,7,12,1,5,11044.9,55224.5,2761.23,52463.27,22199.0
109075,20230804,133,2,19,7,1,576.14,576.14,28.81,547.33,283.92
109076,20240105,230,5,11,2,15,12606.96,189104.4,0.0,189104.4,81749.42
109077,20231104,191,1,16,10,14,7004.72,98066.08,14709.91,83356.17,45564.54
109078,20250830,119,7,10,10,7,11044.9,77314.3,0.0,77314.3,41717.47
109079,20251011,58,3,4,3,10,1648.77,16487.7,0.0,16487.7,5945.59
109080,20230503,30,10,11,9,17,4677.47,79516.99,0.0,79516.99,28160.69
109081,20231218,277,7,7,5,5,11044.9,55224.5,0.0,55224.5,19877.47
109082,20250406,184,12,11,9,16,1192.37,19077.92,0.0,19077.92,7685.35
109083,20240819,103,7,13,10,16,11044.9,176718.4,0.0,176718.4,95273.5
109084,20230723,205,1,17,7,8,7004.72,56037.76,0.0,56037.76,21484.73
109085,20251105,234,5,25,5,1,12606.96,12606.96,630.35,11976.61,6023.57
109086,20240221,137,10,23,7,13,4677.47,60807.11,0.0,60807.11,31074.0
109087,20240207,187,4,20,10,11,4210.9,46319.9,6947.98,39371.92,15070.21
109088,20230804,167,5,5,7,14,12606.96,176497.44,0.0,176497.44,76376.63
109089,20230616,270,9,20,10,6,2112.21,12673.26,1900.99,10772.27,5352.99
109090,20230506,46,4,14,1,3,4210.9,12632.7,631.64,12001.06,5190.18
109091,20250618,113,3,5,8,4,1648.77,6595.08,659.51,5935.57,2840.63
109092,20250706,179,10,9,5,3,4677.47,14032.41,0.0,14032.41,6276.81
109093,20240101,13,5,11,2,8,12606.96,100855.68,15128.35,85727.33,46708.88
109094,20250625,199,10,15,7,20,4677.47,93549.4,0.0,93549.4,40884.73
109095,20250731,205,3,9,7,8,1648.77,13190.16,659.51,12530.65,6036.05
109096,20230413,206,4,2,3,2,4210.9,8421.8,1684.36,6737.44,3152.46
109097,20231221,107,12,7,6,18,1192.37,21462.66,1073.13,20389.53,7447.19
109098,20251021,252,4,22,1,12,4210.9,50530.8,7579.62,42951.18,16931.37
109099,20240115,39,2,17,9,15,576.14,8642.1,432.11,8209.99,4111.3
109100,20250225,73,7,21,2,19,11044.9,209853.1,10492.66,199360.44,87231.56
109101,20241103,60,1,12,2,20,7004.72,140094.4,7004.72,133089.68,54537.08
109102,20250423,268,6,1,2,2,8457.66,16915.32,845.77,16069.55,7065.3
109103,20240618,234,11,25,5,19,4866.69,92467.11,0.0,92467.11,36692.6
109104,20250327,51,7,14,3,5,11044.9,55224.5,8283.67,46940.83,23022.53
109105,20230325,279,8,19,7,5,8152.69,40763.45,2038.17,38725.28,17733.72
109106,20250223,119,11,14,10,16,4866.69,77867.04,3893.35,73973.69,32218.14
109107,20250207,198,4,12,7,5,4210.9,21054.5,1052.73,20001.77,8612.87
109108,20230207,232,6,12,6,1,8457.66,8457.66,0.0,8457.66,4061.59
109109,20240718,59,12,7,6,17,1192.37,20270.29,0.0,20270.29,9123.69
109110,20230415,51,2,15,3,11,576.14,6337.54,950.63,5386.91,2740.68
109111,20230926,3,11,16,3,20,4866.69,97333.8,0.0,97333.8,43747.26
109112,20251026,275,11,13,6,4,4866.69,19466.76,2920.01,16546.75,6367.77
109113,20250428,36,7,14,10,9,11044.9,99404.1,0.0,99404.1,38192.96
109114,20230108,68,9,1,10,5,2112.21,10561.05,0.0,10561.05,5732.59
109115,20240908,151,7,14,3,3,11044.9,33134.7,6626.94,26507.76,11468.48
109116,20230709,243,12,12,10,18,1192.37,21462.66,1073.13,20389.53,8805.16
109117,20240111,207,6,16,7,2,8457.66,16915.32,0.0,16915.32,6659.2
109118,20251221,103,4,25,10,19,4210.9,80007.1,0.0,80007.1,43773.56
109119,20251205,136,1,20,3,19,7004.72,133089.68,13308.97,119780.71,46408.86
109120,20250320,40,8,13,2,9,8152.69,73374.21,3668.71,69705.5,29490.27
109121,20250629,152,3,15,9,7,1648.77,11541.39,1154.14,10387.25,4815.27
109122,20240620,29,11,22,1,15,4866.69,73000.35,0.0,73000.35,37412.76
109123,20241021,154,8,5,9,2,8152.69,16305.38,1630.54,14674.84,5527.75
109124,20240702,199,12,11,7,5,1192.37,5961.85,298.09,5663.76,2449.97
109125,20240529,242,2,17,8,20,576.14,11522.8,1152.28,10370.52,3790.96
109126,20250529,210,9,2,4,16,2112.21,33795.36,0.0,33795.36,16660.02
109127,20230405,15,2,15,6,19,576.14,10946.66,547.33,10399.33,4475.3
109128,20230406,27,3,6,9,1,1648.77,1648.77,0.0,1648.77,880.29
109129,20250530,158,3,7,3,17,1648.77,28029.09,0.0,28029.09,11201.75
109130,20241016,93,3,1,10,20,1648.77,32975.4,0.0,32975.4,12630.86
109131,20240616,173,11,23,2,13,4866.69,63266.97,0.0,63266.97,30060.78
109132,20231030,12,3,12,6,9,1648.77,14838.93,2967.79,11871.14,5690.33
109133,20230223,296,5,4,8,3,12606.96,37820.88,5673.13,32147.75,14911.34
109134,20250404,171,5,12,6,6,12606.96,75641.76,0.0,75641.76,31212.0
109135,20250629,200,6,14,5,20,8457.66,169153.2,8457.66,160695.54,69800.19
109136,20241024,14,10,21,4,6,4677.47,28064.82,1403.24,26661.58,12057.62
109137,20250914,190,11,16,4,5,4866.69,24333.45,0.0,24333.45,12066.07
109138,20240128,51,5,23,3,7,12606.96,88248.72,13237.31,75011.41,32334.99
109139,20240905,122,3,17,9,17,1648.77,28029.09,4204.36,23824.73,12823.21
109140,20240816,232,1,20,6,19,7004.72,133089.68,13308.97,119780.71,42434.41
109141,20230821,283,10,5,3,8,4677.47,37419.76,3741.98,33677.78,14969.17
109142,20230503,133,5,19,7,2,12606.96,25213.92,1260.7,23953.22,11530.43
109143,20240402,217,5,14,3,18,12606.96,226925.28,45385.06,181540.22,65498.43
109144,20250227,273,9,15,4,17,2112.21,35907.57,0.0,35907.57,19232.1
109145,20240123,52,3,21,3,15,1648.77,24731.55,2473.16,22258.39,9944.81
109146,20230318,173,4,22,2,18,4210.9,75796.2,7579.62,68216.58,28417.4
109147,20251104,175,4,24,9,9,4210.9,37898.1,7579.62,30318.48,16613.78
109148,20250713,28,4,19,4,15,4210.9,63163.5,6316.35,56847.15,28824.62
109149,20240220,119,9,1,10,1,2112.21,2112.21,0.0,2112.21,777.46
109150,20240201,85,11,25,4,14,4866.69,68133.66,6813.37,61320.29,29372.78
109151,20241001,155,2,1,10,9,576.14,5185.26,518.53,4666.73,2513.6
109152,20231016,8,1,23,10,18,7004.72,126084.96,25216.99,100867.97,42652.44
109153,20250207,90,12,23,8,7,1192.37,8346.59,1251.99,7094.6,2851.37
109154,20250922,269,2,20,9,8,576.14,4609.12,0.0,4609.12,1767.34
109155,20230710,33,5,15,10,10,12606.96,126069.6,0.0,126069.6,52062.84
109156,20250923,113,3,23,8,11,1648.77,18136.47,0.0,18136.47,8625.96
109157,20230812,171,7,3,6,15,11044.9,165673.5,24851.02,140822.48,73637.23
109158,20231230,144,4,5,5,4,4210.9,16843.6,1684.36,15159.24,6694.88
109159,20231112,130,8,23,10,13,8152.69,105984.97,21196.99,84787.98,37517.86
109160,20230410,117,6,21,4,7,8457.66,59203.62,5920.36,53283.26,19065.69
109161,20241111,197,9,9,2,4,2112.21,8448.84,1267.33,7181.51,2737.66
109162,20240306,139,1,13,2,19,7004.72,133089.68,13308.97,119780.71,53671.15
109163,20241106,135,2,8,2,6,576.14,3456.84,0.0,3456.84,1706.58
109164,20230112,53,6,2,4,18,8457.66,152237.88,22835.68,129402.2,64796.25
109165,20230927,68,10,17,10,7,4677.47,32742.29,0.0,32742.29,12452.93
109166,20230604,115,4,15,6,1,4210.9,4210.9,0.0,4210.9,1744.91
109167,20230327,111,11,17,7,14,4866.69,68133.66,13626.73,54506.93,24487.06
109168,20240903,100,1,14,8,5,7004.72,35023.6,1751.18,33272.42,12894.6
109169,20240715,172,2,5,1,19,576.14,10946.66,0.0,10946.66,4087.12
109170,20250623,75,9,24,1,11,2112.21,23234.31,0.0,23234.31,9914.73
109171,20240510,62,7,2,4,5,11044.9,55224.5,2761.23,52463.27,22823.03
109172,20240829,274,8,14,3,12,8152.69,97832.28,9783.23,88049.05,48018.09
109173,20230715,69,9,2,4,14,2112.21,29570.94,1478.55,28092.39,14852.86
109174,20241013,81,2,4,4,2,576.14,1152.28,115.23,1037.05,486.73
109175,20241109,109,2,13,8,4,576.14,2304.56,0.0,2304.56,1179.62
109176,20250824,284,11,11,9,20,4866.69,97333.8,4866.69,92467.11,34297.05
109177,20240703,38,2,5,5,20,576.14,11522.8,0.0,11522.8,5269.14
109178,20251130,35,1,9,5,6,7004.72,42028.32,6304.25,35724.07,16439.91
109179,20241026,93,5,15,10,20,12606.96,252139.2,12606.96,239532.24,116839.13
109180,20250102,149,6,2,10,17,8457.66,143780.22,0.0,143780.22,57834.81
109181,20251126,172,10,17,1,2,4677.47,9354.94,0.0,9354.94,3368.34
109182,20240507,297,9,16,9,17,2112.21,35907.57,1795.38,34112.19,18489.49
109183,20240814,279,5,25,7,9,12606.96,113462.64,11346.26,102116.38,43820.32
109184,20231027,199,10,25,7,2,4677.47,9354.94,467.75,8887.19,3760.68
109185,20240921,25,6,22,7,5,8457.66,42288.3,0.0,42288.3,19585.23
109186,20230207,96,1,25,5,16,7004.72,112075.52,5603.78,106471.74,41396.1
109187,20251227,258,2,11,6,8,576.14,4609.12,0.0,4609.12,2507.11
109188,20240327,106,4,13,2,15,4210.9,63163.5,3158.18,60005.32,25150.18
109189,20251007,297,3,12,9,8,1648.77,13190.16,659.51,12530.65,4639.16
109190,20231023,230,10,21,2,4,4677.47,18709.88,1870.99,16838.89,6376.7
109191,20240327,128,3,23,8,12,1648.77,19785.24,989.26,18795.98,8686.01
109192,20240616,9,5,25,9,3,12606.96,37820.88,1891.04,35929.84,16069.42
109193,20231230,71,2,5,4,4,576.14,2304.56,0.0,2304.56,1193.83
109194,20241029,155,11,9,10,10,4866.69,48666.9,2433.35,46233.55,20937.07
109195,20241218,8,3,22,10,10,1648.77,16487.7,1648.77,14838.93,7265.55
109196,20230207,37,7,18,3,3,11044.9,33134.7,4970.2,28164.5,12644.49
109197,20240520,247,8,22,10,19,8152.69,154901.11,15490.11,139411.0,62448.46
109198,20230131,172,2,23,1,10,576.14,5761.4,288.07,5473.33,2778.95
109199,20230122,229,4,16,5,6,4210.9,25265.4,0.0,25265.4,9043.62
109200,20231231,153,1,10,2,10,7004.72,70047.2,10507.08,59540.12,22060.72
109201,20230604,228,9,11,7,14,2112.21,29570.94,5914.19,23656.75,12978.25
109202,20240225,159,4,13,4,3,4210.9,12632.7,0.0,12632.7,5342.75
109203,20230308,44,3,20,1,1,1648.77,1648.77,0.0,1648.77,604.41
109204,20231123,271,7,18,3,14,11044.9,154628.6,7731.43,146897.17,64300.73
109205,20250224,151,7,20,3,17,11044.9,187763.3,18776.33,168986.97,65946.99
109206,20240510,106,3,2,2,19,1648.77,31326.63,0.0,31326.63,15626.1
109207,20250412,260,6,7,6,3,8457.66,25372.98,3805.95,21567.03,11424.56
109208,20230104,269,8,2,9,3,8152.69,24458.07,2445.81,22012.26,9379.01
109209,20251121,241,1,21,1,6,7004.72,42028.32,2101.42,39926.9,20536.16
109210,20230923,137,7,15,7,18,11044.9,198808.2,19880.82,178927.38,65814.97
109211,20250305,144,3,11,5,1,1648.77,1648.77,82.44,1566.33,710.25
109212,20231226,122,3,25,9,9,1648.77,14838.93,741.95,14096.98,6693.9
109213,20250603,157,12,22,8,15,1192.37,17885.55,1788.56,16096.99,7213.47
109214,20231101,128,8,6,8,9,8152.69,73374.21,11006.13,62368.08,29205.49
109215,20231204,85,11,3,4,8,4866.69,38933.52,0.0,38933.52,16007.71
109216,20230111,202,2,17,4,13,576.14,7489.82,748.98,6740.84,3229.78
109217,20250407,11,6,13,9,19,8457.66,160695.54,16069.55,144625.99,54944.14
109218,20250706,130,6,1,10,12,8457.66,101491.92,10149.19,91342.73,39399.15
109219,20250104,269,3,13,9,3,1648.77,4946.31,741.95,4204.36,2215.68
109220,20230714,103,5,8,10,17,12606.96,214318.32,21431.83,192886.49,70234.35
109221,20241125,287,1,6,4,11,7004.72,77051.92,11557.79,65494.13,25139.61
109222,20250625,139,8,14,2,2,8152.69,16305.38,0.0,16305.38,6675.62
109223,20240831,76,5,4,3,10,12606.96,126069.6,0.0,126069.6,61201.71
109224,20241007,193,3,14,3,3,1648.77,4946.31,741.95,4204.36,1517.61
109225,20250407,153,4,1,2,1,4210.9,4210.9,210.54,4000.36,1644.61
109226,20250316,199,12,1,7,12,1192.37,14308.44,1430.84,12877.6,5068.37
109227,20240322,247,9,7,10,15,2112.21,31683.15,0.0,31683.15,13473.24
109228,20240404,253,8,24,6,16,8152.69,130443.04,19566.46,110876.58,42918.91
109229,20231227,132,3,16,7,17,1648.77,28029.09,0.0,28029.09,13688.34
109230,20231227,276,11,16,6,14,4866.69,68133.66,6813.37,61320.29,33334.52
109231,20230806,69,12,17,4,5,1192.37,5961.85,298.09,5663.76,2101.95
109232,20240726,299,10,18,6,15,4677.47,70162.05,3508.1,66653.95,30890.65
109233,20240809,259,2,19,2,10,576.14,5761.4,576.14,5185.26,1853.4
109234,20230907,91,8,12,6,13,8152.69,105984.97,21196.99,84787.98,41942.18
109235,20240825,19,9,14,1,16,2112.21,33795.36,3379.54,30415.82,11786.91
109236,20241024,267,7,17,1,9,11044.9,99404.1,4970.21,94433.89,33622.24
109237,20231124,142,8,3,1,13,8152.69,105984.97,0.0,105984.97,45396.24
109238,20240202,275,12,14,6,11,1192.37,13116.07,0.0,13116.07,5068.99
109239,20241119,135,2,12,2,5,576.14,2880.7,144.03,2736.67,1356.98
109240,20251023,216,5,15,3,16,12606.96,201711.36,0.0,201711.36,87556.03
109241,20250207,71,1,24,4,5,7004.72,35023.6,3502.36,31521.24,12249.81
109242,20230915,252,1,13,1,12,7004.72,84056.64,8405.66,75650.98,36669.66
109243,20230528,107,8,18,6,19,8152.69,154901.11,0.0,154901.11,66208.44
109244,20231009,104,6,10,7,8,8457.66,67661.28,0.0,67661.28,36281.63
109245,20231130,10,5,12,3,18,12606.96,226925.28,22692.53,204232.75,104662.79
109246,20240324,283,6,20,3,12,8457.66,101491.92,0.0,101491.92,52105.74
109247,20230409,174,1,2,7,9,7004.72,63042.48,6304.25,56738.23,28810.88
109248,20230214,205,11,13,7,14,4866.69,68133.66,0.0,68133.66,31425.35
109249,20230401,297,6,19,9,6,8457.66,50745.96,2537.3,48208.66,18908.81
109250,20251028,44,6,17,1,17,8457.66,143780.22,0.0,143780.22,54787.99
109251,20250206,251,1,6,4,4,7004.72,28018.88,0.0,28018.88,12848.88
109252,20250310,207,11,2,7,6,4866.69,29200.14,2920.01,26280.13,12400.33
109253,20240108,269,2,9,9,20,576.14,11522.8,576.14,10946.66,4693.61
109254,20241217,223,11,19,10,4,4866.69,19466.76,1946.68,17520.08,7821.76
109255,20230815,188,5,22,1,18,12606.96,226925.28,22692.53,204232.75,110948.57
109256,20230627,36,6,8,10,18,8457.66,152237.88,0.0,152237.88,82163.85
109257,20250306,157,5,19,8,7,12606.96,88248.72,0.0,88248.72,43258.23
109258,20240413,27,4,10,9,5,4210.9,21054.5,1052.73,20001.77,10772.34
109259,20240703,175,7,14,9,3,11044.9,33134.7,0.0,33134.7,13778.0
109260,20241218,205,9,21,7,3,2112.21,6336.63,950.49,5386.14,2876.22
109261,20250223,158,11,2,3,12,4866.69,58400.28,2920.01,55480.27,24892.78
109262,20250526,214,1,25,1,3,7004.72,21014.16,1050.71,19963.45,9162.76
109263,20250219,50,5,24,7,16,12606.96,201711.36,0.0,201711.36,88852.81
109264,20230228,77,8,20,4,16,8152.69,130443.04,13044.3,117398.74,57522.25
109265,20251013,104,1,4,7,19,7004.72,133089.68,19963.45,113126.23,49262.95
109266,20240916,203,6,5,7,4,8457.66,33830.64,1691.53,32139.11,16871.44
109267,20250312,161,9,19,7,18,2112.21,38019.78,1900.99,36118.79,14052.59
109268,20250517,288,5,10,8,8,12606.96,100855.68,10085.57,90770.11,32178.93
109269,20250313,268,5,4,2,10,12606.96,126069.6,0.0,126069.6,66585.77
109270,20241225,178,12,24,5,15,1192.37,17885.55,0.0,17885.55,9353.02
109271,20241202,218,12,15,2,19,1192.37,22655.03,3398.25,19256.78,10552.39
109272,20230926,272,2,12,6,14,576.14,8065.96,0.0,8065.96,3869.91
109273,20230914,117,3,16,4,13,1648.77,21434.01,0.0,21434.01,11338.93
109274,20250318,146,10,16,6,7,4677.47,32742.29,6548.46,26193.83,13475.03
109275,20250712,202,9,15,4,13,2112.21,27458.73,0.0,27458.73,14594.1
109276,20240828,256,2,18,2,3,576.14,1728.42,172.84,1555.58,694.52
109277,20240409,137,1,19,7,14,7004.72,98066.08,0.0,98066.08,46750.16
109278,20250622,177,2,3,2,16,576.14,9218.24,0.0,9218.24,4978.99
109279,20240802,144,1,14,5,2,7004.72,14009.44,0.0,14009.44,5000.92
109280,20230727,197,3,14,2,20,1648.77,32975.4,1648.77,31326.63,16987.8
109281,20250910,84,8,17,2,8,8152.69,65221.52,0.0,65221.52,33388.7
109282,20231231,195,4,16,9,7,4210.9,29476.3,0.0,29476.3,12751.73
109283,20251124,90,5,7,8,14,12606.96,176497.44,8824.87,167672.57,90399.47
109284,20230916,24,1,14,4,16,7004.72,112075.52,5603.78,106471.74,50364.44
109285,20231120,217,8,4,3,12,8152.69,97832.28,19566.46,78265.82,36548.18
109286,20240909,240,1,3,3,6,7004.72,42028.32,2101.42,39926.9,21536.06
109287,20240308,131,11,12,10,10,4866.69,48666.9,0.0,48666.9,24652.31
109288,20240718,198,1,16,7,4,7004.72,28018.88,0.0,28018.88,9813.09
109289,20250316,178,3,18,5,11,1648.77,18136.47,2720.47,15416.0,5550.0
109290,20240617,168,6,16,10,17,8457.66,143780.22,21567.03,122213.19,55826.18
109291,20241118,94,3,5,3,5,1648.77,8243.85,1236.58,7007.27,3820.94
109292,20230207,198,6,24,7,20,8457.66,169153.2,25372.98,143780.22,68919.87
109293,20240918,60,5,9,2,5,12606.96,63034.8,3151.74,59883.06,21952.81
109294,20230106,108,5,5,8,1,12606.96,12606.96,1260.7,11346.26,6239.47
109295,20250814,89,2,16,7,1,576.14,576.14,0.0,576.14,285.12
109296,20250505,269,8,21,9,1,8152.69,8152.69,1630.54,6522.15,3331.02
109297,20230905,251,10,13,4,5,4677.47,23387.35,0.0,23387.35,12655.54
109298,20250917,56,3,8,2,2,1648.77,3297.54,0.0,3297.54,1613.47
109299,20251105,116,7,12,4,20,11044.9,220898.0,11044.9,209853.1,73543.41
109300,20230716,209,11,14,9,12,4866.69,58400.28,2920.01,55480.27,27005.83
109301,20240405,217,7,23,3,6,11044.9,66269.4,0.0,66269.4,35915.59
109302,20230320,279,7,3,7,1,11044.9,11044.9,0.0,11044.9,4390.59
109303,20230212,187,1,19,10,13,7004.72,91061.36,9106.14,81955.22,38556.35
109304,20240616,249,9,7,3,10,2112.21,21122.1,1056.11,20065.99,7311.33
109305,20240628,204,1,25,8,18,7004.72,126084.96,0.0,126084.96,61687.1
109306,20240910,8,12,15,10,19,1192.37,22655.03,2265.5,20389.53,8369.89
109307,20240301,160,5,10,3,4,12606.96,50427.84,5042.78,45385.06,20124.61
109308,20250125,193,7,13,3,3,11044.9,33134.7,3313.47,29821.23,14018.39
109309,20240116,45,4,6,3,8,4210.9,33687.2,1684.36,32002.84,12356.78
109310,20250203,6,2,22,9,19,576.14,10946.66,547.33,10399.33,4439.63
109311,20230323,100,3,4,8,13,1648.77,21434.01,0.0,21434.01,10952.99
109312,20230110,285,8,5,3,13,8152.69,105984.97,10598.5,95386.47,46332.35
109313,20241110,39,12,4,9,20,1192.37,23847.4,0.0,23847.4,10846.58
109314,20240314,32,10,1,4,9,4677.47,42097.23,0.0,42097.23,19032.87
109315,20250319,241,3,20,1,3,1648.77,4946.31,247.32,4698.99,1873.09
109316,20240709,67,1,3,1,18,7004.72,126084.96,0.0,126084.96,45678.48
109317,20241217,82,8,8,8,4,8152.69,32610.76,0.0,32610.76,15000.04
109318,20250317,180,7,16,7,6,11044.9,66269.4,0.0,66269.4,24618.71
109319,20251111,200,6,24,5,1,8457.66,8457.66,845.77,7611.89,4126.7
109320,20251123,160,2,2,3,4,576.14,2304.56,345.68,1958.88,907.73
109321,20240118,82,3,9,8,19,1648.77,31326.63,0.0,31326.63,16449.08
109322,20240605,135,1,23,2,13,7004.72,91061.36,4553.07,86508.29,45925.62
109323,20230625,177,10,21,2,6,4677.47,28064.82,2806.48,25258.34,9518.74
109324,20251001,198,12,22,7,9,1192.37,10731.33,1073.13,9658.2,4127.25
109325,20240121,288,3,12,8,11,1648.77,18136.47,1813.65,16322.82,6100.89
109326,20240325,91,2,4,6,16,576.14,9218.24,0.0,9218.24,3871.75
109327,20230505,177,2,17,2,6,576.14,3456.84,0.0,3456.84,1651.31
109328,20250427,59,8,17,6,1,8152.69,8152.69,407.63,7745.06,4133.49
109329,20240214,175,4,17,9,10,4210.9,42109.0,2105.45,40003.55,15571.38
109330,20240627,80,1,23,8,12,7004.72,84056.64,4202.83,79853.81,39875.8
109331,20250601,187,10,25,10,12,4677.47,56129.64,2806.48,53323.16,22032.38
109332,20230222,253,12,6,6,16,1192.37,19077.92,1907.79,17170.13,8559.79
109333,20231118,1,12,9,9,14,1192.37,16693.18,1669.32,15023.86,8122.27
109334,20230528,36,12,15,10,5,1192.37,5961.85,894.28,5067.57,2431.85
109335,20240411,246,1,6,9,14,7004.72,98066.08,9806.61,88259.47,37649.97
109336,20230709,198,12,16,7,6,1192.37,7154.22,715.42,6438.8,2322.45
109337,20231024,150,2,2,6,6,576.14,3456.84,172.84,3284.0,1213.46
109338,20251230,106,1,18,2,7,7004.72,49033.04,4903.3,44129.74,15610.39
109339,20230627,156,12,8,5,4,1192.37,4769.48,476.95,4292.53,1706.52
109340,20240606,35,6,8,5,3,8457.66,25372.98,2537.3,22835.68,11220.55
109341,20251123,86,4,2,7,16,4210.9,67374.4,6737.44,60636.96,22189.17
109342,20250805,74,10,18,7,17,4677.47,79516.99,3975.85,75541.14,29152.59
109343,20250711,237,2,7,7,2,576.14,1152.28,0.0,1152.28,599.97
109344,20251105,241,11,13,1,17,4866.69,82733.73,12410.06,70323.67,35043.46
109345,20230115,8,12,16,10,15,1192.37,17885.55,894.28,16991.27,6904.3
109346,20250801,234,12,2,5,20,1192.37,23847.4,3577.11,20270.29,9242.74
109347,20250124,77,6,8,4,19,8457.66,160695.54,8034.78,152660.76,55435.37
109348,20251208,166,5,3,9,8,12606.96,100855.68,0.0,100855.68,49722.68
109349,20240618,129,9,22,8,11,2112.21,23234.31,2323.43,20910.88,7826.72
109350,20250104,130,5,6,10,8,12606.96,100855.68,0.0,100855.68,40453.43
109351,20231225,191,12,18,10,17,1192.37,20270.29,4054.06,16216.23,8247.13
109352,20230511,5,9,17,10,20,2112.21,42244.2,0.0,42244.2,21676.76
109353,20250627,50,1,17,7,15,7004.72,105070.8,0.0,105070.8,43606.55
109354,20230614,174,10,21,7,20,4677.47,93549.4,4677.47,88871.93,43089.06
109355,20250323,6,9,24,9,15,2112.21,31683.15,3168.32,28514.83,14681.67
109356,20241124,129,8,16,8,16,8152.69,130443.04,0.0,130443.04,70334.12
109357,20230831,231,7,18,3,8,11044.9,88359.2,0.0,88359.2,33212.09
109358,20250823,269,2,23,9,4,576.14,2304.56,0.0,2304.56,1230.88
109359,20230831,219,3,4,9,20,1648.77,32975.4,1648.77,31326.63,16417.11
109360,20250910,131,5,14,10,19,12606.96,239532.24,23953.22,215579.02,84141.86
109361,20250508,287,12,3,4,12,1192.37,14308.44,1430.84,12877.6,4695.88
109362,20240811,59,12,20,6,1,1192.37,1192.37,59.62,1132.75,539.71
109363,20240723,175,2,20,9,13,576.14,7489.82,0.0,7489.82,3484.15
109364,20240106,123,12,1,8,13,1192.37,15500.81,1550.08,13950.73,6070.71
109365,20230129,59,8,21,6,9,8152.69,73374.21,7337.42,66036.79,35767.34
109366,20240823,84,6,6,2,9,8457.66,76118.94,11417.84,64701.1,33557.87
109367,20250808,62,10,7,4,2,4677.47,9354.94,0.0,9354.94,4983.44
109368,20240830,250,4,23,8,19,4210.9,80007.1,0.0,80007.1,36468.0
109369,20241223,99,6,18,4,19,8457.66,160695.54,8034.78,152660.76,58374.0
109370,20240713,107,6,22,6,20,8457.66,169153.2,25372.98,143780.22,71121.11
109371,20250109,59,4,7,6,8,4210.9,33687.2,0.0,33687.2,16611.54
109372,20250416,191,5,7,10,5,12606.96,63034.8,0.0,63034.8,25539.93
109373,20240325,180,6,4,7,14,8457.66,118407.24,5920.36,112486.88,51780.64
109374,20240204,255,8,16,3,6,8152.69,48916.14,4891.61,44024.53,18120.66
109375,20251016,62,9,17,4,18,2112.21,38019.78,3801.98,34217.8,12946.08
109376,20230816,193,12,20,3,14,1192.37,16693.18,0.0,16693.18,6783.64
109377,20241228,185,12,7,5,20,1192.37,23847.4,3577.11,20270.29,7752.69
109378,20240618,10,4,9,3,16,4210.9,67374.4,3368.72,64005.68,30054.27
109379,20240905,190,12,9,4,10,1192.37,11923.7,0.0,11923.7,5110.64
109380,20240906,77,6,7,4,6,8457.66,50745.96,2537.3,48208.66,20699.71
109381,20240420,3,11,18,3,1,4866.69,4866.69,0.0,4866.69,2333.72
109382,20250929,90,2,21,8,7,576.14,4032.98,201.65,3831.33,1897.98
109383,20230204,85,1,23,4,1,7004.72,7004.72,700.47,6304.25,3424.84
109384,20241130,230,3,22,2,7,1648.77,11541.39,577.07,10964.32,5300.2
109385,20250415,25,2,18,7,14,576.14,8065.96,0.0,8065.96,2997.36
109386,20240514,221,11,9,1,2,4866.69,9733.38,973.34,8760.04,4104.3
109387,20230307,185,12,3,5,17,1192.37,20270.29,2027.03,18243.26,6554.49
109388,20251008,250,4,12,8,2,4210.9,8421.8,0.0,8421.8,3151.34
109389,20251219,155,10,15,10,10,4677.47,46774.7,0.0,46774.7,18463.91
109390,20231204,270,6,12,10,14,8457.66,118407.24,17761.09,100646.15,53570.52
109391,20240416,217,7,22,3,1,11044.9,11044.9,2208.98,8835.92,4641.77
109392,20240401,172,3,24,1,3,1648.77,4946.31,247.32,4698.99,2183.84
109393,20231002,55,2,18,4,6,576.14,3456.84,691.37,2765.47,1285.35
109394,20240522,15,12,11,6,3,1192.37,3577.11,0.0,3577.11,1576.34
109395,20230206,181,11,17,10,3,4866.69,14600.07,0.0,14600.07,8025.18
109396,20250509,27,12,11,9,13,1192.37,15500.81,0.0,15500.81,8453.94
109397,20240320,19,10,9,1,15,4677.47,70162.05,3508.1,66653.95,35499.65
109398,20250711,207,9,17,7,11,2112.21,23234.31,2323.43,20910.88,8144.69
109399,20250228,141,6,17,4,5,8457.66,42288.3,2114.42,40173.88,16139.39
109400,20240226,245,4,8,7,8,4210.9,33687.2,5053.08,28634.12,10261.52
109401,20230115,140,8,4,10,13,8152.69,105984.97,10598.5,95386.47,48880.17
109402,20231107,121,5,21,4,6,12606.96,75641.76,0.0,75641.76,37743.34
109403,20230406,62,3,21,4,17,1648.77,28029.09,2802.91,25226.18,12884.3
109404,20240813,7,1,4,2,3,7004.72,21014.16,0.0,21014.16,8800.55
109405,20230416,250,11,24,8,17,4866.69,82733.73,0.0,82733.73,37148.14
109406,20240821,51,5,13,3,12,12606.96,151283.52,7564.18,143719.34,62305.34
109407,20240429,231,1,16,3,2,7004.72,14009.44,700.47,13308.97,6700.24
109408,20240427,244,4,25,10,15,4210.9,63163.5,6316.35,56847.15,20818.27
109409,20240428,192,4,11,1,12,4210.9,50530.8,5053.08,45477.72,19810.23
109410,20231205,65,3,22,5,18,1648.77,29677.86,4451.68,25226.18,10345.38
109411,20250408,199,1,2,7,20,7004.72,140094.4,7004.72,133089.68,67404.09
109412,20230103,295,2,21,3,5,576.14,2880.7,0.0,2880.7,1357.66
109413,20250203,285,2,12,3,4,576.14,2304.56,0.0,2304.56,1057.36
109414,20250129,153,1,2,2,10,7004.72,70047.2,14009.44,56037.76,30790.74
109415,20250402,172,7,1,1,18,11044.9,198808.2,0.0,198808.2,91975.85
109416,20240708,140,10,11,10,13,4677.47,60807.11,6080.71,54726.4,29060.0
109417,20250814,237,6,12,7,14,8457.66,118407.24,17761.09,100646.15,50585.6
109418,20231125,126,5,1,1,2,12606.96,25213.92,5042.78,20171.14,10104.92
109419,20241102,69,3,20,4,1,1648.77,1648.77,247.32,1401.45,497.61
109420,20230703,183,1,16,5,14,7004.72,98066.08,0.0,98066.08,48409.85
109421,20240707,88,1,4,6,5,7004.72,35023.6,3502.36,31521.24,13926.16
109422,20240115,22,10,10,4,8,4677.47,37419.76,0.0,37419.76,14499.63
109423,20251126,71,5,3,4,20,12606.96,252139.2,12606.96,239532.24,101056.52
109424,20250721,263,8,7,10,10,8152.69,81526.9,0.0,81526.9,40196.7
109425,20250702,77,4,2,4,15,4210.9,63163.5,0.0,63163.5,28335.44
109426,20240310,200,12,3,5,17,1192.37,20270.29,1013.51,19256.78,7718.34
109427,20251015,264,10,12,6,7,4677.47,32742.29,3274.23,29468.06,15437.34
109428,20250114,84,6,18,2,11,8457.66,93034.26,13955.14,79079.12,40467.55
109429,20241024,293,6,4,2,11,8457.66,93034.26,0.0,93034.26,50599.96
109430,20240523,216,1,10,3,8,7004.72,56037.76,2801.89,53235.87,19986.4
109431,20240810,121,1,18,4,17,7004.72,119080.24,0.0,119080.24,59701.74
109432,20230308,219,5,21,9,4,12606.96,50427.84,7564.18,42863.66,17560.48
109433,20231112,186,12,23,4,2,1192.37,2384.74,119.24,2265.5,1099.83
109434,20240129,128,8,11,8,16,8152.69,130443.04,6522.15,123920.89,44580.75
109435,20241030,183,1,17,5,18,7004.72,126084.96,0.0,126084.96,54923.31
109436,20241126,267,5,11,1,9,12606.96,113462.64,0.0,113462.64,53950.17
109437,20240106,200,6,8,5,16,8457.66,135322.56,0.0,135322.56,70811.55
109438,20240604,243,7,24,10,17,11044.9,187763.3,28164.49,159598.81,75274.93
109439,20241226,203,9,8,7,11,2112.21,23234.31,0.0,23234.31,8586.33
109440,20251212,122,5,10,9,1,12606.96,12606.96,0.0,12606.96,5326.18
109441,20240620,252,11,2,1,4,4866.69,19466.76,2920.01,16546.75,6378.47
109442,20241126,11,4,21,9,7,4210.9,29476.3,1473.82,28002.48,11170.96
109443,20240405,154,1,5,9,4,7004.72,28018.88,0.0,28018.88,11313.05
109444,20240902,293,9,2,2,10,2112.21,21122.1,0.0,21122.1,9059.77
109445,20240120,157,11,19,8,7,4866.69,34066.83,0.0,34066.83,14805.35
109446,20250614,102,5,20,2,4,12606.96,50427.84,2521.39,47906.45,25064.51
109447,20250204,166,8,15,9,7,8152.69,57068.83,5706.88,51361.95,23883.22
109448,20240618,184,6,21,9,10,8457.66,84576.6,0.0,84576.6,46511.56
109449,20240330,99,2,20,4,7,576.14,4032.98,0.0,4032.98,1536.99
109450,20230602,24,9,4,4,4,2112.21,8448.84,844.88,7603.96,4179.91
109451,20240320,278,8,16,2,7,8152.69,57068.83,8560.32,48508.51,26357.88
109452,20230223,18,8,24,7,16,8152.69,130443.04,13044.3,117398.74,54215.44
109453,20251123,49,10,23,4,13,4677.47,60807.11,3040.36,57766.75,30890.23
109454,20230123,214,7,14,1,17,11044.9,187763.3,18776.33,168986.97,69228.9
109455,20240214,101,2,14,5,11,576.14,6337.54,0.0,6337.54,2906.3
109456,20240406,273,2,22,4,6,576.14,3456.84,172.84,3284.0,1667.28
109457,20230402,56,5,2,2,12,12606.96,151283.52,0.0,151283.52,83078.08
109458,20240416,144,7,20,5,17,11044.9,187763.3,9388.16,178375.14,71892.4
109459,20240517,264,5,8,6,19,12606.96,239532.24,0.0,239532.24,94120.5
109460,20250924,92,6,24,8,17,8457.66,143780.22,0.0,143780.22,73878.83
109461,20241119,119,11,12,10,17,4866.69,82733.73,0.0,82733.73,35794.08
109462,20230206,19,4,6,1,8,4210.9,33687.2,0.0,33687.2,11864.03
109463,20231005,195,11,18,9,13,4866.69,63266.97,0.0,63266.97,23541.54
109464,20240414,260,6,11,6,12,8457.66,101491.92,0.0,101491.92,36523.28
109465,20230714,279,2,23,7,15,576.14,8642.1,864.21,7777.89,4161.22
109466,20230707,155,3,13,10,14,1648.77,23082.78,0.0,23082.78,9490.15
109467,20250423,254,8,25,7,1,8152.69,8152.69,815.27,7337.42,3491.77
109468,20230703,45,1,17,3,2,7004.72,14009.44,0.0,14009.44,7389.36
109469,20250315,142,10,4,1,7,4677.47,32742.29,4911.34,27830.95,13394.35
109470,20250903,133,9,19,7,12,2112.21,25346.52,3801.98,21544.54,8686.38
109471,20250131,77,8,11,4,7,8152.69,57068.83,0.0,57068.83,25547.83
109472,20230524,4,6,25,3,8,8457.66,67661.28,3383.06,64278.22,35243.23
109473,20250419,177,7,8,2,7,11044.9,77314.3,3865.72,73448.58,39739.13
109474,20240128,158,9,18,3,20,2112.21,42244.2,0.0,42244.2,15296.84
109475,20230305,13,3,9,2,6,1648.77,9892.62,0.0,9892.62,5025.72
109476,20230929,231,8,13,3,1,8152.69,8152.69,0.0,8152.69,3502.18
109477,20230930,192,11,19,1,12,4866.69,58400.28,11680.06,46720.22,20751.8
109478,20250825,152,5,4,9,4,12606.96,50427.84,0.0,50427.84,22722.16
109479,20251023,147,3,3,10,16,1648.77,26380.32,5276.06,21104.26,8126.89
109480,20250922,130,11,5,10,3,4866.69,14600.07,2920.01,11680.06,5540.98
109481,20230423,148,8,18,3,19,8152.69,154901.11,15490.11,139411.0,67516.61
109482,20240219,222,8,4,8,14,8152.69,114137.66,0.0,114137.66,49479.76
109483,20240826,258,11,24,6,19,4866.69,92467.11,4623.36,87843.75,32069.06
109484,20231109,197,4,23,2,17,4210.9,71585.3,7158.53,64426.77,24184.57
109485,20240923,45,5,12,3,12,12606.96,151283.52,0.0,151283.52,67036.94
109486,20240308,101,1,20,5,17,7004.72,119080.24,5954.01,113126.23,44612.31
109487,20251118,83,12,9,5,6,1192.37,7154.22,1073.13,6081.09,2793.21
109488,20231116,255,1,10,3,20,7004.72,140094.4,7004.72,133089.68,64288.95
109489,20240722,157,5,13,8,7,12606.96,88248.72,8824.87,79423.85,32477.16
109490,20240618,247,5,19,10,14,12606.96,176497.44,26474.62,150022.82,69540.3
109491,20240525,51,2,1,3,3,576.14,1728.42,259.26,1469.16,623.61
109492,20231205,38,11,17,5,3,4866.69,14600.07,0.0,14600.07,7316.24
109493,20241228,277,9,3,5,6,2112.21,12673.26,0.0,12673.26,6457.86
109494,20251214,211,7,2,10,17,11044.9,187763.3,18776.33,168986.97,92233.13
109495,20240420,76,4,12,3,4,4210.9,16843.6,0.0,16843.6,8107.14
109496,20241104,85,3,11,4,9,1648.77,14838.93,741.95,14096.98,7177.29
109497,20250110,231,1,7,3,3,7004.72,21014.16,1050.71,19963.45,9166.63
109498,20230730,29,2,25,1,7,576.14,4032.98,403.3,3629.68,1472.34
109499,20230421,247,4,2,10,17,4210.9,71585.3,0.0,71585.3,26182.17
109500,20240105,115,8,12,6,15,8152.69,122290.35,18343.55,103946.8,51112.45
109501,20240714,192,11,4,1,15,4866.69,73000.35,7300.04,65700.31,26041.01
109502,20240201,3,2,14,3,11,576.14,6337.54,633.75,5703.79,2295.46
109503,20251105,234,7,12,5,15,11044.9,165673.5,8283.68,157389.82,85255.19
109504,20250130,289,2,14,8,13,576.14,7489.82,1123.47,6366.35,3461.16
109505,20241224,172,11,22,1,3,4866.69,14600.07,1460.01,13140.06,4980.21
109506,20250303,129,3,3,8,7,1648.77,11541.39,577.07,10964.32,5790.56
109507,20250910,48,5,16,5,6,12606.96,75641.76,11346.26,64295.5,24735.14
109508,20230915,146,6,7,6,4,8457.66,33830.64,1691.53,32139.11,15787.89
109509,20241011,42,7,10,6,10,11044.9,110449.0,16567.35,93881.65,34707.74
109510,20230201,171,5,1,6,1,12606.96,12606.96,630.35,11976.61,5931.64
109511,20251126,7,11,22,2,20,4866.69,97333.8,0.0,97333.8,37171.85
109512,20250812,204,12,4,8,20,1192.37,23847.4,1192.37,22655.03,11828.29
109513,20250806,278,10,14,2,11,4677.47,51452.17,5145.22,46306.95,22648.05
109514,20240408,52,2,18,3,16,576.14,9218.24,0.0,9218.24,4786.85
109515,20251207,236,9,24,6,3,2112.21,6336.63,0.0,6336.63,3368.92
109516,20230904,217,8,3,3,14,8152.69,114137.66,17120.65,97017.01,42368.74
109517,20230411,295,9,14,3,14,2112.21,29570.94,1478.55,28092.39,14496.55
109518,20251231,169,2,24,8,14,576.14,8065.96,403.3,7662.66,2717.36
109519,20250122,75,11,17,1,12,4866.69,58400.28,2920.01,55480.27,22734.85
109520,20230504,34,6,10,6,3,8457.66,25372.98,2537.3,22835.68,12286.38
109521,20250328,264,10,18,6,11,4677.47,51452.17,0.0,51452.17,23598.2
109522,20230706,42,7,22,6,16,11044.9,176718.4,35343.68,141374.72,64610.75
109523,20240213,140,9,2,10,18,2112.21,38019.78,3801.98,34217.8,12775.09
109524,20240531,207,7,15,7,12,11044.9,132538.8,6626.94,125911.86,46590.65
109525,20250218,293,6,10,2,1,8457.66,8457.66,0.0,8457.66,3118.95
109526,20240216,148,3,22,3,13,1648.77,21434.01,1071.7,20362.31,9623.36
109527,20250222,177,8,4,2,8,8152.69,65221.52,6522.15,58699.37,28000.53
109528,20241224,238,1,2,9,4,7004.72,28018.88,1400.94,26617.94,14527.72
109529,20241212,34,11,5,6,6,4866.69,29200.14,2920.01,26280.13,13847.15
109530,20230508,90,4,17,8,15,4210.9,63163.5,6316.35,56847.15,25990.97
109531,20240123,23,4,18,9,4,4210.9,16843.6,2526.54,14317.06,7102.62
109532,20250314,27,5,1,9,19,12606.96,239532.24,0.0,239532.24,117328.83
109533,20240112,217,3,19,3,6,1648.77,9892.62,0.0,9892.62,5006.98
109534,20250101,104,8,14,7,6,8152.69,48916.14,0.0,48916.14,17174.88
109535,20250106,103,3,23,10,15,1648.77,24731.55,0.0,24731.55,12622.65
109536,20230324,222,7,15,8,12,11044.9,132538.8,26507.76,106031.04,55784.36
109537,20230131,187,10,16,10,7,4677.47,32742.29,6548.46,26193.83,10427.79
109538,20241024,124,8,25,10,9,8152.69,73374.21,0.0,73374.21,37250.28
109539,20230505,260,12,17,6,7,1192.37,8346.59,0.0,8346.59,3590.15
109540,20231012,289,5,17,8,4,12606.96,50427.84,7564.18,42863.66,22916.2
109541,20230416,143,10,23,10,14,4677.47,65484.58,3274.23,62210.35,29037.73
109542,20231005,229,12,20,5,3,1192.37,3577.11,536.57,3040.54,1633.96
109543,20250528,109,8,23,8,20,8152.69,163053.8,8152.69,154901.11,83316.73
109544,20230315,138,8,5,4,1,8152.69,8152.69,0.0,8152.69,4042.5
109545,20231212,110,10,15,5,19,4677.47,88871.93,13330.79,75541.14,38474.85
109546,20230106,288,8,16,8,2,8152.69,16305.38,2445.81,13859.57,5726.79
109547,20231211,154,11,6,9,9,4866.69,43800.21,0.0,43800.21,16094.55
109548,20230916,294,4,5,2,4,4210.9,16843.6,0.0,16843.6,6618.86
109549,20250407,242,11,9,8,2,4866.69,9733.38,0.0,9733.38,3765.62
109550,20241128,135,3,16,2,1,1648.77,1648.77,164.88,1483.89,672.18
109551,20230809,264,2,18,6,2,576.14,1152.28,0.0,1152.28,467.49
109552,20230302,234,2,10,5,18,576.14,10370.52,1037.05,9333.47,4465.47
109553,20230327,170,12,10,3,12,1192.37,14308.44,0.0,14308.44,7480.22
109554,20230928,253,11,12,6,20,4866.69,97333.8,4866.69,92467.11,45490.35
109555,20251127,189,9,4,1,20,2112.21,42244.2,8448.84,33795.36,13721.88
109556,20240904,214,11,15,1,9,4866.69,43800.21,2190.01,41610.2,15863.87
109557,20240125,88,9,13,6,9,2112.21,19009.89,0.0,19009.89,7925.97
109558,20240912,209,5,15,9,3,12606.96,37820.88,5673.13,32147.75,17657.37
109559,20250921,150,3,13,6,12,1648.77,19785.24,1978.52,17806.72,8170.54
109560,20240903,28,7,14,4,3,11044.9,33134.7,4970.2,28164.5,11377.84
109561,20230222,43,2,14,1,2,576.14,1152.28,115.23,1037.05,395.52
109562,20240707,59,9,4,6,4,2112.21,8448.84,844.88,7603.96,2741.65
109563,20250324,92,12,4,8,1,1192.37,1192.37,59.62,1132.75,581.28
109564,20231130,210,12,6,4,3,1192.37,3577.11,0.0,3577.11,1446.04
109565,20240105,10,3,2,3,13,1648.77,21434.01,0.0,21434.01,10861.6
109566,20230519,18,10,5,7,9,4677.47,42097.23,0.0,42097.23,16266.46
109567,20250101,153,1,22,2,12,7004.72,84056.64,8405.66,75650.98,39467.39
109568,20250310,147,3,19,10,13,1648.77,21434.01,2143.4,19290.61,9483.2
109569,20251003,89,5,25,7,15,12606.96,189104.4,28365.66,160738.74,60679.09
109570,20251004,107,2,17,6,18,576.14,10370.52,518.53,9851.99,3521.26
109571,20230408,159,5,13,4,5,12606.96,63034.8,0.0,63034.8,27645.97
109572,20240812,182,8,3,10,19,8152.69,154901.11,7745.06,147156.05,71135.05
109573,20250903,103,5,23,10,5,12606.96,63034.8,9455.22,53579.58,19546.17
109574,20231024,47,2,9,6,1,576.14,576.14,28.81,547.33,252.68
109575,20230608,119,7,22,10,13,11044.9,143583.7,14358.37,129225.33,60672.15
109576,20230121,254,1,7,7,17,7004.72,119080.24,11908.02,107172.22,55702.98
109577,20240820,89,8,4,7,8,8152.69,65221.52,6522.15,58699.37,22223.29
109578,20250929,30,7,22,9,10,11044.9,110449.0,11044.9,99404.1,46101.46
109579,20230920,66,6,23,3,15,8457.66,126864.9,12686.49,114178.41,57311.96
109580,20250512,149,1,1,10,9,7004.72,63042.48,9456.37,53586.11,28461.68
109581,20250107,84,5,4,2,9,12606.96,113462.64,0.0,113462.64,46084.95
109582,20250114,220,5,14,1,13,12606.96,163890.48,0.0,163890.48,73130.85
109583,20251022,22,2,5,4,2,576.14,1152.28,0.0,1152.28,458.84
109584,20251008,183,11,19,5,20,4866.69,97333.8,9733.38,87600.42,41515.71
109585,20250815,162,7,15,3,12,11044.9,132538.8,6626.94,125911.86,53605.37
109586,20250514,254,7,13,7,15,11044.9,165673.5,16567.35,149106.15,80941.24
109587,20230710,113,5,23,8,17,12606.96,214318.32,0.0,214318.32,114312.72
109588,20240724,7,4,6,2,10,4210.9,42109.0,4210.9,37898.1,14487.74
109589,20250516,131,12,12,10,7,1192.37,8346.59,834.66,7511.93,3939.62
109590,20240804,147,12,21,10,5,1192.37,5961.85,0.0,5961.85,2562.53
109591,20230128,9,5,19,9,17,12606.96,214318.32,0.0,214318.32,115489.36
109592,20230329,28,6,17,4,4,8457.66,33830.64,3383.06,30447.58,16482.03
109593,20240129,217,6,3,3,10,8457.66,84576.6,4228.83,80347.77,29042.71
109594,20230625,275,4,16,6,14,4210.9,58952.6,0.0,58952.6,27936.98
109595,20230309,19,6,15,1,18,8457.66,152237.88,0.0,152237.88,61063.71
109596,20230204,278,1,16,2,12,7004.72,84056.64,0.0,84056.64,44580.01
109597,20241110,31,11,7,2,11,4866.69,53533.59,0.0,53533.59,29040.27
109598,20230818,108,7,9,8,2,11044.9,22089.8,0.0,22089.8,10817.2
109599,20240902,90,12,5,8,2,1192.37,2384.74,238.47,2146.27,991.98
109600,20241020,2,4,4,5,5,4210.9,21054.5,2105.45,18949.05,9277.93
109601,20230718,185,6,19,5,12,8457.66,101491.92,5074.6,96417.32,50042.69
109602,20250124,293,3,9,2,3,1648.77,4946.31,247.32,4698.99,2057.62
109603,20250606,201,6,11,8,7,8457.66,59203.62,0.0,59203.62,21266.77
109604,20230626,56,11,16,2,1,4866.69,4866.69,0.0,4866.69,2236.67
109605,20240524,78,12,12,8,7,1192.37,8346.59,417.33,7929.26,3404.68
109606,20240810,137,12,23,7,20,1192.37,23847.4,0.0,23847.4,11110.72
109607,20230525,215,6,3,5,10,8457.66,84576.6,8457.66,76118.94,41668.89
109608,20230905,33,2,10,10,14,576.14,8065.96,403.3,7662.66,4138.36
109609,20250215,60,2,16,2,8,576.14,4609.12,230.46,4378.66,1684.04
109610,20250206,107,9,25,6,9,2112.21,19009.89,0.0,19009.89,9941.52
109611,20250112,167,11,19,7,20,4866.69,97333.8,0.0,97333.8,43048.15
109612,20230630,102,11,4,2,5,4866.69,24333.45,0.0,24333.45,12426.2
109613,20230602,95,5,7,6,9,12606.96,113462.64,11346.26,102116.38,43525.85
109614,20250306,66,10,4,3,7,4677.47,32742.29,4911.34,27830.95,14224.13
109615,20240101,41,6,8,9,19,8457.66,160695.54,0.0,160695.54,83884.81
109616,20230130,197,1,3,2,10,7004.72,70047.2,3502.36,66544.84,24792.62
109617,20230926,5,6,23,10,18,8457.66,152237.88,0.0,152237.88,70269.59
109618,20240611,232,6,8,6,20,8457.66,169153.2,0.0,169153.2,89905.7
109619,20230227,246,5,17,9,4,12606.96,50427.84,7564.18,42863.66,22291.84
109620,20240122,190,4,7,4,8,4210.9,33687.2,6737.44,26949.76,14329.2
109621,20240717,33,8,12,10,4,8152.69,32610.76,1630.54,30980.22,15016.96
109622,20250707,180,7,12,7,18,11044.9,198808.2,0.0,198808.2,107698.44
109623,20240618,262,12,8,2,17,1192.37,20270.29,1013.51,19256.78,9613.14
109624,20250208,46,3,7,1,11,1648.77,18136.47,1813.65,16322.82,7301.15
109625,20230105,174,1,16,7,7,7004.72,49033.04,0.0,49033.04,24395.34
109626,20230507,247,3,19,10,9,1648.77,14838.93,2967.79,11871.14,5752.35
109627,20241004,198,4,13,7,14,4210.9,58952.6,2947.63,56004.97,21772.22
109628,20240313,208,12,6,4,17,1192.37,20270.29,0.0,20270.29,7922.67
109629,20250728,172,5,16,1,1,12606.96,12606.96,0.0,12606.96,4612.76
109630,20230621,148,4,23,3,12,4210.9,50530.8,2526.54,48004.26,24468.43
109631,20240126,117,10,9,4,6,4677.47,28064.82,4209.72,23855.1,13051.82
109632,20251114,77,9,17,4,4,2112.21,8448.84,844.88,7603.96,4006.23
109633,20250123,196,1,10,8,2,7004.72,14009.44,0.0,14009.44,6746.17
109634,20240730,157,8,15,8,1,8152.69,8152.69,0.0,8152.69,3738.77
109635,20240226,123,6,16,8,17,8457.66,143780.22,28756.04,115024.18,43904.0
109636,20231114,138,12,10,4,5,1192.37,5961.85,0.0,5961.85,2474.3
109637,20230401,208,9,17,4,10,2112.21,21122.1,0.0,21122.1,9893.31
109638,20240401,200,1,13,5,5,7004.72,35023.6,5253.54,29770.06,11588.5
109639,20231030,118,10,4,2,20,4677.47,93549.4,0.0,93549.4,38274.27
109640,20251025,242,5,12,8,9,12606.96,113462.64,11346.26,102116.38,44310.92
109641,20230131,99,11,4,4,18,4866.69,87600.42,4380.02,83220.4,44051.14
109642,20250228,185,10,6,5,16,4677.47,74839.52,3741.98,71097.54,33374.96
109643,20240928,265,2,21,8,6,576.14,3456.84,172.84,3284.0,1420.16
109644,20241021,146,9,5,6,15,2112.21,31683.15,1584.16,30098.99,13941.63
109645,20241212,42,11,4,6,20,4866.69,97333.8,9733.38,87600.42,35273.08
109646,20240410,205,5,10,7,15,12606.96,189104.4,9455.22,179649.18,83660.72
109647,20230902,278,9,10,2,10,2112.21,21122.1,0.0,21122.1,10659.96
109648,20240607,229,12,1,5,18,1192.37,21462.66,0.0,21462.66,8366.46
109649,20250211,57,8,21,9,5,8152.69,40763.45,0.0,40763.45,21245.25
109650,20231001,265,5,23,8,9,12606.96,113462.64,17019.4,96443.24,37045.95
109651,20250624,61,11,17,7,1,4866.69,4866.69,0.0,4866.69,2020.62
109652,20230707,90,9,20,8,19,2112.21,40131.99,0.0,40131.99,15339.89
109653,20250904,157,11,10,8,15,4866.69,73000.35,10950.05,62050.3,33605.13
109654,20240414,201,6,4,8,17,8457.66,143780.22,0.0,143780.22,72658.5
109655,20230218,156,8,2,5,6,8152.69,48916.14,0.0,48916.14,21553.93
109656,20230910,84,6,1,2,13,8457.66,109949.58,10994.96,98954.62,38299.59
109657,20231009,4,4,12,3,17,4210.9,71585.3,0.0,71585.3,28494.37
109658,20250629,170,2,20,3,14,576.14,8065.96,403.3,7662.66,3758.0
109659,20250205,77,5,2,4,12,12606.96,151283.52,0.0,151283.52,70086.53
109660,20231222,120,6,20,9,3,8457.66,25372.98,2537.3,22835.68,10588.0
109661,20251116,265,6,25,8,12,8457.66,101491.92,0.0,101491.92,38962.75
109662,20231116,225,8,2,9,6,8152.69,48916.14,0.0,48916.14,22846.64
109663,20240803,182,9,11,10,11,2112.21,23234.31,2323.43,20910.88,7887.8
109664,20230319,165,5,24,10,17,12606.96,214318.32,21431.83,192886.49,84954.01
109665,20231231,296,2,6,8,20,576.14,11522.8,576.14,10946.66,5339.51
109666,20250403,230,4,8,2,12,4210.9,50530.8,5053.08,45477.72,22164.09
109667,20250722,15,11,14,6,7,4866.69,34066.83,0.0,34066.83,12271.97
109668,20230602,226,2,20,2,12,576.14,6913.68,1382.74,5530.94,2329.7
109669,20250903,221,4,5,1,20,4210.9,84218.0,12632.7,71585.3,34348.5
109670,20230902,202,7,5,4,3,11044.9,33134.7,4970.2,28164.5,13748.36
109671,20250826,139,9,24,2,13,2112.21,27458.73,0.0,27458.73,11162.88
109672,20251003,27,4,21,9,1,4210.9,4210.9,0.0,4210.9,1804.94
109673,20251123,219,11,23,9,2,4866.69,9733.38,0.0,9733.38,4626.2
109674,20250720,60,11,15,2,11,4866.69,53533.59,8030.04,45503.55,18272.81
109675,20230210,171,4,25,6,3,4210.9,12632.7,631.64,12001.06,5524.51
109676,20241110,280,6,6,6,6,8457.66,50745.96,2537.3,48208.66,23031.28
109677,20250310,64,8,6,9,15,8152.69,122290.35,0.0,122290.35,53008.25
109678,20230122,126,5,3,1,1,12606.96,12606.96,1260.7,11346.26,5935.52
109679,20231220,271,8,1,3,8,8152.69,65221.52,0.0,65221.52,29046.91
109680,20240705,290,8,9,8,11,8152.69,89679.59,0.0,89679.59,48678.07
109681,20230211,245,1,14,7,9,7004.72,63042.48,9456.37,53586.11,29440.14
109682,20230414,243,11,3,10,6,4866.69,29200.14,2920.01,26280.13,10400.33
109683,20240812,215,2,4,5,11,576.14,6337.54,633.75,5703.79,2371.19
109684,20241115,94,5,21,3,1,12606.96,12606.96,1260.7,11346.26,6121.58
109685,20240113,28,2,12,4,18,576.14,10370.52,0.0,10370.52,4104.86
109686,20230303,264,11,8,6,20,4866.69,97333.8,0.0,97333.8,36232.46
109687,20250607,166,11,22,9,4,4866.69,19466.76,0.0,19466.76,7309.44
109688,20240225,135,6,25,2,2,8457.66,16915.32,1691.53,15223.79,7004.5
109689,20250515,15,11,16,6,3,4866.69,14600.07,2190.01,12410.06,6475.79
109690,20250926,197,7,15,2,1,11044.9,11044.9,1104.49,9940.41,4593.81
109691,20230507,197,1,14,2,2,7004.72,14009.44,2101.42,11908.02,5875.19
109692,20230503,215,5,1,5,12,12606.96,151283.52,0.0,151283.52,69299.78
109693,20231231,283,12,9,3,1,1192.37,1192.37,119.24,1073.13,535.56
109694,20240824,144,1,15,5,20,7004.72,140094.4,0.0,140094.4,54696.81
109695,20251123,290,4,11,8,8,4210.9,33687.2,0.0,33687.2,13071.64
109696,20231027,149,7,4,10,12,11044.9,132538.8,19880.82,112657.98,47503.5
109697,20231114,149,11,23,10,3,4866.69,14600.07,0.0,14600.07,7830.15
109698,20230611,151,9,4,3,5,2112.21,10561.05,528.05,10033.0,4613.5
109699,20230930,197,6,18,2,8,8457.66,67661.28,0.0,67661.28,32288.54
109700,20250824,123,9,7,8,20,2112.21,42244.2,2112.21,40131.99,18064.23
109701,20241025,209,1,23,9,14,7004.72,98066.08,19613.22,78452.86,43042.87
109702,20240703,167,7,17,7,9,11044.9,99404.1,4970.21,94433.89,51198.59
109703,20240316,42,10,12,6,16,4677.47,74839.52,3741.98,71097.54,33270.07
109704,20241107,290,2,6,8,8,576.14,4609.12,230.46,4378.66,1754.0
109705,20240609,131,10,7,10,1,4677.47,4677.47,233.87,4443.6,2172.79
109706,20240924,169,8,17,8,9,8152.69,73374.21,0.0,73374.21,35234.57
109707,20230507,87,4,2,10,16,4210.9,67374.4,6737.44,60636.96,26974.89
109708,20240926,198,6,22,7,2,8457.66,16915.32,1691.53,15223.79,7383.88
109709,20231103,285,7,1,3,3,11044.9,33134.7,6626.94,26507.76,11969.08
109710,20250629,210,10,3,4,2,4677.47,9354.94,467.75,8887.19,4505.97
109711,20230719,113,8,17,8,2,8152.69,16305.38,0.0,16305.38,5850.2
109712,20250729,2,9,21,5,9,2112.21,19009.89,0.0,19009.89,9647.1
109713,20240606,162,4,25,3,5,4210.9,21054.5,0.0,21054.5,9347.86
109714,20230703,33,10,22,10,11,4677.47,51452.17,0.0,51452.17,27075.33
109715,20230116,291,5,12,9,5,12606.96,63034.8,3151.74,59883.06,31718.77
109716,20251211,68,2,14,10,11,576.14,6337.54,0.0,6337.54,2598.45
109717,20250607,89,11,1,7,1,4866.69,4866.69,0.0,4866.69,2676.51
109718,20251203,242,11,14,8,10,4866.69,48666.9,4866.69,43800.21,16265.74
109719,20240506,235,8,6,8,6,8152.69,48916.14,0.0,48916.14,20727.81
109720,20250529,297,12,22,9,7,1192.37,8346.59,0.0,8346.59,4182.31
109721,20240419,182,5,18,10,18,12606.96,226925.28,0.0,226925.28,81461.85
109722,20251005,103,3,15,10,14,1648.77,23082.78,3462.42,19620.36,10563.58
109723,20230528,21,4,15,9,16,4210.9,67374.4,3368.72,64005.68,23533.66
109724,20230120,88,6,23,6,7,8457.66,59203.62,5920.36,53283.26,29132.68
109725,20241014,298,4,7,4,11,4210.9,46319.9,6947.98,39371.92,16250.25
109726,20241211,35,11,10,5,19,4866.69,92467.11,0.0,92467.11,44648.94
109727,20251010,136,7,16,3,5,11044.9,55224.5,0.0,55224.5,24388.3
109728,20251204,275,2,4,6,17,576.14,9794.38,1958.88,7835.5,2968.79
109729,20230407,225,7,25,9,2,11044.9,22089.8,0.0,22089.8,12058.92
109730,20250114,163,9,22,2,15,2112.21,31683.15,6336.63,25346.52,9099.79
109731,20231023,189,4,23,1,15,4210.9,63163.5,9474.52,53688.98,23153.79
109732,20250412,245,12,8,7,5,1192.37,5961.85,596.19,5365.66,2831.04
109733,20250314,196,1,16,8,1,7004.72,7004.72,0.0,7004.72,3340.18
109734,20240315,254,3,7,7,18,1648.77,29677.86,0.0,29677.86,13092.26
109735,20231116,60,7,24,2,14,11044.9,154628.6,0.0,154628.6,66009.12
109736,20250301,268,11,25,2,6,4866.69,29200.14,1460.01,27740.13,11179.89
109737,20251208,289,1,21,8,9,7004.72,63042.48,0.0,63042.48,28900.78
109738,20240819,149,7,1,10,13,11044.9,143583.7,28716.74,114866.96,52312.61
109739,20241110,260,10,20,6,8,4677.47,37419.76,7483.95,29935.81,10898.53
109740,20230607,118,4,24,2,2,4210.9,8421.8,1263.27,7158.53,2931.19
109741,20230714,245,10,11,7,7,4677.47,32742.29,0.0,32742.29,15985.57
109742,20241210,214,5,12,1,1,12606.96,12606.96,0.0,12606.96,5458.04
109743,20240612,13,5,22,2,10,12606.96,126069.6,25213.92,100855.68,37246.81
109744,20240317,47,7,24,6,13,11044.9,143583.7,14358.37,129225.33,52668.05
109745,20230715,250,1,2,8,2,7004.72,14009.44,0.0,14009.44,6137.91
109746,20230202,132,8,9,7,5,8152.69,40763.45,0.0,40763.45,20369.87
109747,20230322,218,11,13,2,1,4866.69,4866.69,0.0,4866.69,2359.6
109748,20251022,14,12,18,4,11,1192.37,13116.07,655.8,12460.27,6665.99
109749,20230927,287,11,19,4,4,4866.69,19466.76,973.34,18493.42,6665.51
109750,20251104,258,1,15,6,5,7004.72,35023.6,0.0,35023.6,18919.38
109751,20250904,169,4,1,8,18,4210.9,75796.2,11369.43,64426.77,28279.18
109752,20250804,75,3,13,1,20,1648.77,32975.4,1648.77,31326.63,17187.2
109753,20250312,228,4,9,7,20,4210.9,84218.0,0.0,84218.0,43975.36
109754,20250612,32,2,24,4,11,576.14,6337.54,633.75,5703.79,2047.44
109755,20250131,285,6,25,3,9,8457.66,76118.94,3805.95,72312.99,35605.53
109756,20250307,180,2,14,7,16,576.14,9218.24,921.82,8296.42,3873.68
109757,20230815,74,8,3,7,20,8152.69,163053.8,32610.76,130443.04,54006.95
109758,20250411,48,8,4,5,17,8152.69,138595.73,6929.79,131665.94,47666.41
109759,20250531,259,4,23,2,16,4210.9,67374.4,0.0,67374.4,23946.18
109760,20230519,224,5,18,10,11,12606.96,138676.56,20801.48,117875.08,52162.17
109761,20240519,113,3,22,8,11,1648.77,18136.47,906.82,17229.65,8445.84
109762,20250415,107,5,18,6,3,12606.96,37820.88,0.0,37820.88,19614.71
109763,20240913,124,7,5,10,12,11044.9,132538.8,6626.94,125911.86,53914.37
109764,20230824,171,4,24,6,20,4210.9,84218.0,12632.7,71585.3,28484.79
109765,20241204,285,2,18,3,16,576.14,9218.24,921.82,8296.42,3178.01
109766,20240731,2,5,14,5,13,12606.96,163890.48,0.0,163890.48,84873.33
109767,20230313,223,11,23,10,3,4866.69,14600.07,730.0,13870.07,6916.46
109768,20230520,193,2,17,3,20,576.14,11522.8,0.0,11522.8,4375.24
109769,20250601,167,4,14,7,13,4210.9,54741.7,5474.17,49267.53,20189.24
109770,20230205,40,9,3,2,18,2112.21,38019.78,1900.99,36118.79,15264.42
109771,20230427,117,8,10,4,7,8152.69,57068.83,0.0,57068.83,20827.88
109772,20241126,34,5,6,6,13,12606.96,163890.48,24583.57,139306.91,75619.8
109773,20251212,41,3,10,9,3,1648.77,4946.31,0.0,4946.31,2437.52
109774,20230517,80,2,21,8,20,576.14,11522.8,0.0,11522.8,5888.06
109775,20250720,106,1,2,2,13,7004.72,91061.36,0.0,91061.36,36149.68
109776,20231124,259,10,15,2,20,4677.47,93549.4,9354.94,84194.46,41155.43
109777,20250802,117,8,24,4,15,8152.69,122290.35,0.0,122290.35,66036.35
109778,20240830,53,1,18,4,19,7004.72,133089.68,19963.45,113126.23,47964.17
109779,20230306,246,3,25,9,11,1648.77,18136.47,906.82,17229.65,6969.33
109780,20230113,99,8,13,4,9,8152.69,73374.21,3668.71,69705.5,34074.11
109781,20240131,122,1,19,9,17,7004.72,119080.24,17862.04,101218.2,55160.29
109782,20241016,185,3,23,5,5,1648.77,8243.85,824.39,7419.46,3077.19
109783,20240607,65,3,17,5,11,1648.77,18136.47,3627.29,14509.18,7753.58
109784,20240614,47,4,25,6,13,4210.9,54741.7,5474.17,49267.53,18701.0
109785,20241007,271,7,4,3,8,11044.9,88359.2,0.0,88359.2,34279.38
109786,20240313,6,6,14,9,4,8457.66,33830.64,3383.06,30447.58,14484.72
109787,20240410,56,2,4,2,8,576.14,4609.12,230.46,4378.66,2357.41
109788,20250511,241,12,23,1,20,1192.37,23847.4,0.0,23847.4,9207.05
109789,20230913,109,12,12,8,6,1192.37,7154.22,715.42,6438.8,2449.11
109790,20230829,40,2,17,2,19,576.14,10946.66,0.0,10946.66,5084.5
109791,20240318,26,9,16,5,19,2112.21,40131.99,2006.6,38125.39,20092.66
109792,20240228,24,10,21,4,3,4677.47,14032.41,0.0,14032.41,7171.76
109793,20230618,288,7,1,8,6,11044.9,66269.4,0.0,66269.4,33242.56
109794,20251110,79,9,19,8,14,2112.21,29570.94,2957.09,26613.85,12848.58
109795,20251103,61,9,4,7,9,2112.21,19009.89,0.0,19009.89,9559.8
109796,20251129,216,3,18,3,8,1648.77,13190.16,1978.52,11211.64,4752.07
109797,20230118,186,9,17,4,15,2112.21,31683.15,1584.16,30098.99,16260.75
109798,20250611,257,1,15,7,14,7004.72,98066.08,4903.3,93162.78,43206.43
109799,20240101,144,5,14,5,9,12606.96,113462.64,0.0,113462.64,60772.27
109800,20241206,295,9,24,3,13,2112.21,27458.73,0.0,27458.73,11111.69
109801,20240116,242,1,5,8,19,7004.72,133089.68,0.0,133089.68,59479.67
109802,20250202,131,3,5,10,9,1648.77,14838.93,741.95,14096.98,6491.52
109803,20230705,155,8,13,10,18,8152.69,146748.42,7337.42,139411.0,70415.66
109804,20240229,206,4,21,3,20,4210.9,84218.0,8421.8,75796.2,31620.17
109805,20250313,183,9,13,5,14,2112.21,29570.94,2957.09,26613.85,13149.48
109806,20230807,140,1,25,10,8,7004.72,56037.76,5603.78,50433.98,23086.41
109807,20240531,175,5,11,9,8,12606.96,100855.68,5042.78,95812.9,44393.69
109808,20240121,89,7,7,7,7,11044.9,77314.3,0.0,77314.3,37611.44
109809,20230430,260,11,3,6,3,4866.69,14600.07,2190.01,12410.06,5235.47
109810,20250212,209,2,23,9,10,576.14,5761.4,0.0,5761.4,2504.96
109811,20250203,266,11,9,1,19,4866.69,92467.11,0.0,92467.11,45191.39
109812,20241218,241,2,2,1,16,576.14,9218.24,0.0,9218.24,3440.91
109813,20240609,8,3,6,10,7,1648.77,11541.39,1154.14,10387.25,4340.62
109814,20250505,6,7,12,9,17,11044.9,187763.3,0.0,187763.3,78932.44
109815,20231231,186,1,20,4,10,7004.72,70047.2,0.0,70047.2,30609.34
109816,20240709,274,9,10,3,18,2112.21,38019.78,3801.98,34217.8,16856.83
109817,20250319,34,9,4,6,16,2112.21,33795.36,0.0,33795.36,14799.87
109818,20241009,226,7,17,2,5,11044.9,55224.5,2761.23,52463.27,20603.44
109819,20250607,7,11,2,2,17,4866.69,82733.73,4136.69,78597.04,34998.16
109820,20240424,25,4,14,7,12,4210.9,50530.8,10106.16,40424.64,19807.01
109821,20230313,239,8,9,5,14,8152.69,114137.66,5706.88,108430.78,58555.46
109822,20240316,100,5,1,8,19,12606.96,239532.24,23953.22,215579.02,95134.61
109823,20241018,174,6,1,7,4,8457.66,33830.64,3383.06,30447.58,14749.53
109824,20240213,106,4,25,2,10,4210.9,42109.0,6316.35,35792.65,19680.22
109825,20230702,241,12,5,1,16,1192.37,19077.92,1907.79,17170.13,8146.87
109826,20250515,115,2,17,6,17,576.14,9794.38,0.0,9794.38,4887.38
109827,20230211,75,7,4,1,2,11044.9,22089.8,0.0,22089.8,11024.21
109828,20241017,78,7,7,8,6,11044.9,66269.4,0.0,66269.4,24304.23
109829,20250630,267,12,21,1,11,1192.37,13116.07,655.8,12460.27,5642.86
109830,20240730,215,3,2,5,12,1648.77,19785.24,1978.52,17806.72,6711.18
109831,20230629,47,9,14,6,13,2112.21,27458.73,4118.81,23339.92,8976.45
109832,20231204,205,4,24,7,10,4210.9,42109.0,0.0,42109.0,21311.06
109833,20230708,145,10,15,8,15,4677.47,70162.05,7016.21,63145.84,23465.91
109834,20230602,258,12,5,6,15,1192.37,17885.55,0.0,17885.55,7532.76
109835,20230731,100,2,19,8,9,576.14,5185.26,259.26,4926.0,2453.23
109836,20231015,240,7,23,3,8,11044.9,88359.2,0.0,88359.2,44981.84
109837,20240622,222,4,12,8,15,4210.9,63163.5,6316.35,56847.15,25944.99
109838,20251218,206,11,18,3,7,4866.69,34066.83,0.0,34066.83,13831.68
109839,20240417,239,5,11,5,15,12606.96,189104.4,0.0,189104.4,97729.29
109840,20250704,95,8,9,6,15,8152.69,122290.35,6114.52,116175.83,45357.22
109841,20230222,227,2,5,7,8,576.14,4609.12,0.0,4609.12,2021.77
109842,20230731,75,12,4,1,11,1192.37,13116.07,0.0,13116.07,7049.03
109843,20231124,113,8,8,8,19,8152.69,154901.11,15490.11,139411.0,61390.52
109844,20230211,139,11,4,2,9,4866.69,43800.21,4380.02,39420.19,16447.86
109845,20251228,212,2,7,10,13,576.14,7489.82,0.0,7489.82,2847.4
109846,20250123,289,1,13,8,8,7004.72,56037.76,0.0,56037.76,25281.33
109847,20250714,165,6,9,10,17,8457.66,143780.22,0.0,143780.22,74561.18
109848,20240802,77,2,1,4,20,576.14,11522.8,576.14,10946.66,5124.45
109849,20251130,266,6,15,1,14,8457.66,118407.24,11840.72,106566.52,38770.57
109850,20250411,214,11,13,1,15,4866.69,73000.35,3650.02,69350.33,35683.03
109851,20240119,253,9,22,6,7,2112.21,14785.47,0.0,14785.47,7288.35
109852,20251008,298,9,20,4,2,2112.21,4224.42,422.44,3801.98,1761.84
109853,20251228,94,1,16,3,19,7004.72,133089.68,6654.48,126435.2,50182.78
109854,20240513,267,2,1,1,4,576.14,2304.56,345.68,1958.88,759.75
109855,20230924,144,1,17,5,7,7004.72,49033.04,0.0,49033.04,20439.92
109856,20231103,194,5,25,4,13,12606.96,163890.48,8194.52,155695.96,81735.17
109857,20241020,211,12,7,10,6,1192.37,7154.22,0.0,7154.22,3426.02
109858,20241104,12,6,10,6,13,8457.66,109949.58,5497.48,104452.1,47470.9
109859,20251202,148,9,18,3,1,2112.21,2112.21,211.22,1900.99,1005.46
109860,20241109,135,8,10,2,6,8152.69,48916.14,0.0,48916.14,18369.07
109861,20231102,115,5,8,6,15,12606.96,189104.4,28365.66,160738.74,59282.89
109862,20240829,90,12,10,8,7,1192.37,8346.59,834.66,7511.93,3619.9
109863,20230504,63,4,24,10,15,4210.9,63163.5,9474.52,53688.98,20703.74
109864,20240712,81,9,18,4,10,2112.21,21122.1,2112.21,19009.89,9628.33
109865,20250405,215,6,16,5,8,8457.66,67661.28,3383.06,64278.22,33933.33
109866,20240423,239,6,4,5,6,8457.66,50745.96,7611.89,43134.07,15199.69
109867,20231008,44,6,19,1,18,8457.66,152237.88,7611.89,144625.99,51998.48
109868,20250225,3,3,6,3,5,1648.77,8243.85,0.0,8243.85,3960.23
109869,20240417,87,11,23,10,3,4866.69,14600.07,0.0,14600.07,7578.16
109870,20240126,238,9,1,9,2,2112.21,4224.42,0.0,4224.42,1739.44
109871,20250417,143,3,19,10,8,1648.77,13190.16,659.51,12530.65,6518.43
109872,20241030,188,1,15,1,19,7004.72,133089.68,0.0,133089.68,67342.39
109873,20230116,20,12,23,6,17,1192.37,20270.29,0.0,20270.29,7613.27
109874,20240905,137,11,23,7,19,4866.69,92467.11,0.0,92467.11,33094.26
109875,20250224,52,1,17,3,12,7004.72,84056.64,0.0,84056.64,43026.12
109876,20230423,144,2,19,5,7,576.14,4032.98,201.65,3831.33,1342.36
109877,20250221,141,2,12,4,4,576.14,2304.56,460.91,1843.65,690.95
109878,20231007,94,3,10,3,4,1648.77,6595.08,0.0,6595.08,3247.55
109879,20231205,296,6,2,8,3,8457.66,25372.98,0.0,25372.98,10122.36
109880,20240203,81,12,25,4,4,1192.37,4769.48,0.0,4769.48,2220.35
109881,20231006,277,6,17,5,4,8457.66,33830.64,0.0,33830.64,13103.43
109882,20240423,163,1,6,2,5,7004.72,35023.6,0.0,35023.6,14141.02
109883,20230623,201,2,2,8,3,576.14,1728.42,86.42,1642.0,852.9
109884,20241126,115,11,5,6,3,4866.69,14600.07,0.0,14600.07,6893.23
109885,20251025,153,11,6,2,18,4866.69,87600.42,0.0,87600.42,35798.76
109886,20240520,166,2,23,9,20,576.14,11522.8,576.14,10946.66,5336.89
109887,20230908,293,8,20,2,18,8152.69,146748.42,22012.26,124736.16,55769.85
109888,20240509,12,11,4,6,20,4866.69,97333.8,9733.38,87600.42,43752.83
109889,20230730,56,6,9,2,7,8457.66,59203.62,5920.36,53283.26,27322.19
109890,20250702,27,2,22,9,10,576.14,5761.4,0.0,5761.4,3081.56
109891,20240909,287,9,5,4,1,2112.21,2112.21,105.61,2006.6,968.99
109892,20250218,75,11,21,1,1,4866.69,4866.69,243.33,4623.36,2187.92
109893,20240121,91,12,16,6,7,1192.37,8346.59,417.33,7929.26,3358.96
109894,20240223,234,3,12,5,5,1648.77,8243.85,0.0,8243.85,4532.05
109895,20241007,194,6,14,4,15,8457.66,126864.9,6343.24,120521.66,44462.45
109896,20250521,228,2,5,7,15,576.14,8642.1,864.21,7777.89,4205.46
109897,20240928,139,12,1,2,4,1192.37,4769.48,0.0,4769.48,2001.42
109898,20250711,67,6,7,1,8,8457.66,67661.28,3383.06,64278.22,24619.56
109899,20250720,23,8,22,9,7,8152.69,57068.83,0.0,57068.83,26321.82
109900,20251109,242,9,14,8,4,2112.21,8448.84,422.44,8026.4,4321.3
109901,20230505,70,12,5,9,18,1192.37,21462.66,2146.27,19316.39,7876.89
109902,20240703,8,3,13,10,3,1648.77,4946.31,247.32,4698.99,2011.33
109903,20251130,131,6,22,10,2,8457.66,16915.32,0.0,16915.32,8615.57
109904,20230924,85,6,18,4,9,8457.66,76118.94,3805.95,72312.99,34318.45
109905,20230206,209,1,10,9,11,7004.72,77051.92,7705.19,69346.73,34651.67
109906,20240116,225,9,3,9,10,2112.21,21122.1,3168.31,17953.79,9788.3
109907,20241130,223,5,20,10,15,12606.96,189104.4,18910.44,170193.96,88276.91
109908,20231026,298,2,6,4,13,576.14,7489.82,374.49,7115.33,2625.88
109909,20240514,115,5,12,6,8,12606.96,100855.68,0.0,100855.68,41305.55
109910,20240302,11,10,21,9,5,4677.47,23387.35,1169.37,22217.98,9792.37
109911,20251110,101,4,4,5,2,4210.9,8421.8,1684.36,6737.44,2595.67
109912,20230413,258,6,23,6,5,8457.66,42288.3,0.0,42288.3,17872.95
109913,20240613,174,10,17,7,1,4677.47,4677.47,935.49,3741.98,1502.94
109914,20230417,175,9,12,9,14,2112.21,29570.94,0.0,29570.94,13993.6
109915,20250116,41,10,16,9,9,4677.47,42097.23,4209.72,37887.51,19142.73
109916,20241208,18,5,10,7,10,12606.96,126069.6,18910.44,107159.16,52606.14
109917,20231014,9,10,12,9,9,4677.47,42097.23,0.0,42097.23,17010.45
109918,20230627,94,9,7,3,3,2112.21,6336.63,633.66,5702.97,2915.58
109919,20240806,299,5,9,6,5,12606.96,63034.8,0.0,63034.8,28537.87
109920,20231016,294,6,22,2,17,8457.66,143780.22,21567.03,122213.19,66967.72
109921,20240829,80,8,20,8,14,8152.69,114137.66,11413.77,102723.89,36025.52
109922,20240723,165,11,11,10,1,4866.69,4866.69,243.33,4623.36,2349.63
109923,20240914,227,9,21,7,13,2112.21,27458.73,2745.87,24712.86,8981.39
109924,20250608,101,9,18,5,6,2112.21,12673.26,633.66,12039.6,6424.62
109925,20230128,173,12,19,2,6,1192.37,7154.22,0.0,7154.22,2738.85
109926,20230904,259,10,24,2,10,4677.47,46774.7,0.0,46774.7,18659.65
109927,20230804,43,7,13,1,12,11044.9,132538.8,13253.88,119284.92,61746.71
109928,20250310,115,11,14,6,8,4866.69,38933.52,0.0,38933.52,20906.16
109929,20240827,99,4,11,4,19,4210.9,80007.1,12001.07,68006.03,24353.46
109930,20241214,203,5,1,7,15,12606.96,189104.4,18910.44,170193.96,80997.49
109931,20241105,207,10,10,7,3,4677.47,14032.41,0.0,14032.41,6005.59
109932,20250626,108,6,20,8,5,8457.66,42288.3,4228.83,38059.47,14806.45
109933,20250223,77,6,25,4,16,8457.66,135322.56,20298.38,115024.18,46286.87
109934,20230727,202,2,14,4,12,576.14,6913.68,345.68,6568.0,2815.42
109935,20241008,238,7,10,9,1,11044.9,11044.9,0.0,11044.9,4403.86
109936,20250102,175,9,13,9,4,2112.21,8448.84,422.44,8026.4,2944.46
109937,20250515,293,7,15,2,19,11044.9,209853.1,0.0,209853.1,82911.87
109938,20240112,144,10,21,5,14,4677.47,65484.58,9822.69,55661.89,22004.24
109939,20240803,103,7,20,10,6,11044.9,66269.4,3313.47,62955.93,26007.83
109940,20241206,213,3,23,4,17,1648.77,28029.09,0.0,28029.09,12594.23
109941,20240805,228,8,21,7,10,8152.69,81526.9,0.0,81526.9,40549.27
109942,20240402,127,7,24,8,2,11044.9,22089.8,0.0,22089.8,11953.15
109943,20250520,245,7,25,7,2,11044.9,22089.8,0.0,22089.8,8980.63
109944,20241116,19,4,11,1,18,4210.9,75796.2,7579.62,68216.58,34516.29
109945,20230724,220,11,24,1,12,4866.69,58400.28,8760.04,49640.24,23439.79
109946,20230424,202,2,17,4,10,576.14,5761.4,0.0,5761.4,2655.11
109947,20251008,193,1,17,3,12,7004.72,84056.64,12608.5,71448.14,37891.5
109948,20240918,220,1,7,1,13,7004.72,91061.36,13659.2,77402.16,30228.66
109949,20231213,145,3,18,8,14,1648.77,23082.78,1154.14,21928.64,8305.01
109950,20230721,73,2,15,2,8,576.14,4609.12,230.46,4378.66,2187.39
109951,20241120,223,7,15,10,8,11044.9,88359.2,17671.84,70687.36,25530.48
109952,20230401,251,3,16,4,16,1648.77,26380.32,2638.03,23742.29,12711.96
109953,20240204,212,6,23,10,15,8457.66,126864.9,6343.24,120521.66,64902.47
109954,20250730,222,7,12,8,16,11044.9,176718.4,8835.92,167882.48,72749.33
109955,20230227,81,3,13,4,4,1648.77,6595.08,989.26,5605.82,2701.15
109956,20230918,101,5,19,5,9,12606.96,113462.64,11346.26,102116.38,42671.44
109957,20250707,90,5,23,8,9,12606.96,113462.64,5673.13,107789.51,39609.26
109958,20250531,139,9,23,2,6,2112.21,12673.26,633.66,12039.6,4939.25
109959,20251211,38,1,19,5,20,7004.72,140094.4,21014.16,119080.24,49780.23
109960,20250906,263,2,18,10,8,576.14,4609.12,0.0,4609.12,2201.14
109961,20230204,252,1,8,1,8,7004.72,56037.76,5603.78,50433.98,21189.49
109962,20250505,248,1,11,10,7,7004.72,49033.04,4903.3,44129.74,21159.08
109963,20230324,273,6,3,4,20,8457.66,169153.2,8457.66,160695.54,73697.81
109964,20250228,30,7,19,9,13,11044.9,143583.7,14358.37,129225.33,53178.46
109965,20250115,214,12,19,1,3,1192.37,3577.11,0.0,3577.11,1854.69
109966,20230128,278,10,15,2,12,4677.47,56129.64,2806.48,53323.16,20933.71
109967,20230227,133,1,10,7,9,7004.72,63042.48,0.0,63042.48,26965.53
109968,20250322,208,11,21,4,4,4866.69,19466.76,0.0,19466.76,6827.28
109969,20240216,168,5,17,10,12,12606.96,151283.52,0.0,151283.52,81257.87
109970,20230630,7,5,17,2,1,12606.96,12606.96,630.35,11976.61,6390.47
109971,20241006,245,5,22,7,19,12606.96,239532.24,11976.61,227555.63,112028.82
109972,20250107,272,12,9,6,2,1192.37,2384.74,0.0,2384.74,1198.66
109973,20240514,257,8,3,7,7,8152.69,57068.83,2853.44,54215.39,25463.58
109974,20231019,235,10,23,8,8,4677.47,37419.76,0.0,37419.76,15201.98
109975,20240622,138,6,18,4,20,8457.66,169153.2,0.0,169153.2,88282.59
109976,20250615,104,11,2,7,4,4866.69,19466.76,973.34,18493.42,8693.56
109977,20230928,203,2,25,7,9,576.14,5185.26,518.53,4666.73,2373.73
109978,20250630,266,3,10,1,12,1648.77,19785.24,1978.52,17806.72,7663.49
109979,20240412,223,4,2,10,12,4210.9,50530.8,0.0,50530.8,22909.34
109980,20230621,211,4,15,10,20,4210.9,84218.0,4210.9,80007.1,31660.08
109981,20230702,236,4,7,6,7,4210.9,29476.3,5895.26,23581.04,10893.88
109982,20241222,203,9,21,7,8,2112.21,16897.68,0.0,16897.68,8496.42
109983,20241113,230,1,24,2,2,7004.72,14009.44,1400.94,12608.5,5243.25
109984,20230311,125,5,7,3,4,12606.96,50427.84,10085.57,40342.27,17576.37
109985,20231229,103,12,11,10,13,1192.37,15500.81,0.0,15500.81,8069.7
109986,20240620,100,4,12,8,15,4210.9,63163.5,0.0,63163.5,32169.7
109987,20230203,166,8,10,9,20,8152.69,163053.8,0.0,163053.8,59314.43
109988,20251231,218,1,13,2,17,7004.72,119080.24,0.0,119080.24,56237.86
109989,20230930,262,8,2,2,5,8152.69,40763.45,8152.69,32610.76,13827.27
109990,20240926,168,4,4,10,2,4210.9,8421.8,421.09,8000.71,3823.1
109991,20230424,245,1,1,7,19,7004.72,133089.68,0.0,133089.68,61198.59
109992,20250612,239,5,9,5,8,12606.96,100855.68,5042.78,95812.9,39722.02
109993,20240407,143,6,21,10,16,8457.66,135322.56,20298.38,115024.18,49609.75
109994,20230820,186,11,21,4,14,4866.69,68133.66,0.0,68133.66,29151.93
109995,20250415,42,1,25,6,3,7004.72,21014.16,2101.42,18912.74,9211.21
109996,20240312,36,3,7,10,1,1648.77,1648.77,0.0,1648.77,708.67
109997,20231123,219,9,10,9,15,2112.21,31683.15,0.0,31683.15,17332.81
109998,20230626,211,10,2,10,7,4677.47,32742.29,0.0,32742.29,12817.03
109999,20240710,66,1,13,3,5,7004.72,35023.6,1751.18,33272.42,15705.85
110000,20251215,5,5,5,10,10,12606.96,126069.6,18910.44,107159.16,49389.19
110001,20230724,40,11,14,2,17,4866.69,82733.73,8273.37,74460.36,37001.15
110002,20231124,38,2,10,5,8,576.14,4609.12,230.46,4378.66,1966.51
110003,20241209,271,8,8,3,7,8152.69,57068.83,11413.77,45655.06,22766.5
110004,20240625,198,7,16,7,14,11044.9,154628.6,23194.29,131434.31,56496.46
110005,20230921,107,1,1,6,16,7004.72,112075.52,0.0,112075.52,39554.15
110006,20251031,232,8,10,6,14,8152.69,114137.66,11413.77,102723.89,41474.83
110007,20251105,175,1,17,9,17,7004.72,119080.24,17862.04,101218.2,42957.36
110008,20250712,16,5,9,4,11,12606.96,138676.56,13867.66,124808.9,50016.38
110009,20240518,189,11,17,1,18,4866.69,87600.42,17520.08,70080.34,33339.72
110010,20231219,50,1,19,7,9,7004.72,63042.48,0.0,63042.48,28923.13
110011,20241214,145,11,15,8,19,4866.69,92467.11,4623.36,87843.75,35383.29
110012,20251112,262,4,1,2,4,4210.9,16843.6,842.18,16001.42,8256.64
110013,20230412,275,1,25,6,15,7004.72,105070.8,0.0,105070.8,51795.85
110014,20240326,294,4,22,2,19,4210.9,80007.1,4000.36,76006.74,32085.3
110015,20250208,232,7,1,6,1,11044.9,11044.9,1656.73,9388.17,4608.11
110016,20240107,246,1,19,9,17,7004.72,119080.24,0.0,119080.24,65026.05
110017,20241118,150,12,17,6,19,1192.37,22655.03,3398.25,19256.78,7894.55
110018,20240208,111,9,21,7,1,2112.21,2112.21,316.83,1795.38,760.22
110019,20250421,119,5,15,10,3,12606.96,37820.88,5673.13,32147.75,15680.06
110020,20251011,258,1,9,6,15,7004.72,105070.8,10507.08,94563.72,48292.44
110021,20230507,177,11,22,2,10,4866.69,48666.9,0.0,48666.9,24695.49
110022,20231218,190,9,6,4,9,2112.21,19009.89,950.49,18059.4,7357.41
110023,20230114,286,8,9,10,11,8152.69,89679.59,4483.98,85195.61,31466.41
110024,20251103,294,4,4,2,2,4210.9,8421.8,0.0,8421.8,4444.72
110025,20250307,267,7,20,1,9,11044.9,99404.1,9940.41,89463.69,32484.6
110026,20240726,43,7,11,1,16,11044.9,176718.4,0.0,176718.4,65517.19
110027,20251018,283,11,15,3,10,4866.69,48666.9,9733.38,38933.52,19631.1
110028,20230831,16,6,13,4,14,8457.66,118407.24,0.0,118407.24,44514.05
110029,20240101,142,7,7,1,2,11044.9,22089.8,0.0,22089.8,11123.79
110030,20251006,278,12,14,2,11,1192.37,13116.07,1311.61,11804.46,4922.97
110031,20250224,215,7,15,5,7,11044.9,77314.3,3865.72,73448.58,37149.02
110032,20240324,75,2,4,1,6,576.14,3456.84,0.0,3456.84,1598.25
110033,20230618,184,5,16,9,20,12606.96,252139.2,12606.96,239532.24,108133.6
110034,20240903,136,12,23,3,4,1192.37,4769.48,238.47,4531.01,1901.29
110035,20250421,263,4,23,10,6,4210.9,25265.4,1263.27,24002.13,10411.99
110036,20231017,273,10,21,4,2,4677.47,9354.94,467.75,8887.19,4738.54
110037,20250920,57,1,12,9,19,7004.72,133089.68,6654.48,126435.2,68896.05
110038,20240209,116,12,20,4,17,1192.37,20270.29,0.0,20270.29,8901.51
110039,20240517,78,8,6,8,5,8152.69,40763.45,0.0,40763.45,19964.14
110040,20250929,162,9,24,3,4,2112.21,8448.84,0.0,8448.84,3183.48
110041,20250310,229,2,17,5,12,576.14,6913.68,0.0,6913.68,2790.92
110042,20250623,227,8,4,7,13,8152.69,105984.97,0.0,105984.97,51675.79
110043,20240211,269,1,20,9,13,7004.72,91061.36,0.0,91061.36,45270.41
110044,20250809,262,7,25,2,4,11044.9,44179.6,0.0,44179.6,22064.45
110045,20230515,290,3,18,8,8,1648.77,13190.16,1319.02,11871.14,4820.86
110046,20240703,19,3,14,1,2,1648.77,3297.54,329.75,2967.79,1565.16
110047,20240405,171,11,18,6,18,4866.69,87600.42,8760.04,78840.38,34919.33
110048,20240310,192,11,10,1,2,4866.69,9733.38,1460.01,8273.37,4433.35
110049,20251108,162,9,10,3,6,2112.21,12673.26,1267.33,11405.93,4675.39
110050,20250112,129,10,6,8,17,4677.47,79516.99,3975.85,75541.14,40430.47
110051,20241125,222,8,11,8,8,8152.69,65221.52,6522.15,58699.37,25350.26
110052,20251124,40,5,11,2,7,12606.96,88248.72,8824.87,79423.85,40914.79
110053,20240920,45,4,24,3,7,4210.9,29476.3,1473.82,28002.48,10854.32
110054,20231221,203,11,10,7,2,4866.69,9733.38,486.67,9246.71,4347.26
110055,20240904,159,5,18,4,19,12606.96,239532.24,47906.45,191625.79,96500.15
110056,20231026,13,9,10,2,5,2112.21,10561.05,1056.11,9504.94,3770.87
110057,20230812,293,3,3,2,11,1648.77,18136.47,906.82,17229.65,8332.37
110058,20250526,132,12,9,7,17,1192.37,20270.29,2027.03,18243.26,6980.5
110059,20250606,41,3,1,9,11,1648.77,18136.47,0.0,18136.47,9559.48
110060,20250705,15,1,4,6,19,7004.72,133089.68,0.0,133089.68,50782.52
110061,20240808,219,6,5,9,3,8457.66,25372.98,1268.65,24104.33,12224.14
110062,20231107,181,7,5,10,9,11044.9,99404.1,0.0,99404.1,43958.69
110063,20231110,80,12,2,8,14,1192.37,16693.18,834.66,15858.52,6661.61
110064,20250121,213,11,21,4,14,4866.69,68133.66,6813.37,61320.29,22122.83
110065,20240124,226,1,15,2,2,7004.72,14009.44,0.0,14009.44,5046.42
110066,20250206,187,8,25,10,12,8152.69,97832.28,0.0,97832.28,44173.99
110067,20251218,67,6,25,1,15,8457.66,126864.9,6343.24,120521.66,58761.01
110068,20250728,48,2,16,5,3,576.14,1728.42,172.84,1555.58,758.71
110069,20241218,207,10,4,7,3,4677.47,14032.41,1403.24,12629.17,5613.5
110070,20230615,257,9,16,7,11,2112.21,23234.31,3485.15,19749.16,8906.43
110071,20230701,185,9,19,5,4,2112.21,8448.84,422.44,8026.4,4258.91
110072,20231012,121,10,7,4,15,4677.47,70162.05,3508.1,66653.95,24089.14
110073,20250806,35,10,12,5,16,4677.47,74839.52,0.0,74839.52,39036.69
110074,20231229,55,1,2,4,1,7004.72,7004.72,0.0,7004.72,3134.16
110075,20230524,293,5,2,2,14,12606.96,176497.44,17649.74,158847.7,84054.17
110076,20251122,174,10,2,7,2,4677.47,9354.94,0.0,9354.94,4105.32
110077,20230109,278,7,3,2,10,11044.9,110449.0,5522.45,104926.55,41031.64
110078,20230618,28,3,15,4,10,1648.77,16487.7,0.0,16487.7,7323.37
110079,20251102,100,8,21,8,14,8152.69,114137.66,0.0,114137.66,45358.36
110080,20240717,242,1,3,8,5,7004.72,35023.6,0.0,35023.6,12384.37
110081,20250128,209,12,23,9,6,1192.37,7154.22,1430.84,5723.38,2150.63
110082,20250305,84,4,13,2,5,4210.9,21054.5,0.0,21054.5,7764.55
110083,20240420,149,3,4,10,9,1648.77,14838.93,1483.89,13355.04,6862.35
110084,20250614,118,1,5,2,19,7004.72,133089.68,6654.48,126435.2,69529.6
110085,20251025,57,2,18,9,1,576.14,576.14,0.0,576.14,269.41
110086,20251202,279,6,7,7,12,8457.66,101491.92,5074.6,96417.32,37445.76
110087,20241216,259,3,22,2,14,1648.77,23082.78,0.0,23082.78,12273.07
110088,20240731,229,9,17,5,17,2112.21,35907.57,5386.14,30521.43,12495.57
110089,20230913,267,8,18,1,4,8152.69,32610.76,3261.08,29349.68,11524.75
110090,20230904,252,3,7,1,5,1648.77,8243.85,412.19,7831.66,2988.17
110091,20240405,94,12,23,3,15,1192.37,17885.55,0.0,17885.55,6591.45
110092,20240221,272,8,2,6,12,8152.69,97832.28,14674.84,83157.44,33855.29
110093,20240730,14,6,23,4,10,8457.66,84576.6,4228.83,80347.77,33776.35
110094,20240110,152,2,7,9,14,576.14,8065.96,1613.19,6452.77,3058.07
110095,20250903,18,3,24,7,10,1648.77,16487.7,824.39,15663.31,8455.31
110096,20240722,54,1,23,8,16,7004.72,112075.52,16811.33,95264.19,42334.9
110097,20250729,264,10,14,6,16,4677.47,74839.52,7483.95,67355.57,33538.29
110098,20250222,6,1,9,9,11,7004.72,77051.92,7705.19,69346.73,28485.1
110099,20251017,145,3,16,8,12,1648.77,19785.24,0.0,19785.24,7774.07
110100,20240301,86,7,23,7,19,11044.9,209853.1,31477.97,178375.13,69606.23
110101,20231029,131,5,9,10,19,12606.96,239532.24,35929.84,203602.4,100727.28
110102,20230904,84,3,13,2,19,1648.77,31326.63,0.0,31326.63,11422.41
110103,20240510,214,10,6,1,2,4677.47,9354.94,0.0,9354.94,3454.59
110104,20231022,178,12,17,5,12,1192.37,14308.44,0.0,14308.44,5900.74
110105,20230415,69,10,16,4,1,4677.47,4677.47,233.87,4443.6,2067.04
110106,20240428,260,12,20,6,16,1192.37,19077.92,0.0,19077.92,8338.13
110107,20240616,18,2,7,7,16,576.14,9218.24,0.0,9218.24,4285.99
110108,20251020,286,3,14,10,8,1648.77,13190.16,1978.52,11211.64,4776.71
110109,20230916,135,7,3,2,1,11044.9,11044.9,0.0,11044.9,5889.72
110110,20240514,58,9,1,3,10,2112.21,21122.1,2112.21,19009.89,9606.83
110111,20240806,14,6,2,4,11,8457.66,93034.26,9303.43,83730.83,34889.7
110112,20240713,7,7,25,2,2,11044.9,22089.8,0.0,22089.8,9189.78
110113,20231127,237,1,13,7,3,7004.72,21014.16,0.0,21014.16,8876.36
110114,20230430,51,8,4,3,20,8152.69,163053.8,8152.69,154901.11,61794.18
110115,20231102,285,2,15,3,16,576.14,9218.24,1843.65,7374.59,2967.67
110116,20251210,160,8,19,3,15,8152.69,122290.35,0.0,122290.35,47991.92
110117,20230829,186,12,10,4,11,1192.37,13116.07,1967.41,11148.66,5569.69
110118,20250512,154,4,24,9,8,4210.9,33687.2,3368.72,30318.48,14185.44
110119,20230925,267,9,8,1,13,2112.21,27458.73,2745.87,24712.86,12776.73
110120,20230104,21,10,15,9,9,4677.47,42097.23,4209.72,37887.51,19702.56
110121,20250430,283,3,25,3,18,1648.77,29677.86,2967.79,26710.07,13143.43
110122,20251002,181,8,4,10,19,8152.69,154901.11,15490.11,139411.0,63903.06
110123,20250730,96,11,25,5,7,4866.69,34066.83,0.0,34066.83,14915.45
110124,20241211,243,9,14,10,4,2112.21,8448.84,0.0,8448.84,4409.86
110125,20240531,52,12,7,3,1,1192.37,1192.37,0.0,1192.37,619.31
110126,20240223,83,3,1,5,14,1648.77,23082.78,0.0,23082.78,8900.3
110127,20250510,220,8,6,1,20,8152.69,163053.8,32610.76,130443.04,51926.71
110128,20230623,157,12,3,8,1,1192.37,1192.37,0.0,1192.37,537.31
110129,20231230,207,4,24,7,17,4210.9,71585.3,7158.53,64426.77,24825.45
110130,20241001,79,9,2,8,8,2112.21,16897.68,0.0,16897.68,6276.81
110131,20231127,87,12,14,10,11,1192.37,13116.07,655.8,12460.27,5672.39
110132,20250623,237,3,19,7,6,1648.77,9892.62,0.0,9892.62,4513.5
110133,20250518,120,7,17,9,4,11044.9,44179.6,0.0,44179.6,15616.17
110134,20240326,77,6,5,4,14,8457.66,118407.24,0.0,118407.24,43064.15
110135,20230701,277,11,4,5,6,4866.69,29200.14,4380.02,24820.12,9900.41
110136,20230203,246,4,17,9,17,4210.9,71585.3,10737.8,60847.5,32650.12
110137,20230506,40,11,5,2,6,4866.69,29200.14,0.0,29200.14,11761.31
110138,20240212,213,6,5,4,4,8457.66,33830.64,0.0,33830.64,12055.46
110139,20240712,171,3,2,6,12,1648.77,19785.24,1978.52,17806.72,6354.98
110140,20230613,35,10,21,5,15,4677.47,70162.05,0.0,70162.05,31635.35
110141,20251111,191,11,4,10,3,4866.69,14600.07,2920.01,11680.06,4235.69
110142,20241023,12,11,23,6,10,4866.69,48666.9,0.0,48666.9,25075.92
110143,20241204,31,2,4,2,6,576.14,3456.84,518.53,2938.31,1296.16
110144,20241109,31,9,6,2,13,2112.21,27458.73,1372.94,26085.79,9346.78
110145,20230423,249,4,18,3,1,4210.9,4210.9,210.54,4000.36,1871.68
110146,20240805,124,8,4,10,20,8152.69,163053.8,0.0,163053.8,66064.8
110147,20230815,156,2,9,5,13,576.14,7489.82,748.98,6740.84,3035.65
110148,20230905,254,6,25,7,14,8457.66,118407.24,0.0,118407.24,54846.74
110149,20240410,152,9,24,9,8,2112.21,16897.68,0.0,16897.68,7928.89
110150,20231123,240,6,8,3,14,8457.66,118407.24,11840.72,106566.52,43717.33
110151,20250826,29,6,6,1,8,8457.66,67661.28,6766.13,60895.15,32777.48
110152,20240922,244,6,1,10,19,8457.66,160695.54,24104.33,136591.21,72221.83
110153,20240131,183,12,14,5,7,1192.37,8346.59,1251.99,7094.6,3018.24
110154,20240707,18,11,21,7,12,4866.69,58400.28,2920.01,55480.27,23086.29
110155,20230530,52,9,12,3,12,2112.21,25346.52,1267.33,24079.19,8836.41
110156,20230217,227,8,12,7,16,8152.69,130443.04,6522.15,123920.89,65603.53
110157,20230927,237,2,2,7,13,576.14,7489.82,0.0,7489.82,2671.95
110158,20231220,17,4,1,8,16,4210.9,67374.4,0.0,67374.4,33068.66
110159,20241215,120,9,13,9,17,2112.21,35907.57,0.0,35907.57,16162.78
110160,20241021,240,9,1,3,1,2112.21,2112.21,211.22,1900.99,1019.33
110161,20250225,60,7,20,2,1,11044.9,11044.9,0.0,11044.9,5015.98
110162,20240517,134,12,15,5,11,1192.37,13116.07,0.0,13116.07,6548.75
110163,20240901,269,2,9,9,10,576.14,5761.4,864.21,4897.19,1946.12
110164,20240620,144,7,24,5,20,11044.9,220898.0,0.0,220898.0,94935.6
110165,20250428,111,10,12,7,4,4677.47,18709.88,935.49,17774.39,8697.32
110166,20230809,117,9,8,4,7,2112.21,14785.47,0.0,14785.47,7246.6
110167,20240915,41,6,11,9,6,8457.66,50745.96,2537.3,48208.66,25013.4
110168,20231123,237,8,16,7,15,8152.69,122290.35,0.0,122290.35,51839.13
110169,20250422,61,7,1,7,2,11044.9,22089.8,0.0,22089.8,8192.69
110170,20240511,253,9,15,6,3,2112.21,6336.63,633.66,5702.97,2613.05
110171,20250802,269,11,19,9,6,4866.69,29200.14,1460.01,27740.13,11048.71
110172,20230428,231,8,5,3,11,8152.69,89679.59,4483.98,85195.61,30647.3
110173,20230417,3,7,6,3,11,11044.9,121493.9,0.0,121493.9,66751.59
110174,20240710,210,12,13,4,13,1192.37,15500.81,0.0,15500.81,8164.9
110175,20230104,214,9,19,1,1,2112.21,2112.21,316.83,1795.38,950.89
110176,20250114,190,12,6,4,17,1192.37,20270.29,1013.51,19256.78,9630.44
110177,20250721,102,8,21,2,18,8152.69,146748.42,0.0,146748.42,64332.35
110178,20230123,135,2,19,2,1,576.14,576.14,0.0,576.14,232.56
110179,20230905,211,11,25,10,4,4866.69,19466.76,973.34,18493.42,10166.78
110180,20240126,256,10,21,2,15,4677.47,70162.05,7016.21,63145.84,22507.33
110181,20230131,169,4,7,8,2,4210.9,8421.8,0.0,8421.8,3942.97
110182,20241106,64,9,14,9,10,2112.21,21122.1,1056.11,20065.99,8060.0
110183,20250202,163,1,6,2,7,7004.72,49033.04,0.0,49033.04,24813.17
110184,20240824,139,8,4,2,12,8152.69,97832.28,14674.84,83157.44,35061.9
110185,20240322,243,2,11,10,1,576.14,576.14,0.0,576.14,231.22
110186,20251120,114,9,5,6,14,2112.21,29570.94,1478.55,28092.39,14476.15
110187,20230617,74,1,5,7,4,7004.72,28018.88,4202.83,23816.05,12180.06
110188,20250408,89,1,16,7,14,7004.72,98066.08,9806.61,88259.47,40997.7
110189,20251005,161,11,15,7,4,4866.69,19466.76,1946.68,17520.08,7903.52
110190,20250707,73,6,1,2,1,8457.66,8457.66,422.88,8034.78,3768.79
110191,20240516,217,6,17,3,15,8457.66,126864.9,12686.49,114178.41,54653.73
110192,20240618,76,11,7,3,4,4866.69,19466.76,973.34,18493.42,6873.59
110193,20230117,286,2,16,10,17,576.14,9794.38,0.0,9794.38,5378.99
110194,20241106,235,2,20,8,2,576.14,1152.28,57.61,1094.67,426.29
110195,20250419,218,12,4,2,16,1192.37,19077.92,3815.58,15262.34,6442.23
110196,20251104,44,9,17,1,8,2112.21,16897.68,1689.77,15207.91,7859.61
110197,20230214,216,2,21,3,15,576.14,8642.1,0.0,8642.1,4670.29
110198,20241129,29,8,12,1,18,8152.69,146748.42,0.0,146748.42,57106.33
110199,20230827,246,9,6,9,14,2112.21,29570.94,0.0,29570.94,10694.63
110200,20240208,139,11,9,2,10,4866.69,48666.9,0.0,48666.9,17631.31
110201,20251125,268,6,23,2,11,8457.66,93034.26,4651.71,88382.55,47903.81
110202,20230426,262,8,15,2,4,8152.69,32610.76,1630.54,30980.22,15981.44
110203,20250212,127,6,16,8,19,8457.66,160695.54,0.0,160695.54,62500.09
110204,20251105,36,9,14,10,17,2112.21,35907.57,0.0,35907.57,13005.71
110205,20250815,105,9,24,4,13,2112.21,27458.73,0.0,27458.73,11202.43
110206,20250630,2,2,4,5,5,576.14,2880.7,576.14,2304.56,1181.06
110207,20240102,269,10,15,9,5,4677.47,23387.35,0.0,23387.35,10861.52
110208,20250630,209,2,20,9,8,576.14,4609.12,0.0,4609.12,2106.32
110209,20250829,196,1,4,8,8,7004.72,56037.76,0.0,56037.76,27611.36
110210,20251228,220,3,9,1,12,1648.77,19785.24,0.0,19785.24,10558.1
110211,20241005,253,2,18,6,5,576.14,2880.7,288.07,2592.63,1081.44
110212,20240105,234,2,23,5,1,576.14,576.14,28.81,547.33,220.01
110213,20250516,224,6,14,10,12,8457.66,101491.92,5074.6,96417.32,34372.83
110214,20240112,297,2,21,9,2,576.14,1152.28,0.0,1152.28,505.28
110215,20250713,100,7,10,8,12,11044.9,132538.8,6626.94,125911.86,68648.39
110216,20231123,41,12,6,9,10,1192.37,11923.7,596.19,11327.51,5615.64
110217,20250701,222,11,10,8,3,4866.69,14600.07,0.0,14600.07,6494.68
110218,20231006,63,11,8,10,3,4866.69,14600.07,1460.01,13140.06,6231.35
110219,20240521,299,7,17,6,8,11044.9,88359.2,8835.92,79523.28,41689.03
110220,20230408,87,9,6,10,19,2112.21,40131.99,2006.6,38125.39,17047.69
110221,20231228,92,1,16,8,3,7004.72,21014.16,2101.42,18912.74,9052.06
110222,20240317,188,1,21,1,8,7004.72,56037.76,0.0,56037.76,24238.64
110223,20240811,148,10,5,3,16,4677.47,74839.52,3741.98,71097.54,30947.18
110224,20250912,143,5,16,10,7,12606.96,88248.72,0.0,88248.72,36003.4
110225,20250713,59,10,11,6,12,4677.47,56129.64,0.0,56129.64,28180.34
110226,20250610,277,5,16,5,6,12606.96,75641.76,15128.35,60513.41,29493.35
110227,20230328,134,2,24,5,6,576.14,3456.84,518.53,2938.31,1082.93
110228,20251020,57,8,3,9,13,8152.69,105984.97,21196.99,84787.98,39680.77
110229,20240810,140,5,6,10,18,12606.96,226925.28,0.0,226925.28,96602.94
110230,20231222,140,8,2,10,1,8152.69,8152.69,0.0,8152.69,3807.18
110231,20250130,165,12,23,10,9,1192.37,10731.33,2146.27,8585.06,3810.75
110232,20230825,85,1,2,4,15,7004.72,105070.8,0.0,105070.8,56991.12
110233,20250223,285,1,18,3,2,7004.72,14009.44,0.0,14009.44,6474.21
110234,20240706,73,4,20,2,20,4210.9,84218.0,4210.9,80007.1,35008.77
110235,20250913,164,4,5,9,20,4210.9,84218.0,4210.9,80007.1,36585.71
110236,20230727,283,8,23,3,11,8152.69,89679.59,4483.98,85195.61,30691.62
110237,20251025,272,5,4,6,19,12606.96,239532.24,23953.22,215579.02,108111.01
110238,20240926,263,3,9,10,14,1648.77,23082.78,2308.28,20774.5,10107.37
110239,20230825,35,9,17,5,1,2112.21,2112.21,211.22,1900.99,941.14
110240,20250401,232,1,23,6,1,7004.72,7004.72,350.24,6654.48,3328.76
110241,20240315,277,5,16,5,8,12606.96,100855.68,5042.78,95812.9,34096.27
110242,20250322,126,8,1,1,15,8152.69,122290.35,0.0,122290.35,56548.65
110243,20230316,288,3,5,8,13,1648.77,21434.01,0.0,21434.01,8565.74
110244,20230405,176,5,13,10,10,12606.96,126069.6,6303.48,119766.12,65228.23
110245,20230211,58,8,12,3,6,8152.69,48916.14,4891.61,44024.53,15947.7
110246,20230117,37,8,12,3,12,8152.69,97832.28,0.0,97832.28,45825.89
110247,20240502,167,8,18,7,4,8152.69,32610.76,0.0,32610.76,12400.61
110248,20250824,249,1,3,3,12,7004.72,84056.64,0.0,84056.64,45545.27
110249,20251202,254,10,5,7,18,4677.47,84194.46,0.0,84194.46,39339.58
110250,20230912,79,4,17,8,4,4210.9,16843.6,1684.36,15159.24,5549.29
110251,20251001,143,11,2,10,2,4866.69,9733.38,973.34,8760.04,3507.57
110252,20231021,198,3,18,7,9,1648.77,14838.93,0.0,14838.93,8040.09
110253,20250923,197,1,24,2,7,7004.72,49033.04,0.0,49033.04,21808.85
110254,20231011,143,5,5,10,10,12606.96,126069.6,12606.96,113462.64,43620.4
110255,20231011,81,7,10,4,16,11044.9,176718.4,0.0,176718.4,92398.89
110256,20240516,113,5,24,8,8,12606.96,100855.68,0.0,100855.68,42939.75
110257,20240320,93,3,5,10,15,1648.77,24731.55,0.0,24731.55,9152.17
110258,20241225,271,4,10,3,9,4210.9,37898.1,3789.81,34108.29,12426.44
110259,20250723,113,1,20,8,17,7004.72,119080.24,11908.02,107172.22,52415.9
110260,20251121,43,12,24,1,19,1192.37,22655.03,2265.5,20389.53,10958.43
110261,20240814,73,5,4,2,6,12606.96,75641.76,3782.09,71859.67,39252.25
110262,20241230,253,6,6,6,5,8457.66,42288.3,2114.42,40173.88,18144.79
110263,20231102,16,10,8,4,19,4677.47,88871.93,4443.6,84428.33,33969.57
110264,20230315,14,10,6,4,20,4677.47,93549.4,0.0,93549.4,41025.24
110265,20251228,189,2,9,1,12,576.14,6913.68,0.0,6913.68,3484.62
110266,20240930,146,5,24,6,10,12606.96,126069.6,0.0,126069.6,69232.13
110267,20250806,114,8,5,6,14,8152.69,114137.66,5706.88,108430.78,41498.17
110268,20240418,105,5,18,4,7,12606.96,88248.72,0.0,88248.72,42772.69
110269,20250131,230,11,21,2,8,4866.69,38933.52,1946.68,36986.84,15462.53
110270,20240419,101,2,4,5,13,576.14,7489.82,0.0,7489.82,2791.99
110271,20250510,130,6,13,10,20,8457.66,169153.2,0.0,169153.2,90002.84
110272,20250626,18,6,16,7,4,8457.66,33830.64,3383.06,30447.58,13572.45
110273,20250110,45,11,18,3,8,4866.69,38933.52,5840.03,33093.49,16806.63
110274,20240408,119,6,13,10,6,8457.66,50745.96,5074.6,45671.36,21953.31
110275,20250131,173,1,4,2,7,7004.72,49033.04,0.0,49033.04,22565.43
110276,20230820,29,12,24,1,8,1192.37,9538.96,953.9,8585.06,3147.56
110277,20240422,226,4,22,2,5,4210.9,21054.5,0.0,21054.5,10156.07
110278,20230920,68,1,3,10,15,7004.72,105070.8,0.0,105070.8,53986.22
110279,20231225,65,11,14,5,2,4866.69,9733.38,1946.68,7786.7,3343.31
110280,20250317,285,12,24,3,14,1192.37,16693.18,834.66,15858.52,5552.81
110281,20250911,9,10,20,9,14,4677.47,65484.58,6548.46,58936.12,27039.14
110282,20250414,117,10,24,4,20,4677.47,93549.4,4677.47,88871.93,39157.08
110283,20250529,288,2,19,8,6,576.14,3456.84,172.84,3284.0,1649.37
110284,20230615,45,1,5,3,20,7004.72,140094.4,21014.16,119080.24,48946.58
110285,20240301,270,4,11,10,1,4210.9,4210.9,421.09,3789.81,1512.0
110286,20250626,189,4,5,1,20,4210.9,84218.0,8421.8,75796.2,35724.32
110287,20251022,203,4,22,7,5,4210.9,21054.5,0.0,21054.5,11268.04
110288,20240511,7,7,11,2,7,11044.9,77314.3,0.0,77314.3,30727.04
110289,20250313,37,2,22,3,18,576.14,10370.52,0.0,10370.52,4270.8
110290,20230816,38,6,3,5,13,8457.66,109949.58,0.0,109949.58,53912.11
110291,20240531,212,6,20,10,5,8457.66,42288.3,0.0,42288.3,18313.82
110292,20250206,242,9,5,8,14,2112.21,29570.94,1478.55,28092.39,10123.27
110293,20230131,2,5,15,5,1,12606.96,12606.96,0.0,12606.96,4816.52
110294,20230324,7,9,17,2,18,2112.21,38019.78,0.0,38019.78,20418.8
110295,20240124,289,2,7,8,9,576.14,5185.26,259.26,4926.0,1965.64
110296,20230213,187,4,18,10,17,4210.9,71585.3,3579.27,68006.03,32775.38
110297,20240329,52,3,20,3,1,1648.77,1648.77,0.0,1648.77,866.79
110298,20240711,83,9,5,5,8,2112.21,16897.68,1689.77,15207.91,5701.59
110299,20230310,44,1,22,1,20,7004.72,140094.4,21014.16,119080.24,45209.55
110300,20240228,273,3,3,4,5,1648.77,8243.85,824.39,7419.46,3810.01
110301,20230713,21,2,12,9,4,576.14,2304.56,0.0,2304.56,997.86
110302,20230407,251,9,10,4,19,2112.21,40131.99,2006.6,38125.39,13543.21
110303,20231113,18,10,15,7,15,4677.47,70162.05,7016.21,63145.84,27220.57
110304,20250523,124,2,2,10,2,576.14,1152.28,57.61,1094.67,450.99
110305,20240216,40,10,24,2,9,4677.47,42097.23,0.0,42097.23,22436.19
110306,20250224,168,12,8,10,6,1192.37,7154.22,357.71,6796.51,2730.22
110307,20250913,92,11,22,8,12,4866.69,58400.28,0.0,58400.28,31462.94
110308,20231109,101,4,5,5,15,4210.9,63163.5,9474.52,53688.98,22790.29
110309,20240713,159,5,17,4,8,12606.96,100855.68,0.0,100855.68,54138.78
110310,20240809,298,4,14,4,1,4210.9,4210.9,421.09,3789.81,1382.15
110311,20230617,224,12,17,10,16,1192.37,19077.92,2861.69,16216.23,8216.62
110312,20250224,115,12,1,6,16,1192.37,19077.92,0.0,19077.92,7297.82
110313,20241009,247,6,18,10,9,8457.66,76118.94,3805.95,72312.99,31135.86
110314,20230901,228,1,4,7,7,7004.72,49033.04,4903.3,44129.74,20869.95
110315,20230728,4,3,19,3,11,1648.77,18136.47,1813.65,16322.82,7525.43
110316,20230917,89,11,7,7,8,4866.69,38933.52,3893.35,35040.17,18251.11
110317,20241120,272,7,5,6,7,11044.9,77314.3,0.0,77314.3,40412.75
110318,20230926,117,5,25,4,5,12606.96,63034.8,0.0,63034.8,25870.79
110319,20230204,63,5,21,10,9,12606.96,113462.64,22692.53,90770.11,34331.43
110320,20230112,186,7,13,4,11,11044.9,121493.9,12149.39,109344.51,48155.2
110321,20230126,207,2,21,7,5,576.14,2880.7,0.0,2880.7,1079.84
110322,20240612,122,5,6,9,4,12606.96,50427.84,0.0,50427.84,20788.1
110323,20251114,289,4,23,8,19,4210.9,80007.1,0.0,80007.1,39284.23
110324,20250610,211,5,13,10,14,12606.96,176497.44,26474.62,150022.82,52820.04
110325,20231104,201,11,24,8,18,4866.69,87600.42,4380.02,83220.4,41491.48
110326,20241208,57,11,21,9,4,4866.69,19466.76,973.34,18493.42,9739.6
110327,20250524,59,3,9,6,16,1648.77,26380.32,5276.06,21104.26,10752.93
110328,20250208,283,6,23,3,19,8457.66,160695.54,8034.78,152660.76,66430.88
110329,20250526,289,3,14,8,12,1648.77,19785.24,989.26,18795.98,9929.83
110330,20230324,94,9,6,3,16,2112.21,33795.36,3379.54,30415.82,13413.03
110331,20240901,211,10,25,10,9,4677.47,42097.23,8419.45,33677.78,15456.6
110332,20241111,149,6,15,10,13,8457.66,109949.58,0.0,109949.58,44967.46
110333,20250715,286,3,2,10,2,1648.77,3297.54,0.0,3297.54,1477.54
110334,20250302,262,4,12,2,6,4210.9,25265.4,5053.08,20212.32,10070.29
110335,20251205,40,4,16,2,5,4210.9,21054.5,2105.45,18949.05,7287.28
110336,20230405,148,7,24,3,12,11044.9,132538.8,0.0,132538.8,69599.65
110337,20231121,35,11,16,5,2,4866.69,9733.38,1946.68,7786.7,3986.5
110338,20250831,69,7,16,4,15,11044.9,165673.5,8283.68,157389.82,61158.53
110339,20230331,25,3,24,7,2,1648.77,3297.54,0.0,3297.54,1331.2
110340,20240216,25,8,15,7,19,8152.69,154901.11,15490.11,139411.0,68932.67
110341,20230708,67,2,12,1,7,576.14,4032.98,0.0,4032.98,1816.95
110342,20240924,32,10,20,4,11,4677.47,51452.17,0.0,51452.17,18109.14
110343,20250529,83,8,4,5,18,8152.69,146748.42,0.0,146748.42,62638.59
110344,20230526,274,6,10,3,9,8457.66,76118.94,7611.89,68507.05,24715.19
110345,20250307,231,12,13,3,9,1192.37,10731.33,1073.13,9658.2,4216.61
110346,20230309,216,6,3,3,13,8457.66,109949.58,0.0,109949.58,41392.35
110347,20250401,164,5,16,9,7,12606.96,88248.72,4412.44,83836.28,33912.99
110348,20230513,156,2,12,5,5,576.14,2880.7,0.0,2880.7,1267.42
110349,20251218,253,1,25,6,1,7004.72,7004.72,0.0,7004.72,3193.76
110350,20240709,178,1,14,5,20,7004.72,140094.4,0.0,140094.4,58573.89
110351,20250830,205,4,22,7,7,4210.9,29476.3,1473.82,28002.48,13468.73
110352,20240117,100,6,10,8,7,8457.66,59203.62,11840.72,47362.9,22759.92
110353,20250530,24,7,5,4,1,11044.9,11044.9,0.0,11044.9,6024.29
110354,20230425,67,11,2,1,16,4866.69,77867.04,0.0,77867.04,31092.11
110355,20240501,203,7,18,7,2,11044.9,22089.8,0.0,22089.8,9650.45
110356,20250624,223,1,15,10,20,7004.72,140094.4,0.0,140094.4,74152.44
110357,20250602,12,1,11,6,11,7004.72,77051.92,3852.6,73199.32,29081.57
110358,20230513,299,10,9,6,19,4677.47,88871.93,17774.39,71097.54,38807.13
110359,20240703,35,11,21,5,13,4866.69,63266.97,0.0,63266.97,29957.85
110360,20240118,287,8,20,4,18,8152.69,146748.42,22012.26,124736.16,54048.39
110361,20231221,72,6,11,1,11,8457.66,93034.26,4651.71,88382.55,36318.93
110362,20230808,134,12,12,5,2,1192.37,2384.74,119.24,2265.5,1224.6
110363,20230320,223,7,1,10,8,11044.9,88359.2,4417.96,83941.24,33839.14
110364,20230630,195,2,14,9,19,576.14,10946.66,0.0,10946.66,4368.53
110365,20240209,128,7,7,8,10,11044.9,110449.0,0.0,110449.0,56245.69
110366,20251229,16,5,22,4,8,12606.96,100855.68,0.0,100855.68,50240.05
110367,20250302,132,5,9,7,12,12606.96,151283.52,15128.35,136155.17,50250.09
110368,20240910,300,5,14,8,4,12606.96,50427.84,5042.78,45385.06,23833.44
110369,20251029,210,9,4,4,11,2112.21,23234.31,4646.86,18587.45,8781.48
110370,20250110,212,8,10,10,1,8152.69,8152.69,407.63,7745.06,3781.17
110371,20240531,293,2,15,2,20,576.14,11522.8,2304.56,9218.24,3280.19
110372,20230203,278,2,5,2,12,576.14,6913.68,345.68,6568.0,2380.34
110373,20230304,80,12,20,8,17,1192.37,20270.29,2027.03,18243.26,9854.27
110374,20240627,282,10,23,4,15,4677.47,70162.05,0.0,70162.05,31235.56
110375,20250419,250,6,20,8,13,8457.66,109949.58,10994.96,98954.62,35285.63
110376,20230207,10,3,4,3,19,1648.77,31326.63,3132.66,28193.97,13366.83
110377,20250513,156,11,15,5,1,4866.69,4866.69,486.67,4380.02,2137.09
110378,20250418,15,2,13,6,11,576.14,6337.54,0.0,6337.54,2397.75
110379,20250612,211,3,11,10,14,1648.77,23082.78,4616.56,18466.22,7744.07
110380,20231016,191,2,14,10,5,576.14,2880.7,144.03,2736.67,1302.47
110381,20231225,196,2,9,8,6,576.14,3456.84,518.53,2938.31,1506.19
110382,20240821,256,5,13,2,19,12606.96,239532.24,11976.61,227555.63,95292.06
110383,20230908,108,7,17,8,3,11044.9,33134.7,1656.73,31477.97,16680.29
110384,20230214,141,5,24,4,13,12606.96,163890.48,0.0,163890.48,68395.84
110385,20230321,22,12,21,4,5,1192.37,5961.85,894.28,5067.57,2229.91
110386,20231008,48,8,4,5,9,8152.69,73374.21,0.0,73374.21,27646.55
110387,20240105,21,6,17,9,17,8457.66,143780.22,21567.03,122213.19,55077.94
110388,20230519,299,4,13,6,6,4210.9,25265.4,0.0,25265.4,13163.34
110389,20240306,47,4,23,6,10,4210.9,42109.0,2105.45,40003.55,17393.64
110390,20250812,263,2,24,10,17,576.14,9794.38,0.0,9794.38,4089.36
110391,20230920,56,10,22,2,8,4677.47,37419.76,1870.99,35548.77,14877.54
110392,20231002,86,10,7,7,4,4677.47,18709.88,3741.98,14967.9,6170.07
110393,20240115,116,2,3,4,12,576.14,6913.68,1037.05,5876.63,2422.11
110394,20250714,5,5,20,10,19,12606.96,239532.24,23953.22,215579.02,104012.2
110395,20240411,41,12,6,9,1,1192.37,1192.37,0.0,1192.37,425.83
110396,20240416,299,6,10,6,8,8457.66,67661.28,6766.13,60895.15,23346.27
110397,20251119,142,6,21,1,3,8457.66,25372.98,3805.95,21567.03,11145.47
110398,20240304,275,8,23,6,17,8152.69,138595.73,20789.36,117806.37,47601.99
110399,20230607,2,8,10,5,19,8152.69,154901.11,23235.17,131665.94,53002.41
110400,20251216,231,7,9,3,6,11044.9,66269.4,3313.47,62955.93,22091.53
110401,20230113,300,3,2,8,4,1648.77,6595.08,329.75,6265.33,3292.92
110402,20230505,215,11,20,5,18,4866.69,87600.42,0.0,87600.42,43813.18
110403,20231030,140,1,3,10,4,7004.72,28018.88,0.0,28018.88,14529.22
110404,20230211,45,7,18,3,2,11044.9,22089.8,3313.47,18776.33,8315.39
110405,20231218,266,2,19,1,15,576.14,8642.1,1296.32,7345.78,3490.57
110406,20230307,233,8,5,7,3,8152.69,24458.07,1222.9,23235.17,11991.27
110407,20230207,221,7,12,1,2,11044.9,22089.8,2208.98,19880.82,8650.88
110408,20250128,120,5,1,9,2,12606.96,25213.92,2521.39,22692.53,9918.67
110409,20251006,43,7,3,1,15,11044.9,165673.5,0.0,165673.5,73139.98
110410,20241012,120,11,20,9,19,4866.69,92467.11,13870.07,78597.04,31581.51
110411,20240306,48,12,21,5,14,1192.37,16693.18,0.0,16693.18,6088.23
110412,20250413,265,2,9,8,6,576.14,3456.84,345.68,3111.16,1160.79
110413,20250127,296,3,19,8,8,1648.77,13190.16,0.0,13190.16,4682.3
110414,20240827,141,10,5,4,6,4677.47,28064.82,4209.72,23855.1,9620.9
110415,20250816,206,11,4,3,14,4866.69,68133.66,6813.37,61320.29,30978.51
110416,20230827,275,6,15,6,2,8457.66,16915.32,1691.53,15223.79,5613.13
110417,20230211,294,3,2,2,16,1648.77,26380.32,0.0,26380.32,12143.21
110418,20250613,206,6,12,3,16,8457.66,135322.56,20298.38,115024.18,54255.18
110419,20241109,248,3,19,10,2,1648.77,3297.54,0.0,3297.54,1199.77
110420,20240415,280,7,11,6,3,11044.9,33134.7,1656.73,31477.97,17152.87
110421,20240416,245,3,16,7,6,1648.77,9892.62,0.0,9892.62,4628.53
110422,20230228,204,4,12,8,20,4210.9,84218.0,8421.8,75796.2,28362.52
110423,20230829,185,2,22,5,2,576.14,1152.28,0.0,1152.28,541.22
110424,20230810,90,10,19,8,17,4677.47,79516.99,0.0,79516.99,39399.83
110425,20240713,268,7,4,2,7,11044.9,77314.3,7731.43,69582.87,25702.93
110426,20240125,168,9,1,10,15,2112.21,31683.15,1584.16,30098.99,14674.92
110427,20230427,48,3,2,5,9,1648.77,14838.93,1483.89,13355.04,6921.6
110428,20240415,262,8,20,2,12,8152.69,97832.28,4891.61,92940.67,49609.42
110429,20240407,268,11,10,2,11,4866.69,53533.59,0.0,53533.59,26507.34
110430,20250311,280,2,20,6,14,576.14,8065.96,0.0,8065.96,4157.43
110431,20230407,5,4,15,10,8,4210.9,33687.2,0.0,33687.2,14927.15
110432,20241205,245,1,17,7,3,7004.72,21014.16,0.0,21014.16,10275.22
110433,20230126,234,8,18,5,8,8152.69,65221.52,0.0,65221.52,28394.48
110434,20240115,211,2,10,10,10,576.14,5761.4,0.0,5761.4,3055.32
110435,20241228,187,8,12,10,8,8152.69,65221.52,0.0,65221.52,34442.01
110436,20231006,211,7,18,10,20,11044.9,220898.0,22089.8,198808.2,81901.7
110437,20240110,243,6,15,10,3,8457.66,25372.98,0.0,25372.98,11901.74
110438,20230509,91,6,12,6,5,8457.66,42288.3,2114.42,40173.88,19518.87
110439,20241207,104,10,16,7,19,4677.47,88871.93,0.0,88871.93,39129.74
110440,20230120,34,11,24,6,11,4866.69,53533.59,2676.68,50856.91,21999.14
110441,20250504,270,5,19,10,6,12606.96,75641.76,3782.09,71859.67,27446.23
110442,20240608,170,3,17,3,7,1648.77,11541.39,1154.14,10387.25,5139.28
110443,20231102,141,1,5,4,7,7004.72,49033.04,0.0,49033.04,22275.21
110444,20230530,70,3,24,9,19,1648.77,31326.63,0.0,31326.63,14819.24
110445,20230804,161,1,4,7,2,7004.72,14009.44,0.0,14009.44,7385.05
110446,20240520,293,5,4,2,10,12606.96,126069.6,12606.96,113462.64,54978.86
110447,20230425,32,10,10,4,2,4677.47,9354.94,0.0,9354.94,4821.25
110448,20240616,50,10,6,7,17,4677.47,79516.99,0.0,79516.99,32534.26
110449,20250127,50,2,1,7,19,576.14,10946.66,1094.67,9851.99,5194.98
110450,20250713,16,11,6,4,10,4866.69,48666.9,2433.35,46233.55,16859.21
110451,20250428,296,10,8,8,10,4677.47,46774.7,4677.47,42097.23,20152.67
110452,20250716,238,7,5,9,20,11044.9,220898.0,44179.6,176718.4,71498.4
110453,20250308,226,10,7,2,1,4677.47,4677.47,467.75,4209.72,1862.22
110454,20230830,249,9,6,3,3,2112.21,6336.63,316.83,6019.8,2950.59
110455,20231007,248,10,1,10,2,4677.47,9354.94,467.75,8887.19,4022.3
110456,20240602,202,5,6,4,18,12606.96,226925.28,11346.26,215579.02,86145.01
110457,20250119,227,7,7,7,12,11044.9,132538.8,6626.94,125911.86,62435.69
110458,20240131,50,2,3,7,7,576.14,4032.98,0.0,4032.98,1999.02
110459,20240105,161,9,13,7,16,2112.21,33795.36,0.0,33795.36,14584.51
110460,20240818,160,4,4,3,7,4210.9,29476.3,0.0,29476.3,13479.08
110461,20250204,198,2,7,7,14,576.14,8065.96,403.3,7662.66,3018.0
110462,20240427,75,10,23,1,2,4677.47,9354.94,935.49,8419.45,4598.34
110463,20230108,265,5,13,8,15,12606.96,189104.4,37820.88,151283.52,53964.2
110464,20230930,148,9,2,3,4,2112.21,8448.84,422.44,8026.4,3811.02
110465,20250916,53,8,20,4,1,8152.69,8152.69,407.63,7745.06,3104.33
110466,20230616,164,12,6,9,16,1192.37,19077.92,953.9,18124.02,6727.5
110467,20250105,84,8,11,2,1,8152.69,8152.69,407.63,7745.06,3846.03
110468,20240223,218,2,8,2,6,576.14,3456.84,0.0,3456.84,1249.07
110469,20250325,128,3,6,8,7,1648.77,11541.39,0.0,11541.39,5523.02
110470,20230715,298,8,19,4,20,8152.69,163053.8,24458.07,138595.73,50714.18
110471,20230802,43,4,1,1,16,4210.9,67374.4,0.0,67374.4,29246.9
110472,20230704,208,8,4,4,19,8152.69,154901.11,7745.06,147156.05,79642.28
110473,20250602,225,9,3,9,13,2112.21,27458.73,0.0,27458.73,11695.59
110474,20230713,139,2,14,2,18,576.14,10370.52,0.0,10370.52,5006.95
110475,20250114,298,8,2,4,2,8152.69,16305.38,815.27,15490.11,8308.52
110476,20230816,71,8,3,4,5,8152.69,40763.45,0.0,40763.45,17155.85
110477,20250628,10,10,13,3,5,4677.47,23387.35,1169.37,22217.98,8261.78
110478,20250528,244,4,9,10,19,4210.9,80007.1,4000.36,76006.74,35026.2
110479,20240614,74,7,16,7,17,11044.9,187763.3,9388.16,178375.14,65722.65
110480,20250705,257,5,1,7,11,12606.96,138676.56,0.0,138676.56,58204.87
110481,20230820,66,1,14,3,4,7004.72,28018.88,0.0,28018.88,11922.3
110482,20250902,128,8,1,8,4,8152.69,32610.76,0.0,32610.76,15448.43
110483,20251025,234,8,4,5,12,8152.69,97832.28,4891.61,92940.67,48484.02
110484,20230915,253,9,4,6,5,2112.21,10561.05,1056.11,9504.94,4459.56
110485,20240423,111,12,19,7,19,1192.37,22655.03,0.0,22655.03,10156.23
110486,20240314,215,9,14,5,9,2112.21,19009.89,0.0,19009.89,7855.19
110487,20230615,69,12,13,4,3,1192.37,3577.11,715.42,2861.69,1337.96
110488,20230516,70,9,23,9,5,2112.21,10561.05,528.05,10033.0,4144.15
110489,20241220,98,10,19,4,18,4677.47,84194.46,8419.45,75775.01,41320.73
110490,20250526,240,4,6,3,14,4210.9,58952.6,5895.26,53057.34,27215.43
110491,20231128,224,11,14,10,15,4866.69,73000.35,3650.02,69350.33,24657.2
110492,20240620,69,4,11,4,5,4210.9,21054.5,1052.73,20001.77,9454.6
110493,20240702,123,5,2,8,15,12606.96,189104.4,0.0,189104.4,94240.73
110494,20250411,73,12,16,2,13,1192.37,15500.81,775.04,14725.77,6570.13
110495,20240921,268,7,1,2,11,11044.9,121493.9,0.0,121493.9,66570.37
110496,20230830,118,2,23,2,1,576.14,576.14,28.81,547.33,234.62
110497,20230401,79,10,23,8,16,4677.47,74839.52,0.0,74839.52,30739.53
110498,20230829,104,12,12,7,14,1192.37,16693.18,0.0,16693.18,7819.21
110499,20230605,134,9,1,5,13,2112.21,27458.73,1372.94,26085.79,9435.47
110500,20250528,174,10,24,7,12,4677.47,56129.64,5612.96,50516.68,27391.77
110501,20250328,112,11,5,4,14,4866.69,68133.66,0.0,68133.66,26936.69
110502,20241022,12,6,24,6,10,8457.66,84576.6,0.0,84576.6,45751.81
110503,20250508,6,3,16,9,18,1648.77,29677.86,0.0,29677.86,12696.64
110504,20240109,146,1,13,6,17,7004.72,119080.24,0.0,119080.24,52441.14
110505,20241118,133,12,12,7,17,1192.37,20270.29,1013.51,19256.78,9425.52
110506,20231023,110,1,16,5,3,7004.72,21014.16,0.0,21014.16,8734.7
110507,20240918,22,12,1,4,14,1192.37,16693.18,834.66,15858.52,6519.42
110508,20250202,269,7,16,9,20,11044.9,220898.0,0.0,220898.0,83106.44
110509,20230216,275,8,23,6,9,8152.69,73374.21,7337.42,66036.79,27287.21
110510,20250127,9,8,11,9,16,8152.69,130443.04,26088.61,104354.43,41923.39
110511,20250209,127,10,6,8,4,4677.47,18709.88,0.0,18709.88,9533.65
110512,20250318,160,3,9,3,2,1648.77,3297.54,494.63,2802.91,1410.62
110513,20250331,188,5,24,1,11,12606.96,138676.56,0.0,138676.56,76247.54
110514,20250522,26,1,21,5,6,7004.72,42028.32,4202.83,37825.49,14387.19
110515,20241108,217,8,20,3,20,8152.69,163053.8,0.0,163053.8,69311.97
110516,20240911,118,5,23,2,4,12606.96,50427.84,7564.18,42863.66,21755.08
110517,20230514,155,9,22,10,2,2112.21,4224.42,211.22,4013.2,1970.36
110518,20250308,185,12,21,5,18,1192.37,21462.66,0.0,21462.66,8794.58
110519,20231108,60,12,3,2,19,1192.37,22655.03,0.0,22655.03,11010.31
110520,20250808,186,8,9,4,3,8152.69,24458.07,0.0,24458.07,9409.94
110521,20251106,243,7,16,10,1,11044.9,11044.9,1104.49,9940.41,4010.01
110522,20250829,37,9,13,3,19,2112.21,40131.99,0.0,40131.99,14556.7
110523,20230417,131,1,18,10,2,7004.72,14009.44,700.47,13308.97,5743.69
110524,20251202,119,6,24,10,11,8457.66,93034.26,4651.71,88382.55,32719.16
110525,20240112,240,1,19,3,7,7004.72,49033.04,7354.96,41678.08,19551.91
110526,20240110,33,3,11,10,19,1648.77,31326.63,3132.66,28193.97,11160.11
110527,20241117,110,11,5,5,10,4866.69,48666.9,0.0,48666.9,25435.1
110528,20250428,207,12,6,7,2,1192.37,2384.74,119.24,2265.5,1197.59
110529,20250313,212,1,25,10,20,7004.72,140094.4,0.0,140094.4,53299.08
110530,20241109,156,2,3,5,3,576.14,1728.42,172.84,1555.58,742.43
110531,20230301,47,6,2,6,5,8457.66,42288.3,4228.83,38059.47,20000.89
110532,20241117,190,5,24,4,5,12606.96,63034.8,3151.74,59883.06,32062.55
110533,20250702,47,11,9,6,3,4866.69,14600.07,2190.01,12410.06,5116.9
110534,20250102,70,9,18,9,16,2112.21,33795.36,1689.77,32105.59,15931.55
110535,20251104,262,1,20,2,1,7004.72,7004.72,700.47,6304.25,2524.52
110536,20241018,80,7,1,8,11,11044.9,121493.9,12149.39,109344.51,40660.39
110537,20251024,189,5,24,1,13,12606.96,163890.48,0.0,163890.48,60436.54
110538,20240218,249,3,25,3,18,1648.77,29677.86,0.0,29677.86,11144.76
110539,20240303,40,5,9,2,18,12606.96,226925.28,11346.26,215579.02,116225.67
110540,20250430,217,9,2,3,6,2112.21,12673.26,633.66,12039.6,5098.96
110541,20241204,289,12,24,8,20,1192.37,23847.4,1192.37,22655.03,11652.56
110542,20240113,211,6,25,10,16,8457.66,135322.56,0.0,135322.56,48899.36
110543,20250420,72,9,23,1,10,2112.21,21122.1,0.0,21122.1,11441.35
110544,20231027,17,12,18,8,3,1192.37,3577.11,357.71,3219.4,1401.14
110545,20250421,92,10,22,8,8,4677.47,37419.76,1870.99,35548.77,14763.6
110546,20250607,47,4,13,6,3,4210.9,12632.7,0.0,12632.7,4679.84
110547,20230115,105,8,9,4,19,8152.69,154901.11,15490.11,139411.0,52253.45
110548,20231104,5,10,14,10,20,4677.47,93549.4,14032.41,79516.99,40213.1
110549,20230316,26,12,23,5,16,1192.37,19077.92,953.9,18124.02,8823.7
110550,20250704,48,6,12,5,11,8457.66,93034.26,0.0,93034.26,51069.49
110551,20240121,295,11,10,3,16,4866.69,77867.04,3893.35,73973.69,39114.59
110552,20230509,145,6,15,8,17,8457.66,143780.22,14378.02,129402.2,61320.82
110553,20230115,297,6,4,9,20,8457.66,169153.2,16915.32,152237.88,81399.01
110554,20230301,161,10,20,7,2,4677.47,9354.94,0.0,9354.94,3307.33
110555,20240316,66,7,13,3,5,11044.9,55224.5,5522.45,49702.05,20776.36
110556,20230719,29,4,4,1,12,4210.9,50530.8,7579.62,42951.18,15249.44
110557,20250816,18,4,8,7,1,4210.9,4210.9,421.09,3789.81,1449.39
110558,20250420,248,8,14,10,20,8152.69,163053.8,16305.38,146748.42,67612.45
110559,20250701,3,7,10,3,3,11044.9,33134.7,0.0,33134.7,11951.38
110560,20230516,4,8,21,3,5,8152.69,40763.45,6114.52,34648.93,16382.51
110561,20250607,254,3,6,7,10,1648.77,16487.7,1648.77,14838.93,6758.2
110562,20241220,60,6,21,2,15,8457.66,126864.9,0.0,126864.9,49544.54
110563,20240220,145,10,3,8,15,4677.47,70162.05,7016.21,63145.84,23069.78
110564,20230413,28,4,21,4,11,4210.9,46319.9,4631.99,41687.91,22633.79
110565,20230325,172,9,8,1,8,2112.21,16897.68,3379.54,13518.14,6482.53
110566,20240922,144,4,21,5,16,4210.9,67374.4,0.0,67374.4,28632.45
110567,20250529,107,7,18,6,11,11044.9,121493.9,0.0,121493.9,57673.89
110568,20240112,260,7,24,6,7,11044.9,77314.3,0.0,77314.3,36064.66
110569,20240421,129,11,3,8,3,4866.69,14600.07,1460.01,13140.06,4958.85
110570,20250507,138,2,21,4,13,576.14,7489.82,0.0,7489.82,2695.19
110571,20240830,109,12,8,8,1,1192.37,1192.37,0.0,1192.37,431.87
110572,20250407,292,7,12,5,4,11044.9,44179.6,0.0,44179.6,16707.19
110573,20231228,234,3,11,5,14,1648.77,23082.78,2308.28,20774.5,11371.15
110574,20240519,127,1,2,8,19,7004.72,133089.68,13308.97,119780.71,45466.2
110575,20231114,143,2,3,10,16,576.14,9218.24,460.91,8757.33,3708.99
110576,20240129,220,8,8,1,4,8152.69,32610.76,3261.08,29349.68,14930.64
110577,20231118,34,2,11,6,5,576.14,2880.7,0.0,2880.7,1408.5
110578,20231122,222,12,20,8,8,1192.37,9538.96,476.95,9062.01,4218.88
110579,20251011,21,8,7,9,20,8152.69,163053.8,8152.69,154901.11,65490.81
110580,20240421,48,1,8,5,19,7004.72,133089.68,6654.48,126435.2,63720.32
110581,20251201,220,4,11,1,20,4210.9,84218.0,0.0,84218.0,31846.31
110582,20230120,242,6,13,8,15,8457.66,126864.9,0.0,126864.9,50726.68
110583,20250929,19,10,13,1,9,4677.47,42097.23,8419.45,33677.78,12707.98
110584,20250427,107,9,25,6,12,2112.21,25346.52,0.0,25346.52,9016.02
110585,20240211,57,3,3,9,20,1648.77,32975.4,6595.08,26380.32,10815.44
110586,20230929,99,9,3,4,10,2112.21,21122.1,0.0,21122.1,8558.1
110587,20240516,71,8,23,4,9,8152.69,73374.21,0.0,73374.21,29421.23
110588,20240529,94,3,12,3,12,1648.77,19785.24,989.26,18795.98,9855.03
110589,20251019,38,10,6,5,1,4677.47,4677.47,233.87,4443.6,1799.5
110590,20230805,151,11,17,3,13,4866.69,63266.97,0.0,63266.97,32578.85
110591,20250924,261,4,5,5,17,4210.9,71585.3,10737.8,60847.5,25229.0
110592,20251202,60,3,25,2,19,1648.77,31326.63,3132.66,28193.97,14976.21
110593,20250607,223,1,9,10,1,7004.72,7004.72,1050.71,5954.01,3117.77
110594,20230226,297,9,19,9,8,2112.21,16897.68,1689.77,15207.91,6971.31
110595,20250708,22,2,16,4,5,576.14,2880.7,0.0,2880.7,1220.03
110596,20230627,273,5,21,4,15,12606.96,189104.4,37820.88,151283.52,61512.72
110597,20230327,32,1,11,4,9,7004.72,63042.48,6304.25,56738.23,22693.81
110598,20230704,83,3,6,5,14,1648.77,23082.78,0.0,23082.78,12549.48
110599,20240329,80,8,6,8,10,8152.69,81526.9,4076.34,77450.56,39164.78
110600,20250105,18,4,17,7,19,4210.9,80007.1,12001.07,68006.03,27945.31
110601,20250519,144,10,19,5,11,4677.47,51452.17,0.0,51452.17,27256.13
110602,20231106,164,4,24,9,16,4210.9,67374.4,3368.72,64005.68,26190.75
110603,20240105,81,11,14,4,15,4866.69,73000.35,0.0,73000.35,29753.18
110604,20240607,124,6,4,10,10,8457.66,84576.6,0.0,84576.6,34448.99
110605,20250408,69,7,2,4,11,11044.9,121493.9,0.0,121493.9,54750.93
110606,20250113,182,6,18,10,17,8457.66,143780.22,0.0,143780.22,66758.35
110607,20230721,272,10,25,6,2,4677.47,9354.94,0.0,9354.94,3775.27
110608,20250729,130,5,24,10,20,12606.96,252139.2,12606.96,239532.24,121472.1
110609,20241115,109,12,20,8,4,1192.37,4769.48,0.0,4769.48,2493.16
110610,20230524,115,1,18,6,7,7004.72,49033.04,0.0,49033.04,25360.68
110611,20230617,96,2,25,5,14,576.14,8065.96,0.0,8065.96,4304.61
110612,20250715,215,3,12,5,3,1648.77,4946.31,494.63,4451.68,2069.73
110613,20240228,52,11,1,3,5,4866.69,24333.45,2433.35,21900.1,10565.72
110614,20251125,128,4,4,8,5,4210.9,21054.5,1052.73,20001.77,10728.98
110615,20231017,257,2,1,7,2,576.14,1152.28,172.84,979.44,398.33
110616,20250908,39,1,12,9,9,7004.72,63042.48,3152.12,59890.36,21406.03
110617,20240518,285,1,2,3,18,7004.72,126084.96,18912.74,107172.22,46279.03
110618,20241108,266,11,3,1,11,4866.69,53533.59,5353.36,48180.23,22858.02
110619,20250213,80,3,8,8,8,1648.77,13190.16,1978.52,11211.64,6112.16
110620,20250227,142,7,19,1,12,11044.9,132538.8,0.0,132538.8,64411.54
110621,20250601,185,12,19,5,5,1192.37,5961.85,0.0,5961.85,2445.07
110622,20251209,186,1,15,4,7,7004.72,49033.04,0.0,49033.04,21704.7
110623,20230629,210,3,22,4,20,1648.77,32975.4,3297.54,29677.86,15544.19
110624,20250903,85,7,20,4,5,11044.9,55224.5,0.0,55224.5,21648.13
110625,20230922,21,10,20,9,13,4677.47,60807.11,3040.36,57766.75,25441.75
110626,20231001,175,1,16,9,1,7004.72,7004.72,0.0,7004.72,3534.31
110627,20230126,282,5,2,4,16,12606.96,201711.36,0.0,201711.36,107215.55
110628,20251114,83,3,5,5,16,1648.77,26380.32,0.0,26380.32,10881.29
110629,20241019,115,2,16,6,17,576.14,9794.38,1469.16,8325.22,3754.78
110630,20251031,248,4,9,10,2,4210.9,8421.8,1684.36,6737.44,2671.88
110631,20250321,246,12,13,9,15,1192.37,17885.55,894.28,16991.27,5988.36
110632,20240121,247,11,7,10,15,4866.69,73000.35,3650.02,69350.33,29888.39
110633,20250831,73,9,2,2,7,2112.21,14785.47,739.27,14046.2,7390.82
110634,20240528,207,12,12,7,2,1192.37,2384.74,0.0,2384.74,926.79
110635,20241120,248,9,5,10,6,2112.21,12673.26,0.0,12673.26,5997.51
110636,20250802,19,9,8,1,10,2112.21,21122.1,0.0,21122.1,8033.77
110637,20231016,189,11,8,1,13,4866.69,63266.97,0.0,63266.97,23070.18
110638,20250828,251,8,21,4,10,8152.69,81526.9,0.0,81526.9,40476.16
110639,20240718,63,9,18,10,8,2112.21,16897.68,0.0,16897.68,8474.15
110640,20230111,278,10,17,2,17,4677.47,79516.99,11927.55,67589.44,33772.39
110641,20240131,86,1,15,7,20,7004.72,140094.4,0.0,140094.4,57225.16
110642,20251214,34,8,12,6,12,8152.69,97832.28,19566.46,78265.82,40146.18
110643,20240416,34,11,6,6,12,4866.69,58400.28,0.0,58400.28,31134.42
110644,20230227,15,4,2,6,18,4210.9,75796.2,3789.81,72006.39,36654.94
110645,20240215,244,7,2,10,6,11044.9,66269.4,3313.47,62955.93,28561.32
110646,20230425,102,4,5,2,4,4210.9,16843.6,1684.36,15159.24,6332.73
110647,20251022,108,11,13,8,7,4866.69,34066.83,0.0,34066.83,16736.66
110648,20230915,262,6,17,2,14,8457.66,118407.24,5920.36,112486.88,45475.51
110649,20250226,12,5,17,6,20,12606.96,252139.2,12606.96,239532.24,95079.56
110650,20250314,71,12,18,4,4,1192.37,4769.48,715.42,4054.06,1774.69
110651,20241010,4,7,2,3,19,11044.9,209853.1,0.0,209853.1,114169.75
110652,20230514,274,9,17,3,1,2112.21,2112.21,211.22,1900.99,813.55
110653,20241208,37,4,3,3,19,4210.9,80007.1,0.0,80007.1,40309.0
110654,20231201,290,7,15,8,7,11044.9,77314.3,7731.43,69582.87,30571.03
110655,20250311,281,12,13,7,7,1192.37,8346.59,417.33,7929.26,3373.89
110656,20250307,40,1,24,2,15,7004.72,105070.8,5253.54,99817.26,50057.46
110657,20231218,232,8,20,6,9,8152.69,73374.21,3668.71,69705.5,30965.74
110658,20241028,164,9,20,9,18,2112.21,38019.78,1900.99,36118.79,14232.36
110659,20230514,210,12,5,4,16,1192.37,19077.92,0.0,19077.92,9061.65
110660,20240806,61,9,25,7,12,2112.21,25346.52,1267.33,24079.19,9043.44
110661,20240430,106,9,22,2,8,2112.21,16897.68,0.0,16897.68,7599.78
110662,20230407,18,4,15,7,5,4210.9,21054.5,3158.17,17896.33,8697.46
110663,20251003,31,12,22,2,19,1192.37,22655.03,2265.5,20389.53,7622.02
110664,20250102,45,4,2,3,16,4210.9,67374.4,0.0,67374.4,28528.11
110665,20230312,5,4,12,10,20,4210.9,84218.0,12632.7,71585.3,34219.35
110666,20250120,245,11,2,7,18,4866.69,87600.42,0.0,87600.42,42608.75
110667,20231114,213,4,24,4,1,4210.9,4210.9,631.63,3579.27,1400.05
110668,20251014,259,4,21,2,16,4210.9,67374.4,0.0,67374.4,32232.3
110669,20240616,76,12,20,3,9,1192.37,10731.33,1073.13,9658.2,4158.3
110670,20231028,181,11,16,10,20,4866.69,97333.8,14600.07,82733.73,39937.27
110671,20230909,85,4,7,4,4,4210.9,16843.6,1684.36,15159.24,8274.74
110672,20240212,27,9,23,9,20,2112.21,42244.2,2112.21,40131.99,19495.48
110673,20250131,207,4,22,7,3,4210.9,12632.7,2526.54,10106.16,4127.17
110674,20230214,88,12,4,6,12,1192.37,14308.44,0.0,14308.44,5150.69
110675,20251108,8,5,2,10,6,12606.96,75641.76,3782.09,71859.67,31083.26
110676,20250813,251,9,4,4,6,2112.21,12673.26,1267.33,11405.93,6129.82
110677,20240526,126,3,8,1,9,1648.77,14838.93,2225.84,12613.09,5061.82
110678,20231026,106,11,22,2,3,4866.69,14600.07,1460.01,13140.06,6387.11
110679,20251124,57,7,6,9,4,11044.9,44179.6,4417.96,39761.64,21497.71
110680,20250831,213,6,21,4,14,8457.66,118407.24,0.0,118407.24,61130.37
110681,20250905,218,3,3,2,9,1648.77,14838.93,2225.84,12613.09,5445.48
110682,20241003,29,11,5,1,3,4866.69,14600.07,0.0,14600.07,5350.69
110683,20230216,194,11,4,4,4,4866.69,19466.76,2920.01,16546.75,8688.98
110684,20230406,200,5,11,5,11,12606.96,138676.56,20801.48,117875.08,45647.22
110685,20230220,294,5,25,2,3,12606.96,37820.88,3782.09,34038.79,17268.82
110686,20240603,184,2,13,9,4,576.14,2304.56,460.91,1843.65,758.57
110687,20250414,171,4,15,6,1,4210.9,4210.9,210.54,4000.36,1574.38
110688,20251113,242,10,17,8,8,4677.47,37419.76,3741.98,33677.78,13020.11
110689,20240401,87,12,8,10,13,1192.37,15500.81,3100.16,12400.65,5430.15
110690,20230220,283,10,12,3,7,4677.47,32742.29,4911.34,27830.95,15228.87
110691,20241226,34,8,2,6,4,8152.69,32610.76,0.0,32610.76,16030.94
110692,20251022,274,2,22,3,6,576.14,3456.84,0.0,3456.84,1468.57
110693,20241218,69,5,18,4,19,12606.96,239532.24,11976.61,227555.63,118830.17
110694,20251031,242,2,7,8,1,576.14,576.14,57.61,518.53,223.41
110695,20251206,14,5,25,4,3,12606.96,37820.88,0.0,37820.88,20791.66
110696,20230515,67,7,4,1,2,11044.9,22089.8,1104.49,20985.31,10276.44
110697,20230110,218,12,4,2,2,1192.37,2384.74,238.47,2146.27,809.93
110698,20250309,242,5,14,8,20,12606.96,252139.2,12606.96,239532.24,108328.43
110699,20240201,146,10,7,6,4,4677.47,18709.88,935.49,17774.39,7048.81
110700,20240316,156,9,8,5,12,2112.21,25346.52,0.0,25346.52,10452.88
110701,20230302,278,6,15,2,10,8457.66,84576.6,16915.32,67661.28,30279.87
110702,20251002,227,2,11,7,11,576.14,6337.54,316.88,6020.66,2735.39
110703,20250209,130,4,5,10,5,4210.9,21054.5,2105.45,18949.05,9585.39
110704,20250302,120,2,18,9,4,576.14,2304.56,0.0,2304.56,1052.25
110705,20250511,1,10,20,9,7,4677.47,32742.29,3274.23,29468.06,14116.88
110706,20231123,199,4,9,7,7,4210.9,29476.3,0.0,29476.3,11199.34
110707,20231119,10,5,17,3,5,12606.96,63034.8,0.0,63034.8,23466.94
110708,20241212,75,2,15,1,7,576.14,4032.98,201.65,3831.33,1379.84
110709,20251204,228,4,24,7,7,4210.9,29476.3,2947.63,26528.67,10254.73
110710,20250904,51,6,22,3,6,8457.66,50745.96,0.0,50745.96,27388.39
110711,20250327,244,4,20,10,2,4210.9,8421.8,0.0,8421.8,4219.6
110712,20250701,91,9,4,6,18,2112.21,38019.78,3801.98,34217.8,15466.92
110713,20251229,129,1,15,8,8,7004.72,56037.76,5603.78,50433.98,20568.18
110714,20230619,293,1,22,2,18,7004.72,126084.96,0.0,126084.96,55426.83
110715,20240310,142,7,20,1,17,11044.9,187763.3,28164.49,159598.81,69756.05
110716,20250802,174,11,18,7,20,4866.69,97333.8,4866.69,92467.11,34084.97
110717,20241106,147,3,22,10,5,1648.77,8243.85,1236.58,7007.27,3332.96
110718,20230323,189,6,16,1,15,8457.66,126864.9,19029.73,107835.17,55182.76
110719,20231117,18,1,24,7,11,7004.72,77051.92,7705.19,69346.73,30027.31
110720,20251210,27,9,19,9,14,2112.21,29570.94,0.0,29570.94,12203.78
110721,20240518,279,3,2,7,4,1648.77,6595.08,329.75,6265.33,2805.7
110722,20250714,41,3,19,9,9,1648.77,14838.93,2225.84,12613.09,6886.4
110723,20230607,36,6,8,10,1,8457.66,8457.66,1691.53,6766.13,2513.87
110724,20251008,29,8,7,1,13,8152.69,105984.97,5299.25,100685.72,36280.25
110725,20250418,78,8,5,8,9,8152.69,73374.21,14674.84,58699.37,23814.72
110726,20230125,291,10,25,9,14,4677.47,65484.58,3274.23,62210.35,26310.85
110727,20250717,34,7,5,6,8,11044.9,88359.2,4417.96,83941.24,44392.09
110728,20241231,69,7,22,4,12,11044.9,132538.8,13253.88,119284.92,50445.91
110729,20250628,174,8,14,7,17,8152.69,138595.73,0.0,138595.73,53018.21
110730,20230116,19,6,14,1,11,8457.66,93034.26,9303.43,83730.83,35098.94
110731,20240514,25,12,22,7,9,1192.37,10731.33,0.0,10731.33,5469.13
110732,20240723,102,11,20,2,7,4866.69,34066.83,1703.34,32363.49,12349.05
110733,20250709,5,8,21,10,12,8152.69,97832.28,4891.61,92940.67,36518.38
110734,20241221,91,5,6,6,7,12606.96,88248.72,4412.44,83836.28,33545.27
110735,20230923,127,12,5,8,18,1192.37,21462.66,1073.13,20389.53,7531.81
110736,20250823,33,1,13,10,7,7004.72,49033.04,2451.65,46581.39,25063.32
110737,20230908,280,7,17,6,19,11044.9,209853.1,20985.31,188867.79,86636.02
110738,20241204,134,4,9,5,11,4210.9,46319.9,6947.98,39371.92,17710.85
110739,20230609,69,9,10,4,2,2112.21,4224.42,422.44,3801.98,1907.01
110740,20240622,32,6,18,4,17,8457.66,143780.22,7189.01,136591.21,47984.94
110741,20230709,291,4,4,9,18,4210.9,75796.2,7579.62,68216.58,26865.96
110742,20240422,99,6,4,4,19,8457.66,160695.54,24104.33,136591.21,49223.69
110743,20250428,72,4,8,1,10,4210.9,42109.0,0.0,42109.0,20423.3
110744,20240515,284,12,20,9,18,1192.37,21462.66,0.0,21462.66,11662.4
110745,20240306,229,11,17,5,16,4866.69,77867.04,0.0,77867.04,37505.43
110746,20241030,269,1,11,9,18,7004.72,126084.96,0.0,126084.96,59991.43
110747,20251223,174,10,24,7,17,4677.47,79516.99,0.0,79516.99,43004.92
110748,20230125,166,10,11,9,3,4677.47,14032.41,0.0,14032.41,6063.5
110749,20240715,207,5,5,7,6,12606.96,75641.76,3782.09,71859.67,25902.75
110750,20250430,123,7,10,8,15,11044.9,165673.5,0.0,165673.5,84650.82
110751,20250907,31,5,5,2,17,12606.96,214318.32,32147.75,182170.57,65393.87
110752,20240709,277,10,4,5,20,4677.47,93549.4,0.0,93549.4,38196.66
110753,20240707,227,7,7,7,7,11044.9,77314.3,3865.72,73448.58,32395.58
110754,20240505,262,1,9,2,15,7004.72,105070.8,10507.08,94563.72,35243.35
110755,20230119,102,8,14,2,1,8152.69,8152.69,1222.9,6929.79,3246.08
110756,20230720,253,10,19,6,15,4677.47,70162.05,0.0,70162.05,29211.75
110757,20250706,111,2,1,7,17,576.14,9794.38,0.0,9794.38,3767.5
110758,20230523,117,7,6,4,6,11044.9,66269.4,9940.41,56328.99,23855.16
110759,20251201,145,2,19,8,1,576.14,576.14,0.0,576.14,216.44
110760,20230601,60,4,23,2,17,4210.9,71585.3,3579.27,68006.03,32183.6
110761,20230520,285,7,14,3,1,11044.9,11044.9,1656.73,9388.17,3313.08
110762,20240923,41,12,25,9,19,1192.37,22655.03,0.0,22655.03,12398.19
110763,20231123,130,2,14,10,18,576.14,10370.52,0.0,10370.52,4682.49
110764,20240608,180,12,7,7,13,1192.37,15500.81,775.04,14725.77,6651.83
110765,20230601,20,6,7,6,10,8457.66,84576.6,0.0,84576.6,33356.94
110766,20251014,147,10,6,10,7,4677.47,32742.29,0.0,32742.29,14994.15
110767,20230413,242,12,20,8,19,1192.37,22655.03,3398.25,19256.78,10001.06
110768,20240707,182,7,12,10,3,11044.9,33134.7,4970.2,28164.5,13179.66
110769,20230224,241,11,6,1,13,4866.69,63266.97,3163.35,60103.62,24648.25
110770,20241022,128,12,8,8,20,1192.37,23847.4,0.0,23847.4,9858.25
110771,20230610,226,9,1,2,6,2112.21,12673.26,633.66,12039.6,4977.98
110772,20231012,232,4,16,6,6,4210.9,25265.4,2526.54,22738.86,12100.53
110773,20240213,271,7,4,3,15,11044.9,165673.5,0.0,165673.5,76609.47
110774,20240130,281,4,11,7,17,4210.9,71585.3,0.0,71585.3,32101.68
110775,20230714,15,6,5,6,10,8457.66,84576.6,4228.83,80347.77,33274.93
110776,20240120,161,8,21,7,18,8152.69,146748.42,0.0,146748.42,60480.15
110777,20230527,60,12,7,2,11,1192.37,13116.07,655.8,12460.27,6335.24
110778,20230707,159,5,10,4,1,12606.96,12606.96,0.0,12606.96,5566.55
110779,20250925,281,5,8,7,3,12606.96,37820.88,5673.13,32147.75,12353.75
110780,20250920,44,2,1,1,15,576.14,8642.1,0.0,8642.1,3631.41
110781,20230324,208,6,25,4,8,8457.66,67661.28,0.0,67661.28,32534.29
110782,20230114,14,7,18,4,13,11044.9,143583.7,14358.37,129225.33,62070.36
110783,20240122,81,1,10,4,5,7004.72,35023.6,3502.36,31521.24,15078.39
110784,20231124,76,5,15,3,1,12606.96,12606.96,0.0,12606.96,5728.46
110785,20240829,257,6,2,7,3,8457.66,25372.98,0.0,25372.98,11329.38
110786,20240828,173,1,18,2,20,7004.72,140094.4,0.0,140094.4,69268.56
110787,20230215,271,6,24,3,18,8457.66,152237.88,15223.79,137014.09,72266.67
110788,20241023,75,2,19,1,8,576.14,4609.12,0.0,4609.12,2171.78
110789,20240720,193,5,8,3,4,12606.96,50427.84,0.0,50427.84,23585.16
110790,20231003,14,10,16,4,14,4677.47,65484.58,6548.46,58936.12,31453.78
110791,20240314,184,8,4,9,16,8152.69,130443.04,19566.46,110876.58,55728.52
110792,20231006,7,9,24,2,20,2112.21,42244.2,0.0,42244.2,19675.76
110793,20251010,99,5,18,4,7,12606.96,88248.72,0.0,88248.72,35339.2
110794,20230203,253,5,5,6,13,12606.96,163890.48,8194.52,155695.96,54768.05
110795,20250705,181,1,4,10,15,7004.72,105070.8,5253.54,99817.26,40480.49
110796,20241213,17,4,21,8,3,4210.9,12632.7,2526.54,10106.16,5325.14
110797,20251120,63,6,15,10,7,8457.66,59203.62,2960.18,56243.44,23184.02
110798,20230129,214,9,1,1,4,2112.21,8448.84,0.0,8448.84,2989.05
110799,20230212,272,11,4,6,20,4866.69,97333.8,4866.69,92467.11,33428.01
110800,20240921,227,7,11,7,20,11044.9,220898.0,0.0,220898.0,115931.11
110801,20240814,20,9,18,6,18,2112.21,38019.78,1900.99,36118.79,19025.57
110802,20240208,252,3,3,1,19,1648.77,31326.63,0.0,31326.63,12888.08
110803,20230708,285,1,17,3,10,7004.72,70047.2,3502.36,66544.84,31091.86
110804,20250415,9,12,23,9,10,1192.37,11923.7,596.19,11327.51,4090.91
110805,20251019,119,9,10,10,8,2112.21,16897.68,0.0,16897.68,6251.17
110806,20250312,119,5,7,10,20,12606.96,252139.2,37820.88,214318.32,95851.23
110807,20251028,74,11,12,7,5,4866.69,24333.45,2433.35,21900.1,9885.74
110808,20241203,145,8,10,8,7,8152.69,57068.83,5706.88,51361.95,26085.5
110809,20241230,167,8,12,7,11,8152.69,89679.59,0.0,89679.59,46494.6
110810,20240414,186,1,14,4,12,7004.72,84056.64,8405.66,75650.98,30297.75
110811,20240122,295,1,16,3,9,7004.72,63042.48,9456.37,53586.11,21416.9
110812,20250920,292,3,23,5,1,1648.77,1648.77,0.0,1648.77,825.59
110813,20231008,96,2,25,5,5,576.14,2880.7,0.0,2880.7,1437.27
110814,20230117,118,3,21,2,5,1648.77,8243.85,412.19,7831.66,4266.28
110815,20250828,31,11,6,2,14,4866.69,68133.66,0.0,68133.66,32500.19
110816,20231012,32,7,25,4,4,11044.9,44179.6,0.0,44179.6,22855.69
110817,20240811,56,1,13,2,19,7004.72,133089.68,19963.45,113126.23,55234.78
110818,20250828,237,6,7,7,5,8457.66,42288.3,0.0,42288.3,18123.58
110819,20250918,241,4,13,1,10,4210.9,42109.0,0.0,42109.0,18462.61
110820,20241116,242,3,6,8,17,1648.77,28029.09,2802.91,25226.18,13576.86
110821,20240630,115,7,20,6,3,11044.9,33134.7,1656.73,31477.97,15684.65
110822,20240119,109,9,2,8,18,2112.21,38019.78,1900.99,36118.79,19019.5
110823,20230619,268,1,19,2,18,7004.72,126084.96,0.0,126084.96,56096.36
110824,20241015,169,12,5,8,15,1192.37,17885.55,1788.56,16096.99,7688.16
110825,20251012,5,1,9,10,4,7004.72,28018.88,4202.83,23816.05,9161.01
110826,20240215,113,7,25,8,6,11044.9,66269.4,3313.47,62955.93,25640.9
110827,20230611,36,7,20,10,5,11044.9,55224.5,2761.23,52463.27,25202.8
110828,20240514,283,10,8,3,3,4677.47,14032.41,1403.24,12629.17,6822.59
110829,20250525,133,10,1,7,8,4677.47,37419.76,1870.99,35548.77,14769.59
110830,20230604,217,9,17,3,20,2112.21,42244.2,2112.21,40131.99,18780.83
110831,20240329,37,10,1,3,3,4677.47,14032.41,0.0,14032.41,5145.15
110832,20241215,181,5,1,10,12,12606.96,151283.52,15128.35,136155.17,68176.3
110833,20240809,265,8,1,8,8,8152.69,65221.52,9783.23,55438.29,20355.13
110834,20251014,50,8,9,7,16,8152.69,130443.04,0.0,130443.04,68682.48
110835,20230215,243,10,6,10,8,4677.47,37419.76,0.0,37419.76,15866.25
110836,20240425,248,4,13,10,5,4210.9,21054.5,0.0,21054.5,10286.59
110837,20250629,206,3,23,3,2,1648.77,3297.54,329.75,2967.79,1312.99
110838,20250301,209,10,8,9,4,4677.47,18709.88,2806.48,15903.4,7846.51
110839,20251022,174,3,23,7,4,1648.77,6595.08,989.26,5605.82,2450.19
110840,20250126,114,10,12,6,13,4677.47,60807.11,0.0,60807.11,24491.29
110841,20251004,145,3,5,8,9,1648.77,14838.93,0.0,14838.93,6060.45
110842,20230428,103,5,5,10,13,12606.96,163890.48,16389.05,147501.43,68879.23
110843,20231117,210,4,10,4,9,4210.9,37898.1,0.0,37898.1,14858.3
110844,20240529,58,1,12,3,10,7004.72,70047.2,0.0,70047.2,36647.14
110845,20251221,200,1,3,5,20,7004.72,140094.4,0.0,140094.4,61738.82
110846,20231213,283,7,16,3,11,11044.9,121493.9,6074.69,115419.21,50415.02
110847,20230218,252,4,10,1,11,4210.9,46319.9,4631.99,41687.91,20802.08
110848,20250729,64,1,15,9,4,7004.72,28018.88,1400.94,26617.94,9434.5
110849,20241221,166,1,6,9,14,7004.72,98066.08,0.0,98066.08,36954.55
110850,20240218,40,5,14,2,10,12606.96,126069.6,12606.96,113462.64,40758.62
110851,20230127,229,7,12,5,16,11044.9,176718.4,8835.92,167882.48,90911.1
110852,20250721,179,9,3,5,7,2112.21,14785.47,0.0,14785.47,7439.89
110853,20240709,238,8,24,9,13,8152.69,105984.97,10598.5,95386.47,37809.05
110854,20250227,209,11,8,9,15,4866.69,73000.35,3650.02,69350.33,37702.14
110855,20230903,94,1,9,3,12,7004.72,84056.64,16811.33,67245.31,30174.45
110856,20250419,247,12,21,10,9,1192.37,10731.33,0.0,10731.33,5085.66
110857,20230304,203,11,20,7,6,4866.69,29200.14,0.0,29200.14,10716.9
110858,20230912,45,6,22,3,12,8457.66,101491.92,5074.6,96417.32,52460.68
110859,20231230,73,8,22,2,18,8152.69,146748.42,0.0,146748.42,56925.71
110860,20231022,133,11,18,7,1,4866.69,4866.69,486.67,4380.02,1766.23
110861,20250912,241,10,8,1,7,4677.47,32742.29,1637.11,31105.18,14514.2
110862,20230421,78,11,15,8,18,4866.69,87600.42,0.0,87600.42,42250.05
110863,20231118,198,4,22,7,4,4210.9,16843.6,0.0,16843.6,6197.71
110864,20241011,18,4,23,7,20,4210.9,84218.0,4210.9,80007.1,43577.92
110865,20241003,42,5,3,6,6,12606.96,75641.76,0.0,75641.76,40104.98
110866,20230601,298,1,13,4,16,7004.72,112075.52,16811.33,95264.19,37726.87
110867,20250505,279,6,6,7,8,8457.66,67661.28,3383.06,64278.22,32386.94
110868,20240927,238,7,4,9,4,11044.9,44179.6,0.0,44179.6,20158.68
110869,20240802,300,11,25,8,16,4866.69,77867.04,7786.7,70080.34,31637.82
110870,20240913,5,1,17,10,4,7004.72,28018.88,0.0,28018.88,10154.76
110871,20231017,47,3,9,6,1,1648.77,1648.77,164.88,1483.89,661.38
110872,20250424,247,9,13,10,4,2112.21,8448.84,422.44,8026.4,3433.52
110873,20250219,149,6,7,10,8,8457.66,67661.28,3383.06,64278.22,28356.75
110874,20240222,63,1,15,10,10,7004.72,70047.2,3502.36,66544.84,23625.15
110875,20240131,45,1,16,3,15,7004.72,105070.8,5253.54,99817.26,47816.76
110876,20240519,121,10,14,4,9,4677.47,42097.23,0.0,42097.23,22343.1
110877,20230705,85,8,25,4,12,8152.69,97832.28,4891.61,92940.67,48002.21
110878,20230129,90,8,25,8,5,8152.69,40763.45,0.0,40763.45,19235.05
110879,20240208,170,3,12,3,3,1648.77,4946.31,0.0,4946.31,2675.29
110880,20251222,233,6,11,7,10,8457.66,84576.6,12686.49,71890.11,30915.78
110881,20230426,6,5,16,9,12,12606.96,151283.52,15128.35,136155.17,60168.71
110882,20230723,68,12,17,10,1,1192.37,1192.37,238.47,953.9,421.4
110883,20240128,141,2,4,4,13,576.14,7489.82,0.0,7489.82,3248.8
110884,20230314,47,1,17,6,7,7004.72,49033.04,0.0,49033.04,20804.52
110885,20241203,71,8,18,4,1,8152.69,8152.69,0.0,8152.69,4038.63
110886,20250416,20,9,18,6,14,2112.21,29570.94,0.0,29570.94,13648.86
110887,20240813,44,10,13,1,5,4677.47,23387.35,3508.1,19879.25,8197.46
110888,20230805,134,5,15,5,10,12606.96,126069.6,0.0,126069.6,44855.07
110889,20250106,254,10,6,7,8,4677.47,37419.76,0.0,37419.76,18573.69
110890,20240210,293,6,16,2,14,8457.66,118407.24,11840.72,106566.52,56229.68
110891,20241206,101,9,20,5,8,2112.21,16897.68,0.0,16897.68,7182.08
110892,20240701,58,10,12,3,3,4677.47,14032.41,701.62,13330.79,6704.81
110893,20250402,121,2,18,4,19,576.14,10946.66,1642.0,9304.66,4118.05
110894,20250217,287,11,12,4,14,4866.69,68133.66,3406.68,64726.98,32009.26
110895,20250226,233,12,7,7,15,1192.37,17885.55,1788.56,16096.99,7978.93
110896,20250112,197,9,17,2,2,2112.21,4224.42,422.44,3801.98,1724.43
110897,20250415,224,6,5,10,4,8457.66,33830.64,5074.6,28756.04,14977.24
110898,20240323,156,9,16,5,18,2112.21,38019.78,7603.96,30415.82,12948.69
110899,20240704,267,1,4,1,2,7004.72,14009.44,0.0,14009.44,5229.23
110900,20230710,259,5,5,2,13,12606.96,163890.48,24583.57,139306.91,52202.97
110901,20230110,81,3,2,4,12,1648.77,19785.24,989.26,18795.98,7789.34
110902,20241023,244,9,17,10,1,2112.21,2112.21,211.22,1900.99,750.27
110903,20231002,193,3,24,3,15,1648.77,24731.55,0.0,24731.55,13206.84
110904,20240105,227,7,1,7,14,11044.9,154628.6,15462.86,139165.74,61396.38
110905,20250325,75,6,1,1,20,8457.66,169153.2,0.0,169153.2,81875.3
110906,20231210,207,2,4,7,20,576.14,11522.8,2304.56,9218.24,4219.58
110907,20230506,167,7,23,7,2,11044.9,22089.8,2208.98,19880.82,9535.05
110908,20240501,93,4,5,10,7,4210.9,29476.3,1473.82,28002.48,13683.08
110909,20240506,205,12,11,7,9,1192.37,10731.33,1073.13,9658.2,5240.68
110910,20230617,289,12,16,8,7,1192.37,8346.59,0.0,8346.59,3071.16
110911,20231215,12,12,5,6,15,1192.37,17885.55,0.0,17885.55,6666.12
110912,20240510,35,8,10,5,4,8152.69,32610.76,1630.54,30980.22,16118.79
110913,20230920,231,4,8,3,9,4210.9,37898.1,5684.71,32213.39,11376.07
110914,20241118,276,7,8,6,11,11044.9,121493.9,0.0,121493.9,56748.62
110915,20240526,72,7,25,1,14,11044.9,154628.6,0.0,154628.6,58828.35
110916,20250519,193,4,19,3,1,4210.9,4210.9,631.63,3579.27,1573.75
110917,20230927,198,7,7,7,7,11044.9,77314.3,3865.72,73448.58,34931.02
110918,20230622,90,3,17,8,1,1648.77,1648.77,0.0,1648.77,848.84
110919,20250825,29,11,25,1,14,4866.69,68133.66,0.0,68133.66,34819.78
110920,20240205,37,5,3,3,15,12606.96,189104.4,18910.44,170193.96,83067.06
110921,20240524,200,2,6,5,8,576.14,4609.12,230.46,4378.66,1709.29
110922,20230706,281,10,9,7,11,4677.47,51452.17,10290.43,41161.74,16709.07
110923,20250623,180,2,23,7,11,576.14,6337.54,0.0,6337.54,3197.74
110924,20241130,288,10,15,8,5,4677.47,23387.35,0.0,23387.35,12680.37
110925,20250222,234,12,3,5,8,1192.37,9538.96,0.0,9538.96,4992.79
110926,20240326,231,12,24,3,1,1192.37,1192.37,59.62,1132.75,596.71
110927,20230803,123,5,13,8,10,12606.96,126069.6,0.0,126069.6,49858.94
110928,20230121,43,6,22,1,8,8457.66,67661.28,0.0,67661.28,35765.29
110929,20240404,97,12,5,8,14,1192.37,16693.18,0.0,16693.18,8592.3
110930,20230127,61,3,17,7,3,1648.77,4946.31,247.32,4698.99,2257.52
110931,20251228,114,11,13,6,10,4866.69,48666.9,0.0,48666.9,25489.74
110932,20230508,127,11,2,8,2,4866.69,9733.38,0.0,9733.38,5214.89
110933,20230520,104,5,14,7,18,12606.96,226925.28,22692.53,204232.75,87071.08
110934,20230226,197,6,13,2,3,8457.66,25372.98,0.0,25372.98,12294.02
110935,20251006,160,8,5,3,14,8152.69,114137.66,5706.88,108430.78,42544.03
110936,20230321,223,9,18,10,15,2112.21,31683.15,1584.16,30098.99,13432.6
110937,20241124,102,9,14,2,13,2112.21,27458.73,1372.94,26085.79,12728.12
110938,20230424,228,4,24,7,10,4210.9,42109.0,2105.45,40003.55,15002.44
110939,20230203,262,10,22,2,7,4677.47,32742.29,0.0,32742.29,17493.14
110940,20251031,70,4,24,9,16,4210.9,67374.4,3368.72,64005.68,32289.53
110941,20250131,126,12,10,1,5,1192.37,5961.85,596.19,5365.66,2867.13
110942,20241105,211,7,17,10,1,11044.9,11044.9,2208.98,8835.92,3488.79
110943,20250104,88,7,15,6,11,11044.9,121493.9,24298.78,97195.12,40871.49
110944,20231228,277,1,12,5,8,7004.72,56037.76,5603.78,50433.98,27015.99
110945,20240203,204,2,1,8,1,576.14,576.14,86.42,489.72,232.8
110946,20230211,171,2,1,6,1,576.14,576.14,0.0,576.14,266.63
110947,20241130,2,1,20,5,18,7004.72,126084.96,12608.5,113476.46,43565.77
110948,20240709,215,3,15,5,4,1648.77,6595.08,329.75,6265.33,2763.73
110949,20230924,5,6,19,10,8,8457.66,67661.28,10149.19,57512.09,31613.32
110950,20241113,135,2,12,2,16,576.14,9218.24,921.82,8296.42,3293.63
110951,20251012,134,3,9,5,15,1648.77,24731.55,4946.31,19785.24,7515.11
110952,20241028,277,10,4,5,20,4677.47,93549.4,14032.41,79516.99,39089.7
110953,20251004,159,7,11,4,3,11044.9,33134.7,1656.73,31477.97,12883.57
110954,20250205,194,4,24,4,4,4210.9,16843.6,1684.36,15159.24,5395.45
110955,20240222,95,11,18,6,18,4866.69,87600.42,4380.02,83220.4,44124.63
110956,20251231,294,8,18,2,20,8152.69,163053.8,0.0,163053.8,79700.0
110957,20251008,65,7,25,5,8,11044.9,88359.2,8835.92,79523.28,33499.63
110958,20251129,283,3,17,3,1,1648.77,1648.77,164.88,1483.89,676.45
110959,20240315,50,5,7,7,2,12606.96,25213.92,2521.39,22692.53,8632.62
110960,20231102,21,1,21,9,5,7004.72,35023.6,3502.36,31521.24,14658.12
110961,20251124,16,5,6,4,14,12606.96,176497.44,8824.87,167672.57,77040.84
110962,20250906,279,3,11,7,8,1648.77,13190.16,0.0,13190.16,5922.74
110963,20230101,300,8,22,8,17,8152.69,138595.73,13859.57,124736.16,59879.83
110964,20250610,37,7,3,3,8,11044.9,88359.2,0.0,88359.2,33600.65
110965,20230906,236,9,18,6,18,2112.21,38019.78,3801.98,34217.8,16584.37
110966,20230626,223,11,6,10,13,4866.69,63266.97,3163.35,60103.62,25875.62
110967,20251106,244,5,25,10,5,12606.96,63034.8,0.0,63034.8,25042.83
110968,20240411,272,5,10,6,10,12606.96,126069.6,0.0,126069.6,46423.03
110969,20241011,155,10,24,10,12,4677.47,56129.64,8419.45,47710.19,21072.16
110970,20230518,43,8,25,1,1,8152.69,8152.69,0.0,8152.69,4398.17
110971,20240925,37,6,7,3,13,8457.66,109949.58,21989.92,87959.66,35318.86
110972,20230528,278,4,3,2,8,4210.9,33687.2,0.0,33687.2,17436.39
110973,20251214,57,12,13,9,16,1192.37,19077.92,1907.79,17170.13,7045.68
110974,20230801,185,7,4,5,1,11044.9,11044.9,2208.98,8835.92,4726.05
110975,20230919,222,1,15,8,13,7004.72,91061.36,4553.07,86508.29,45446.28
110976,20230525,216,5,24,3,2,12606.96,25213.92,1260.7,23953.22,10418.83
110977,20230310,27,6,18,9,10,8457.66,84576.6,16915.32,67661.28,28377.9
110978,20231003,258,3,16,6,5,1648.77,8243.85,412.19,7831.66,3983.62
110979,20230604,57,7,14,9,10,11044.9,110449.0,11044.9,99404.1,46666.4
110980,20231129,139,9,24,2,8,2112.21,16897.68,1689.77,15207.91,6282.7
110981,20241020,254,5,23,7,18,12606.96,226925.28,0.0,226925.28,84350.15
110982,20240324,106,8,12,2,19,8152.69,154901.11,7745.06,147156.05,57340.06
110983,20240607,188,9,6,1,7,2112.21,14785.47,739.27,14046.2,5164.52
110984,20250927,58,7,19,3,9,11044.9,99404.1,0.0,99404.1,43521.55
110985,20241206,222,9,25,8,20,2112.21,42244.2,4224.42,38019.78,14340.91
110986,20240108,159,11,15,4,14,4866.69,68133.66,3406.68,64726.98,28770.12
110987,20241106,241,11,19,1,15,4866.69,73000.35,0.0,73000.35,34784.29
110988,20240124,48,6,24,5,9,8457.66,76118.94,3805.95,72312.99,31430.13
110989,20250514,78,2,7,8,14,576.14,8065.96,806.6,7259.36,3169.9
110990,20240806,142,5,15,1,6,12606.96,75641.76,7564.18,68077.58,25667.47
110991,20241227,166,11,16,9,13,4866.69,63266.97,3163.35,60103.62,28059.44
110992,20251019,161,2,4,7,20,576.14,11522.8,0.0,11522.8,5397.56
110993,20240526,104,12,8,7,13,1192.37,15500.81,1550.08,13950.73,7304.97
110994,20250602,16,2,10,4,9,576.14,5185.26,259.26,4926.0,2083.17
110995,20250727,254,11,3,7,19,4866.69,92467.11,0.0,92467.11,44001.67
110996,20241103,187,12,20,10,13,1192.37,15500.81,0.0,15500.81,5545.09
110997,20250719,233,5,3,7,17,12606.96,214318.32,0.0,214318.32,110562.65
110998,20231019,195,5,1,9,11,12606.96,138676.56,13867.66,124808.9,49848.77
110999,20250111,70,10,8,9,6,4677.47,28064.82,0.0,28064.82,12419.01
111000,20250921,98,12,22,4,2,1192.37,2384.74,0.0,2384.74,1051.62
111001,20230902,262,7,9,2,11,11044.9,121493.9,12149.39,109344.51,57569.6
111002,20240329,67,11,14,1,3,4866.69,14600.07,1460.01,13140.06,6223.17
111003,20250817,132,10,19,7,8,4677.47,37419.76,1870.99,35548.77,16778.38
111004,20241207,84,3,15,2,19,1648.77,31326.63,3132.66,28193.97,12784.65
111005,20230123,182,6,9,10,16,8457.66,135322.56,0.0,135322.56,66514.79
111006,20250501,287,9,16,4,8,2112.21,16897.68,1689.77,15207.91,5336.54
111007,20231015,289,7,21,8,5,11044.9,55224.5,0.0,55224.5,23142.58
111008,20250416,127,4,13,8,9,4210.9,37898.1,0.0,37898.1,17650.46
111009,20250415,76,9,6,3,15,2112.21,31683.15,0.0,31683.15,15272.87
111010,20231227,211,4,4,10,1,4210.9,4210.9,421.09,3789.81,1634.11
111011,20250722,89,6,10,7,2,8457.66,16915.32,845.77,16069.55,8098.71
111012,20240531,276,9,24,6,3,2112.21,6336.63,1267.33,5069.3,2677.96
111013,20250430,260,3,1,6,9,1648.77,14838.93,0.0,14838.93,7685.97
111014,20230707,70,8,16,9,7,8152.69,57068.83,0.0,57068.83,25170.74
111015,20250807,152,11,6,9,16,4866.69,77867.04,3893.35,73973.69,40338.32
111016,20240626,97,8,18,8,18,8152.69,146748.42,7337.42,139411.0,56321.96
111017,20250802,179,9,3,5,9,2112.21,19009.89,0.0,19009.89,8107.02
111018,20230428,170,9,1,3,19,2112.21,40131.99,2006.6,38125.39,14978.55
111019,20250525,153,8,2,2,12,8152.69,97832.28,4891.61,92940.67,44300.77
111020,20250812,174,4,23,7,9,4210.9,37898.1,0.0,37898.1,18153.98
111021,20240318,93,9,21,10,10,2112.21,21122.1,0.0,21122.1,10875.49
111022,20251113,294,4,5,2,5,4210.9,21054.5,2105.45,18949.05,8620.44
111023,20250909,45,1,18,3,6,7004.72,42028.32,0.0,42028.32,21683.3
111024,20230903,290,5,2,8,7,12606.96,88248.72,0.0,88248.72,40924.17
111025,20250910,235,6,21,8,20,8457.66,169153.2,16915.32,152237.88,60829.89
111026,20250225,227,9,8,7,12,2112.21,25346.52,1267.33,24079.19,12521.37
111027,20241129,141,10,2,4,18,4677.47,84194.46,4209.72,79984.74,38129.72
111028,20251211,49,4,17,4,5,4210.9,21054.5,2105.45,18949.05,9248.3
111029,20230803,51,10,14,3,16,4677.47,74839.52,7483.95,67355.57,28928.29
111030,20240729,232,6,22,6,17,8457.66,143780.22,14378.02,129402.2,71002.35
111031,20240513,183,7,13,5,8,11044.9,88359.2,4417.96,83941.24,40646.03
111032,20231207,262,3,6,2,15,1648.77,24731.55,0.0,24731.55,10630.02
111033,20250824,256,8,16,2,8,8152.69,65221.52,0.0,65221.52,33445.05
111034,20240105,297,9,11,9,2,2112.21,4224.42,211.22,4013.2,1755.99
111035,20231014,109,7,18,8,3,11044.9,33134.7,3313.47,29821.23,14732.46
111036,20240614,217,4,13,3,8,4210.9,33687.2,0.0,33687.2,11919.04
111037,20241206,154,7,3,9,5,11044.9,55224.5,0.0,55224.5,27405.98
111038,20230706,90,11,6,8,18,4866.69,87600.42,17520.08,70080.34,33429.39
111039,20250703,97,2,22,8,19,576.14,10946.66,0.0,10946.66,4095.53
111040,20240608,294,3,21,2,14,1648.77,23082.78,3462.42,19620.36,9509.79
111041,20230801,61,9,11,7,17,2112.21,35907.57,0.0,35907.57,13839.29
111042,20240106,109,2,11,8,6,576.14,3456.84,0.0,3456.84,1695.2
111043,20230127,292,7,3,5,5,11044.9,55224.5,0.0,55224.5,26081.27
111044,20230507,58,9,24,3,10,2112.21,21122.1,2112.21,19009.89,7887.39
111045,20250829,115,1,25,6,20,7004.72,140094.4,7004.72,133089.68,57490.36
111046,20250822,75,8,7,1,17,8152.69,138595.73,0.0,138595.73,60045.72
111047,20241123,283,5,12,3,14,12606.96,176497.44,0.0,176497.44,85884.99
111048,20241209,148,12,1,3,12,1192.37,14308.44,0.0,14308.44,5010.12
111049,20241101,217,9,4,3,11,2112.21,23234.31,0.0,23234.31,8170.73
111050,20251202,187,11,6,10,4,4866.69,19466.76,973.34,18493.42,8220.16
111051,20250613,67,3,19,1,6,1648.77,9892.62,0.0,9892.62,4801.64
111052,20250424,247,2,18,10,10,576.14,5761.4,0.0,5761.4,2102.05
111053,20250620,98,3,15,4,10,1648.77,16487.7,0.0,16487.7,7943.83
111054,20250318,197,8,21,2,9,8152.69,73374.21,3668.71,69705.5,37506.66
111055,20230723,266,12,23,1,10,1192.37,11923.7,596.19,11327.51,5479.45
111056,20250523,198,10,20,7,12,4677.47,56129.64,0.0,56129.64,26064.82
111057,20230218,228,2,5,7,9,576.14,5185.26,777.79,4407.47,2345.96
111058,20230420,282,5,22,4,16,12606.96,201711.36,0.0,201711.36,98864.49
111059,20230301,178,7,6,5,6,11044.9,66269.4,6626.94,59642.46,29958.65
111060,20230913,273,1,7,4,17,7004.72,119080.24,5954.01,113126.23,41185.51
111061,20240818,123,8,4,8,2,8152.69,16305.38,2445.81,13859.57,6837.97
111062,20241011,268,3,13,2,2,1648.77,3297.54,164.88,3132.66,1562.82
111063,20230223,233,6,2,7,15,8457.66,126864.9,12686.49,114178.41,53160.11
111064,20241119,75,3,3,1,15,1648.77,24731.55,1236.58,23494.97,10162.66
111065,20251008,228,5,17,7,3,12606.96,37820.88,1891.04,35929.84,19614.73
111066,20230124,35,7,7,5,14,11044.9,154628.6,7731.43,146897.17,79399.46
111067,20230914,218,4,7,2,14,4210.9,58952.6,0.0,58952.6,30730.58
111068,20230713,122,6,11,9,20,8457.66,169153.2,25372.98,143780.22,71100.58
111069,20250115,235,3,15,8,5,1648.77,8243.85,412.19,7831.66,4038.35
111070,20230819,259,5,22,2,4,12606.96,50427.84,5042.78,45385.06,23648.85
111071,20250217,95,11,8,6,17,4866.69,82733.73,0.0,82733.73,35460.14
111072,20250927,30,10,10,9,14,4677.47,65484.58,0.0,65484.58,28496.72
111073,20250917,45,12,14,3,9,1192.37,10731.33,0.0,10731.33,4021.45
111074,20250510,27,5,22,9,19,12606.96,239532.24,11976.61,227555.63,86533.1
111075,20240331,220,4,25,1,5,4210.9,21054.5,0.0,21054.5,7493.39
111076,20231209,230,10,17,2,1,4677.47,4677.47,467.75,4209.72,2174.05
111077,20240311,153,8,5,2,2,8152.69,16305.38,2445.81,13859.57,6053.83
111078,20240515,276,12,14,6,13,1192.37,15500.81,775.04,14725.77,5352.86
111079,20250601,192,4,15,1,13,4210.9,54741.7,10948.34,43793.36,24022.46
111080,20240511,89,8,10,7,20,8152.69,163053.8,32610.76,130443.04,47893.96
111081,20240419,279,4,20,7,15,4210.9,63163.5,6316.35,56847.15,29205.13
111082,20241203,113,1,18,8,7,7004.72,49033.04,0.0,49033.04,20846.97
111083,20230317,53,5,14,4,16,12606.96,201711.36,30256.7,171454.66,72026.42
111084,20230619,277,11,18,5,17,4866.69,82733.73,4136.69,78597.04,38650.79
111085,20250926,27,4,6,9,6,4210.9,25265.4,0.0,25265.4,11398.39
111086,20230512,122,7,2,9,10,11044.9,110449.0,16567.35,93881.65,41291.92
111087,20241206,190,8,21,4,13,8152.69,105984.97,5299.25,100685.72,55346.46
111088,20240521,292,5,1,5,18,12606.96,226925.28,0.0,226925.28,123193.56
111089,20251014,170,9,9,3,17,2112.21,35907.57,5386.14,30521.43,13665.72
111090,20250125,156,8,20,5,6,8152.69,48916.14,4891.61,44024.53,19496.57
111091,20230417,43,10,5,1,9,4677.47,42097.23,4209.72,37887.51,16771.37
111092,20241006,248,10,21,10,13,4677.47,60807.11,0.0,60807.11,27053.43
111093,20230527,103,6,4,10,15,8457.66,126864.9,0.0,126864.9,58415.35
111094,20230815,214,6,2,1,17,8457.66,143780.22,14378.02,129402.2,48132.79
111095,20230412,105,11,15,4,13,4866.69,63266.97,0.0,63266.97,26283.0
111096,20240812,79,9,4,8,14,2112.21,29570.94,1478.55,28092.39,11378.35
111097,20240507,279,5,11,7,11,12606.96,138676.56,0.0,138676.56,66163.22
111098,20250809,69,5,9,4,15,12606.96,189104.4,0.0,189104.4,73856.03
111099,20250705,299,12,24,6,5,1192.37,5961.85,596.19,5365.66,1974.37
111100,20251126,76,10,6,3,7,4677.47,32742.29,6548.46,26193.83,12365.39
111101,20240104,188,11,19,1,20,4866.69,97333.8,0.0,97333.8,42056.73
111102,20241020,5,7,14,10,1,11044.9,11044.9,0.0,11044.9,5907.58
111103,20250403,177,6,17,2,13,8457.66,109949.58,0.0,109949.58,40276.0
111104,20230301,122,6,12,9,12,8457.66,101491.92,5074.6,96417.32,49202.16
111105,20230425,27,7,13,9,1,11044.9,11044.9,0.0,11044.9,5740.65
111106,20250917,246,11,6,9,4,4866.69,19466.76,0.0,19466.76,8512.04
111107,20230324,276,5,24,6,7,12606.96,88248.72,4412.44,83836.28,44719.76
111108,20250520,126,12,20,1,20,1192.37,23847.4,3577.11,20270.29,9097.48
111109,20231010,125,7,19,3,4,11044.9,44179.6,0.0,44179.6,21464.91
111110,20251019,270,8,6,10,3,8152.69,24458.07,1222.9,23235.17,11900.45
111111,20240210,4,12,22,3,20,1192.37,23847.4,3577.11,20270.29,8846.13
111112,20230707,215,9,2,5,1,2112.21,2112.21,0.0,2112.21,942.67
111113,20230728,168,4,11,10,16,4210.9,67374.4,10106.16,57268.24,20409.18
111114,20240301,170,9,15,3,3,2112.21,6336.63,316.83,6019.8,2177.53
111115,20240117,6,1,22,9,12,7004.72,84056.64,12608.5,71448.14,38454.06
111116,20250117,8,11,4,10,18,4866.69,87600.42,4380.02,83220.4,37931.84
111117,20230125,30,11,11,9,6,4866.69,29200.14,1460.01,27740.13,13958.5
111118,20231023,116,3,12,4,12,1648.77,19785.24,1978.52,17806.72,9365.37
111119,20240218,101,5,20,5,6,12606.96,75641.76,7564.18,68077.58,26695.85
111120,20230621,89,11,10,7,7,4866.69,34066.83,3406.68,30660.15,11595.99
111121,20251121,104,4,23,7,1,4210.9,4210.9,0.0,4210.9,2003.53
111122,20240504,70,3,16,9,14,1648.77,23082.78,2308.28,20774.5,7332.01
111123,20240606,248,11,9,10,10,4866.69,48666.9,2433.35,46233.55,22233.41
111124,20240415,7,10,21,2,17,4677.47,79516.99,0.0,79516.99,41168.85
111125,20250630,285,1,24,3,18,7004.72,126084.96,6304.25,119780.71,61685.12
111126,20250911,271,5,11,3,7,12606.96,88248.72,17649.74,70598.98,27506.25
111127,20240127,125,6,22,3,15,8457.66,126864.9,6343.24,120521.66,47463.94
111128,20230322,36,11,3,10,17,4866.69,82733.73,8273.37,74460.36,36238.23
111129,20240212,102,12,13,2,3,1192.37,3577.11,0.0,3577.11,1404.06
111130,20241030,13,7,1,2,11,11044.9,121493.9,0.0,121493.9,48435.47
111131,20250205,50,2,13,7,8,576.14,4609.12,460.91,4148.21,2055.12
111132,20250907,285,5,12,3,15,12606.96,189104.4,9455.22,179649.18,71319.67
111133,20231211,180,4,1,7,8,4210.9,33687.2,0.0,33687.2,16171.19
111134,20250605,2,3,15,5,8,1648.77,13190.16,0.0,13190.16,4955.22
111135,20230925,231,3,21,3,17,1648.77,28029.09,1401.45,26627.64,10012.29
111136,20240911,8,1,19,10,16,7004.72,112075.52,0.0,112075.52,58208.33
111137,20230523,2,3,19,5,8,1648.77,13190.16,659.51,12530.65,6512.25
111138,20240625,6,10,25,9,19,4677.47,88871.93,4443.6,84428.33,36607.99
111139,20250103,195,5,24,9,12,12606.96,151283.52,7564.18,143719.34,69684.27
111140,20251209,47,8,3,6,7,8152.69,57068.83,8560.32,48508.51,17343.81
111141,20231126,75,9,10,1,10,2112.21,21122.1,0.0,21122.1,8096.86
111142,20240310,279,5,24,7,7,12606.96,88248.72,0.0,88248.72,32534.62
111143,20240512,118,1,2,2,2,7004.72,14009.44,0.0,14009.44,7478.2
111144,20241108,193,1,7,3,1,7004.72,7004.72,700.47,6304.25,2958.25
111145,20230104,298,6,17,4,16,8457.66,135322.56,6766.13,128556.43,45673.27
111146,20230218,232,6,5,6,2,8457.66,16915.32,0.0,16915.32,8271.33
111147,20241028,183,7,20,5,7,11044.9,77314.3,0.0,77314.3,42329.79
111148,20230115,223,12,6,10,8,1192.37,9538.96,953.9,8585.06,4357.92
111149,20240628,124,9,16,10,10,2112.21,21122.1,0.0,21122.1,9477.25
111150,20240517,4,6,8,3,12,8457.66,101491.92,5074.6,96417.32,36293.23
111151,20250926,212,4,1,10,2,4210.9,8421.8,842.18,7579.62,4151.08
111152,20250930,196,4,25,8,6,4210.9,25265.4,0.0,25265.4,11156.7
111153,20240515,226,7,16,2,9,11044.9,99404.1,4970.21,94433.89,34726.67
111154,20230713,141,3,1,4,8,1648.77,13190.16,2638.03,10552.13,4458.13
111155,20250315,159,2,10,4,8,576.14,4609.12,0.0,4609.12,1887.24
111156,20230728,121,10,17,4,18,4677.47,84194.46,4209.72,79984.74,36969.33
111157,20231128,189,4,23,1,7,4210.9,29476.3,2947.63,26528.67,11736.04
111158,20251119,131,3,18,10,10,1648.77,16487.7,0.0,16487.7,7541.03
111159,20251227,260,6,14,6,8,8457.66,67661.28,3383.06,64278.22,24850.61
111160,20241118,77,2,5,4,2,576.14,1152.28,0.0,1152.28,469.4
111161,20230705,207,5,18,7,12,12606.96,151283.52,15128.35,136155.17,71103.51
111162,20250123,181,10,13,10,9,4677.47,42097.23,2104.86,39992.37,17812.8
111163,20230306,97,3,4,8,17,1648.77,28029.09,1401.45,26627.64,10592.3
111164,20250121,21,12,22,9,18,1192.37,21462.66,2146.27,19316.39,8888.2
111165,20251124,144,3,8,5,12,1648.77,19785.24,989.26,18795.98,6611.59
111166,20230522,211,10,18,10,2,4677.47,9354.94,1403.24,7951.7,3660.64
111167,20240410,176,11,13,10,7,4866.69,34066.83,3406.68,30660.15,16686.2
111168,20231027,74,5,22,7,10,12606.96,126069.6,6303.48,119766.12,46316.75
111169,20250528,171,6,14,6,4,8457.66,33830.64,0.0,33830.64,15163.18
111170,20250711,66,4,11,3,12,4210.9,50530.8,7579.62,42951.18,23416.32
111171,20230928,237,5,23,7,18,12606.96,226925.28,0.0,226925.28,121548.56
111172,20240116,240,1,12,3,19,7004.72,133089.68,6654.48,126435.2,67623.37
111173,20240723,194,2,15,4,8,576.14,4609.12,0.0,4609.12,1983.26
111174,20250508,257,5,10,7,16,12606.96,201711.36,20171.14,181540.22,63637.3
111175,20250929,158,1,20,3,3,7004.72,21014.16,2101.42,18912.74,8078.08
111176,20231111,260,8,21,6,2,8152.69,16305.38,0.0,16305.38,8887.91
111177,20250705,34,2,1,6,14,576.14,8065.96,1209.89,6856.07,3097.13
111178,20231024,100,3,12,8,17,1648.77,28029.09,0.0,28029.09,13293.3
111179,20251110,9,1,25,9,18,7004.72,126084.96,6304.25,119780.71,62137.67
111180,20230722,146,9,10,6,18,2112.21,38019.78,1900.99,36118.79,14886.96
111181,20241104,135,2,23,2,3,576.14,1728.42,0.0,1728.42,949.01
111182,20231224,74,10,14,7,2,4677.47,9354.94,467.75,8887.19,4212.76
111183,20240526,285,3,24,3,4,1648.77,6595.08,329.75,6265.33,2391.47
111184,20241002,74,12,3,7,18,1192.37,21462.66,1073.13,20389.53,8944.41
111185,20231021,109,11,19,8,14,4866.69,68133.66,3406.68,64726.98,28220.74
111186,20250719,211,12,12,10,19,1192.37,22655.03,0.0,22655.03,11957.9
111187,20250324,115,8,18,6,16,8152.69,130443.04,13044.3,117398.74,56590.24
111188,20241216,172,10,24,1,15,4677.47,70162.05,10524.31,59637.74,31517.24
111189,20230614,268,10,16,2,5,4677.47,23387.35,0.0,23387.35,10611.76
111190,20230821,272,12,15,6,1,1192.37,1192.37,178.86,1013.51,395.07
111191,20250906,276,8,9,6,15,8152.69,122290.35,0.0,122290.35,52872.54
111192,20250625,109,3,13,8,17,1648.77,28029.09,0.0,28029.09,12147.41
111193,20241120,114,7,10,6,2,11044.9,22089.8,1104.49,20985.31,8989.29
111194,20230405,91,11,18,6,5,4866.69,24333.45,3650.02,20683.43,10187.97
111195,20250913,158,11,19,3,11,4866.69,53533.59,5353.36,48180.23,20800.98
111196,20240724,46,11,8,1,5,4866.69,24333.45,0.0,24333.45,11436.4
111197,20230811,67,4,22,1,3,4210.9,12632.7,0.0,12632.7,6147.41
111198,20240706,87,2,12,10,17,576.14,9794.38,0.0,9794.38,5093.38
111199,20240606,176,12,25,10,4,1192.37,4769.48,0.0,4769.48,1961.16
111200,20231031,177,1,2,2,17,7004.72,119080.24,17862.04,101218.2,43164.79
111201,20230917,19,6,3,1,2,8457.66,16915.32,0.0,16915.32,8265.53
111202,20230603,185,10,10,5,20,4677.47,93549.4,9354.94,84194.46,40539.67
111203,20231008,279,4,10,7,19,4210.9,80007.1,0.0,80007.1,36277.67
111204,20241223,70,8,2,9,14,8152.69,114137.66,0.0,114137.66,50959.87
111205,20230602,141,10,16,4,13,4677.47,60807.11,0.0,60807.11,24099.98
111206,20230807,253,11,2,6,8,4866.69,38933.52,3893.35,35040.17,13186.94
111207,20231221,94,4,10,3,3,4210.9,12632.7,2526.54,10106.16,5460.75
111208,20250725,78,12,24,8,3,1192.37,3577.11,715.42,2861.69,1061.83
111209,20230502,19,6,6,1,10,8457.66,84576.6,0.0,84576.6,40117.48
111210,20230128,13,2,6,2,16,576.14,9218.24,1382.74,7835.5,3496.82
111211,20230319,289,11,18,8,10,4866.69,48666.9,7300.03,41366.87,15772.56
111212,20230312,295,5,7,3,3,12606.96,37820.88,0.0,37820.88,14123.32
111213,20250930,63,8,17,10,14,8152.69,114137.66,11413.77,102723.89,43041.77
111214,20250403,47,6,14,6,8,8457.66,67661.28,3383.06,64278.22,29476.68
111215,20250327,140,11,13,10,11,4866.69,53533.59,2676.68,50856.91,20692.63
111216,20241025,193,10,13,3,1,4677.47,4677.47,467.75,4209.72,1822.53
111217,20231124,266,6,8,1,13,8457.66,109949.58,21989.92,87959.66,44098.54
111218,20250926,159,10,6,4,18,4677.47,84194.46,4209.72,79984.74,29068.72
111219,20250820,40,2,23,2,7,576.14,4032.98,604.95,3428.03,1481.49
111220,20241219,148,4,4,3,8,4210.9,33687.2,0.0,33687.2,12582.8
111221,20231017,251,12,2,4,14,1192.37,16693.18,1669.32,15023.86,6117.46
111222,20240926,246,9,7,9,19,2112.21,40131.99,4013.2,36118.79,16735.74
111223,20230210,143,10,16,10,20,4677.47,93549.4,9354.94,84194.46,29772.91
111224,20230323,108,4,16,8,19,4210.9,80007.1,4000.36,76006.74,32753.23
111225,20251117,172,12,1,1,6,1192.37,7154.22,357.71,6796.51,2920.8
111226,20230418,220,5,10,1,1,12606.96,12606.96,630.35,11976.61,6011.42
111227,20241017,247,8,14,10,3,8152.69,24458.07,0.0,24458.07,8620.61
111228,20231111,201,1,2,8,12,7004.72,84056.64,0.0,84056.64,38799.71
111229,20240316,178,8,9,5,2,8152.69,16305.38,1630.54,14674.84,6614.19
111230,20241121,55,8,10,4,9,8152.69,73374.21,0.0,73374.21,39787.82
111231,20240513,270,9,5,10,11,2112.21,23234.31,1161.72,22072.59,8524.41
111232,20240517,180,6,5,7,13,8457.66,109949.58,0.0,109949.58,43003.98
111233,20230501,197,2,16,2,16,576.14,9218.24,460.91,8757.33,3962.64
111234,20230402,145,4,18,8,3,4210.9,12632.7,1894.9,10737.8,3780.38
111235,20240317,56,1,11,2,20,7004.72,140094.4,7004.72,133089.68,68270.0
111236,20241221,15,8,13,6,4,8152.69,32610.76,0.0,32610.76,15791.05
111237,20251119,220,9,15,1,4,2112.21,8448.84,1267.33,7181.51,3136.42
111238,20230502,247,4,8,10,18,4210.9,75796.2,0.0,75796.2,28146.92
111239,20240108,28,1,20,4,4,7004.72,28018.88,0.0,28018.88,13185.25
111240,20251212,71,2,22,4,13,576.14,7489.82,374.49,7115.33,3743.17
111241,20251113,144,8,20,5,7,8152.69,57068.83,2853.44,54215.39,28052.04
111242,20240326,198,5,13,7,20,12606.96,252139.2,0.0,252139.2,138571.26
111243,20230820,8,10,14,10,2,4677.47,9354.94,0.0,9354.94,3711.98
111244,20231114,76,11,7,3,18,4866.69,87600.42,4380.02,83220.4,31886.94
111245,20240505,192,4,15,1,11,4210.9,46319.9,0.0,46319.9,20814.33
111246,20231006,239,12,2,5,11,1192.37,13116.07,655.8,12460.27,6241.23
111247,20241011,15,11,3,6,18,4866.69,87600.42,13140.06,74460.36,35440.65
111248,20250628,78,1,14,8,20,7004.72,140094.4,7004.72,133089.68,69618.67
111249,20250622,255,7,16,3,15,11044.9,165673.5,8283.68,157389.82,79687.57
111250,20250823,63,4,1,10,17,4210.9,71585.3,3579.27,68006.03,34916.97
111251,20251026,108,10,16,8,5,4677.47,23387.35,0.0,23387.35,8369.91
111252,20250520,109,3,20,8,11,1648.77,18136.47,906.82,17229.65,7971.69
111253,20250208,182,8,10,10,17,8152.69,138595.73,20789.36,117806.37,55040.78
111254,20240511,206,8,21,3,1,8152.69,8152.69,407.63,7745.06,2812.41
111255,20251009,184,1,1,9,7,7004.72,49033.04,2451.65,46581.39,23866.6
111256,20240903,29,5,7,1,18,12606.96,226925.28,11346.26,215579.02,79260.29
111257,20240223,36,6,1,10,1,8457.66,8457.66,845.77,7611.89,3720.1
111258,20240306,190,11,7,4,10,4866.69,48666.9,4866.69,43800.21,18140.41
111259,20240823,95,6,11,6,13,8457.66,109949.58,0.0,109949.58,58613.95
111260,20230510,227,9,10,7,7,2112.21,14785.47,2217.82,12567.65,6569.52
111261,20250713,200,1,4,5,17,7004.72,119080.24,11908.02,107172.22,41759.34
111262,20250105,245,11,19,7,17,4866.69,82733.73,16546.75,66186.98,35946.31
111263,20250226,182,12,22,10,8,1192.37,9538.96,476.95,9062.01,3835.26
111264,20240618,209,10,7,9,14,4677.47,65484.58,0.0,65484.58,32870.99
111265,20240112,168,10,19,10,1,4677.47,4677.47,0.0,4677.47,2388.0
111266,20230115,36,10,8,10,19,4677.47,88871.93,8887.19,79984.74,39621.35
111267,20251109,41,12,24,9,17,1192.37,20270.29,2027.03,18243.26,7245.66
111268,20240117,144,5,12,5,16,12606.96,201711.36,20171.14,181540.22,93558.37
111269,20240930,94,6,19,3,12,8457.66,101491.92,5074.6,96417.32,36786.72
111270,20231116,286,7,25,10,19,11044.9,209853.1,0.0,209853.1,97970.88
111271,20240330,257,3,4,7,2,1648.77,3297.54,164.88,3132.66,1433.87
111272,20241210,70,2,22,9,2,576.14,1152.28,0.0,1152.28,508.64
111273,20241119,17,2,7,8,6,576.14,3456.84,345.68,3111.16,1486.77
111274,20250803,12,11,25,6,10,4866.69,48666.9,0.0,48666.9,25358.28
111275,20240615,261,3,5,5,9,1648.77,14838.93,1483.89,13355.04,6798.18
111276,20230207,94,6,20,3,11,8457.66,93034.26,4651.71,88382.55,40797.42
111277,20241029,228,4,20,7,8,4210.9,33687.2,1684.36,32002.84,12913.59
111278,20250327,4,9,12,3,12,2112.21,25346.52,0.0,25346.52,13855.05
111279,20250316,81,6,19,4,20,8457.66,169153.2,0.0,169153.2,84882.56
111280,20240501,163,4,19,2,12,4210.9,50530.8,7579.62,42951.18,21929.09
111281,20250414,63,8,6,10,1,8152.69,8152.69,407.63,7745.06,3093.82
111282,20250922,286,9,20,10,7,2112.21,14785.47,739.27,14046.2,6008.58
111283,20230409,50,6,21,7,6,8457.66,50745.96,2537.3,48208.66,21533.24
111284,20240216,240,5,23,3,18,12606.96,226925.28,22692.53,204232.75,75281.15
111285,20251224,155,5,18,10,16,12606.96,201711.36,10085.57,191625.79,99714.12
111286,20250101,77,10,4,4,18,4677.47,84194.46,8419.45,75775.01,30907.53
111287,20230216,32,3,11,4,11,1648.77,18136.47,2720.47,15416.0,6804.37
111288,20231109,166,8,7,9,4,8152.69,32610.76,6522.15,26088.61,9246.97
111289,20231117,16,4,15,4,8,4210.9,33687.2,5053.08,28634.12,12004.4
111290,20230328,188,11,8,1,7,4866.69,34066.83,3406.68,30660.15,12280.97
111291,20230101,50,7,9,7,15,11044.9,165673.5,8283.68,157389.82,66454.46
111292,20230505,214,1,20,1,8,7004.72,56037.76,0.0,56037.76,20387.25
111293,20250218,181,9,11,10,3,2112.21,6336.63,0.0,6336.63,3117.66
111294,20230523,148,7,11,3,9,11044.9,99404.1,4970.21,94433.89,35043.21
111295,20240226,89,3,1,7,13,1648.77,21434.01,3215.1,18218.91,6621.0
111296,20231216,163,1,3,2,20,7004.72,140094.4,14009.44,126084.96,55166.09
111297,20251110,227,10,11,7,1,4677.47,4677.47,467.75,4209.72,1725.14
111298,20230306,6,7,6,9,5,11044.9,55224.5,0.0,55224.5,28593.37
111299,20230401,39,8,16,9,11,8152.69,89679.59,4483.98,85195.61,37739.31
111300,20240731,280,11,19,6,2,4866.69,9733.38,1946.68,7786.7,4171.52
111301,20240212,289,4,14,8,1,4210.9,4210.9,421.09,3789.81,1812.48
111302,20250919,10,8,24,3,1,8152.69,8152.69,407.63,7745.06,2790.04
111303,20250104,253,10,13,6,11,4677.47,51452.17,0.0,51452.17,20124.9
111304,20240519,37,12,4,3,6,1192.37,7154.22,715.42,6438.8,2672.48
111305,20251028,82,3,3,8,17,1648.77,28029.09,2802.91,25226.18,11532.9
111306,20230118,57,7,5,9,10,11044.9,110449.0,11044.9,99404.1,40131.9
111307,20230525,203,10,14,7,3,4677.47,14032.41,0.0,14032.41,4952.11
111308,20240619,16,9,22,4,10,2112.21,21122.1,1056.11,20065.99,9113.49
111309,20240405,63,6,23,10,2,8457.66,16915.32,1691.53,15223.79,5751.19
111310,20250721,150,4,19,6,8,4210.9,33687.2,5053.08,28634.12,14110.57
111311,20230826,289,2,22,8,13,576.14,7489.82,0.0,7489.82,3093.32
111312,20240729,277,1,14,5,5,7004.72,35023.6,0.0,35023.6,16961.94
111313,20230926,254,10,11,7,17,4677.47,79516.99,11927.55,67589.44,34727.6
111314,20230502,230,3,12,2,2,1648.77,3297.54,329.75,2967.79,1569.84
111315,20240125,98,11,22,4,8,4866.69,38933.52,3893.35,35040.17,12414.87
111316,20230413,214,9,6,1,5,2112.21,10561.05,0.0,10561.05,4149.78
111317,20251110,145,6,6,8,18,8457.66,152237.88,0.0,152237.88,60903.25
111318,20250817,264,6,15,6,11,8457.66,93034.26,13955.14,79079.12,40965.22
111319,20240402,75,7,13,1,3,11044.9,33134.7,6626.94,26507.76,10390.05
111320,20231115,58,2,17,3,14,576.14,8065.96,0.0,8065.96,4056.14
111321,20230330,66,6,11,3,3,8457.66,25372.98,0.0,25372.98,13345.35
111322,20250314,89,10,10,7,6,4677.47,28064.82,2806.48,25258.34,12202.33
111323,20250414,149,11,20,10,16,4866.69,77867.04,7786.7,70080.34,24760.02
111324,20230211,112,5,11,4,13,12606.96,163890.48,0.0,163890.48,69029.59
111325,20241107,70,8,9,9,5,8152.69,40763.45,8152.69,32610.76,12131.53
111326,20230730,300,6,25,8,16,8457.66,135322.56,0.0,135322.56,62716.39
111327,20240915,59,11,19,6,1,4866.69,4866.69,0.0,4866.69,1960.51
111328,20230411,223,6,10,10,16,8457.66,135322.56,6766.13,128556.43,66369.68
111329,20231028,154,1,21,9,20,7004.72,140094.4,7004.72,133089.68,56885.22
111330,20250525,207,2,22,7,4,576.14,2304.56,345.68,1958.88,1025.85
111331,20250628,30,1,15,9,9,7004.72,63042.48,3152.12,59890.36,30084.22
111332,20230126,7,7,3,2,18,11044.9,198808.2,0.0,198808.2,104304.66
111333,20240124,59,6,12,6,14,8457.66,118407.24,17761.09,100646.15,44523.26
111334,20241011,96,2,14,5,7,576.14,4032.98,0.0,4032.98,2056.97
111335,20231119,132,12,9,7,10,1192.37,11923.7,2384.74,9538.96,4016.59
111336,20230301,231,7,11,3,10,11044.9,110449.0,5522.45,104926.55,57625.66
111337,20251114,296,2,11,8,12,576.14,6913.68,345.68,6568.0,3116.84
111338,20250812,252,6,22,1,4,8457.66,33830.64,5074.6,28756.04,10831.57
111339,20251021,11,8,24,9,10,8152.69,81526.9,0.0,81526.9,30396.0
111340,20230103,99,8,24,4,7,8152.69,57068.83,5706.88,51361.95,18101.67
111341,20230806,155,6,6,10,8,8457.66,67661.28,0.0,67661.28,25454.86
111342,20230812,148,3,21,3,2,1648.77,3297.54,0.0,3297.54,1220.47
111343,20240310,294,6,8,2,17,8457.66,143780.22,0.0,143780.22,50752.19
111344,20250917,37,12,17,3,10,1192.37,11923.7,596.19,11327.51,3990.96
111345,20230222,125,12,11,3,4,1192.37,4769.48,238.47,4531.01,2127.18
111346,20240302,112,4,4,4,8,4210.9,33687.2,1684.36,32002.84,16872.37
111347,20230314,183,12,16,5,5,1192.37,5961.85,596.19,5365.66,1934.57
111348,20250711,104,2,3,7,12,576.14,6913.68,691.37,6222.31,3126.05
111349,20250425,251,7,22,4,6,11044.9,66269.4,9940.41,56328.99,25379.95
111350,20250525,184,9,5,9,13,2112.21,27458.73,0.0,27458.73,9754.17
111351,20230717,193,2,17,3,2,576.14,1152.28,0.0,1152.28,628.63
111352,20240316,269,8,19,9,9,8152.69,73374.21,0.0,73374.21,28780.02
111353,20240801,4,12,12,3,10,1192.37,11923.7,1192.37,10731.33,4523.77
111354,20230529,171,11,13,6,20,4866.69,97333.8,4866.69,92467.11,50825.69
111355,20231117,96,10,19,5,3,4677.47,14032.41,1403.24,12629.17,5802.94
111356,20230518,84,9,21,2,1,2112.21,2112.21,105.61,2006.6,729.65
111357,20230623,240,8,23,3,1,8152.69,8152.69,0.0,8152.69,4228.61
111358,20251213,96,8,15,5,4,8152.69,32610.76,1630.54,30980.22,12925.25
111359,20251013,266,6,21,1,18,8457.66,152237.88,7611.89,144625.99,62095.17
111360,20230909,80,2,23,8,15,576.14,8642.1,432.11,8209.99,4082.32
111361,20240802,133,5,4,7,12,12606.96,151283.52,15128.35,136155.17,57456.26
111362,20240808,110,8,11,5,20,8152.69,163053.8,8152.69,154901.11,63292.4
111363,20251227,39,4,5,9,18,4210.9,75796.2,7579.62,68216.58,25464.53
111364,20230129,49,3,20,4,12,1648.77,19785.24,0.0,19785.24,8004.13
111365,20240716,163,8,7,2,11,8152.69,89679.59,0.0,89679.59,36115.95
111366,20250704,56,12,24,2,10,1192.37,11923.7,1788.56,10135.14,5428.67
111367,20230621,102,2,2,2,9,576.14,5185.26,259.26,4926.0,2438.22
111368,20231021,256,5,2,2,9,12606.96,113462.64,0.0,113462.64,45415.55
111369,20240727,109,2,21,8,6,576.14,3456.84,172.84,3284.0,1305.61
111370,20231228,217,6,4,3,5,8457.66,42288.3,4228.83,38059.47,15263.86
111371,20240115,294,10,5,2,13,4677.47,60807.11,6080.71,54726.4,21289.48
111372,20230308,18,10,12,7,4,4677.47,18709.88,0.0,18709.88,9642.12
111373,20230620,95,3,5,6,15,1648.77,24731.55,2473.16,22258.39,12197.25
111374,20230722,180,9,9,7,5,2112.21,10561.05,0.0,10561.05,3874.6
111375,20250828,152,3,6,9,8,1648.77,13190.16,0.0,13190.16,5482.77
111376,20240318,45,12,25,3,7,1192.37,8346.59,0.0,8346.59,3726.88
111377,20251002,14,4,10,4,1,4210.9,4210.9,210.54,4000.36,2083.54
111378,20230711,138,9,12,4,10,2112.21,21122.1,0.0,21122.1,9090.58
111379,20250619,137,9,24,7,4,2112.21,8448.84,422.44,8026.4,3113.51
111380,20250907,284,6,5,9,19,8457.66,160695.54,8034.78,152660.76,62305.3
111381,20251107,130,11,25,10,13,4866.69,63266.97,3163.35,60103.62,22529.89
111382,20231110,207,2,16,7,12,576.14,6913.68,691.37,6222.31,3190.16
111383,20250327,77,8,23,4,10,8152.69,81526.9,0.0,81526.9,38514.04
111384,20230419,115,10,4,6,13,4677.47,60807.11,0.0,60807.11,22960.56
111385,20230617,56,2,4,2,16,576.14,9218.24,0.0,9218.24,3264.07
111386,20251013,279,11,22,7,16,4866.69,77867.04,0.0,77867.04,31913.81
111387,20230411,192,3,4,1,15,1648.77,24731.55,2473.16,22258.39,8362.05
111388,20251020,124,10,16,10,2,4677.47,9354.94,467.75,8887.19,3850.36
111389,20240410,64,7,5,9,19,11044.9,209853.1,0.0,209853.1,113123.89
111390,20230417,232,8,4,6,19,8152.69,154901.11,0.0,154901.11,82621.72
111391,20250608,251,12,9,4,3,1192.37,3577.11,357.71,3219.4,1374.51
111392,20230415,208,5,18,4,11,12606.96,138676.56,20801.48,117875.08,64350.71
111393,20251208,277,11,10,5,10,4866.69,48666.9,0.0,48666.9,18358.83
111394,20241129,30,5,24,9,20,12606.96,252139.2,25213.92,226925.28,102621.89
111395,20240819,182,4,17,10,14,4210.9,58952.6,2947.63,56004.97,30683.74
111396,20240822,162,2,6,3,14,576.14,8065.96,0.0,8065.96,3109.44
111397,20250501,216,8,8,3,4,8152.69,32610.76,0.0,32610.76,12535.25
111398,20240706,48,12,15,5,18,1192.37,21462.66,4292.53,17170.13,9133.54
111399,20230701,41,3,13,9,18,1648.77,29677.86,5935.57,23742.29,10934.73
111400,20251125,190,1,13,4,7,7004.72,49033.04,0.0,49033.04,26616.31
111401,20251215,175,7,24,9,19,11044.9,209853.1,10492.66,199360.44,89107.44
111402,20230103,148,6,21,3,13,8457.66,109949.58,5497.48,104452.1,54046.02
111403,20240111,223,12,8,10,10,1192.37,11923.7,0.0,11923.7,4898.03
111404,20240226,185,10,6,5,17,4677.47,79516.99,11927.55,67589.44,32289.57
111405,20230124,9,6,5,9,12,8457.66,101491.92,0.0,101491.92,39778.91
111406,20240108,244,3,11,10,18,1648.77,29677.86,4451.68,25226.18,10862.32
111407,20251103,95,2,3,6,9,576.14,5185.26,0.0,5185.26,2383.78
111408,20251024,240,5,5,3,14,12606.96,176497.44,0.0,176497.44,84086.83
111409,20240930,240,2,6,3,3,576.14,1728.42,172.84,1555.58,661.27
111410,20230915,242,6,15,8,7,8457.66,59203.62,0.0,59203.62,29117.65
111411,20230309,13,7,4,2,4,11044.9,44179.6,6626.94,37552.66,18219.1
111412,20240402,223,9,20,10,12,2112.21,25346.52,3801.98,21544.54,10184.52
111413,20250819,146,9,1,6,6,2112.21,12673.26,1900.99,10772.27,4188.64
111414,20250104,82,4,11,8,17,4210.9,71585.3,3579.27,68006.03,33072.73
111415,20250606,121,9,7,4,17,2112.21,35907.57,0.0,35907.57,13015.32
111416,20240813,299,2,13,6,20,576.14,11522.8,576.14,10946.66,4102.56
111417,20241031,166,7,4,9,7,11044.9,77314.3,7731.43,69582.87,30316.82
111418,20230416,160,8,21,3,11,8152.69,89679.59,13451.94,76227.65,28454.92
111419,20230114,149,3,9,10,5,1648.77,8243.85,0.0,8243.85,3802.86
111420,20250316,192,9,19,1,19,2112.21,40131.99,0.0,40131.99,16006.59
111421,20241124,245,2,15,7,14,576.14,8065.96,403.3,7662.66,3774.34
111422,20240129,260,5,19,6,20,12606.96,252139.2,25213.92,226925.28,80421.38
111423,20240707,232,8,5,6,16,8152.69,130443.04,6522.15,123920.89,54595.1
111424,20251112,13,10,5,2,16,4677.47,74839.52,14967.9,59871.62,29877.2
111425,20230531,153,1,1,2,10,7004.72,70047.2,7004.72,63042.48,33702.74
111426,20230418,271,8,20,3,18,8152.69,146748.42,0.0,146748.42,65285.37
111427,20250603,57,9,17,9,11,2112.21,23234.31,1161.72,22072.59,9242.06
111428,20240708,187,3,4,10,13,1648.77,21434.01,0.0,21434.01,8208.72
111429,20230312,48,2,24,5,17,576.14,9794.38,0.0,9794.38,3758.8
111430,20241029,130,11,18,10,11,4866.69,53533.59,0.0,53533.59,26573.12
111431,20230617,71,2,23,4,12,576.14,6913.68,345.68,6568.0,2707.55
111432,20250515,126,4,8,1,18,4210.9,75796.2,0.0,75796.2,40461.99
111433,20250826,292,11,18,5,9,4866.69,43800.21,0.0,43800.21,23885.07
111434,20230403,52,8,15,3,1,8152.69,8152.69,1222.9,6929.79,3287.01
111435,20230417,169,4,7,8,15,4210.9,63163.5,0.0,63163.5,23667.81
111436,20240428,195,4,20,9,20,4210.9,84218.0,4210.9,80007.1,40619.05
111437,20250412,174,2,9,7,7,576.14,4032.98,201.65,3831.33,1670.26
111438,20250219,293,1,12,2,10,7004.72,70047.2,7004.72,63042.48,24336.38
111439,20230324,299,3,13,6,16,1648.77,26380.32,0.0,26380.32,14320.39
111440,20240716,6,5,16,9,14,12606.96,176497.44,17649.74,158847.7,71714.02
111441,20240521,14,8,8,4,11,8152.69,89679.59,13451.94,76227.65,33087.38
111442,20230201,250,10,15,8,9,4677.47,42097.23,0.0,42097.23,21969.85
111443,20250823,224,9,12,10,13,2112.21,27458.73,0.0,27458.73,14205.47
111444,20231108,161,6,19,7,8,8457.66,67661.28,0.0,67661.28,30886.23
111445,20251028,196,10,11,8,10,4677.47,46774.7,2338.74,44435.96,16088.75
111446,20230914,91,1,22,6,20,7004.72,140094.4,7004.72,133089.68,53886.73
111447,20250113,104,2,23,7,16,576.14,9218.24,1382.74,7835.5,3328.24
111448,20241123,290,7,5,8,16,11044.9,176718.4,0.0,176718.4,90992.11
111449,20240419,154,11,4,9,5,4866.69,24333.45,1216.67,23116.78,9203.01
111450,20240502,241,1,8,1,15,7004.72,105070.8,0.0,105070.8,45021.76
111451,20250503,263,6,16,10,12,8457.66,101491.92,0.0,101491.92,47642.48
111452,20250222,54,4,20,8,9,4210.9,37898.1,0.0,37898.1,19192.7
111453,20240417,121,3,16,4,13,1648.77,21434.01,0.0,21434.01,11002.35
111454,20250209,112,10,17,4,9,4677.47,42097.23,2104.86,39992.37,20291.45
111455,20250728,78,3,11,8,4,1648.77,6595.08,0.0,6595.08,2736.93
111456,20240916,266,2,12,1,7,576.14,4032.98,0.0,4032.98,1760.77
111457,20230417,194,4,20,4,17,4210.9,71585.3,0.0,71585.3,32562.31
111458,20251214,170,6,9,3,6,8457.66,50745.96,0.0,50745.96,21734.89
111459,20240526,203,1,2,7,16,7004.72,112075.52,5603.78,106471.74,53112.6
111460,20240315,174,1,13,7,4,7004.72,28018.88,4202.83,23816.05,10494.0
111461,20240224,262,3,2,2,15,1648.77,24731.55,0.0,24731.55,9215.64
111462,20240906,287,7,11,4,15,11044.9,165673.5,8283.68,157389.82,77324.29
111463,20230819,7,4,6,2,2,4210.9,8421.8,0.0,8421.8,3384.01
111464,20230722,250,4,22,8,6,4210.9,25265.4,1263.27,24002.13,9932.94
111465,20241021,158,4,3,3,5,4210.9,21054.5,0.0,21054.5,9087.59
111466,20240527,5,12,1,10,20,1192.37,23847.4,0.0,23847.4,13041.61
111467,20240514,230,9,4,2,10,2112.21,21122.1,0.0,21122.1,9859.11
111468,20251218,240,12,8,3,14,1192.37,16693.18,2503.98,14189.2,7455.91
111469,20250424,119,5,2,10,12,12606.96,151283.52,30256.7,121026.82,64171.76
111470,20230612,104,1,2,7,12,7004.72,84056.64,4202.83,79853.81,31670.11
111471,20250204,106,3,15,2,19,1648.77,31326.63,0.0,31326.63,12032.31
111472,20240327,64,7,16,9,4,11044.9,44179.6,2208.98,41970.62,15839.78
111473,20250430,282,2,22,4,15,576.14,8642.1,864.21,7777.89,3200.98
111474,20230711,148,5,5,3,8,12606.96,100855.68,0.0,100855.68,51714.84
111475,20231115,51,6,13,3,2,8457.66,16915.32,0.0,16915.32,8191.59
111476,20231211,155,8,10,10,13,8152.69,105984.97,15897.75,90087.22,41024.38
111477,20250910,291,3,16,9,3,1648.77,4946.31,247.32,4698.99,1977.65
111478,20230527,118,8,2,2,7,8152.69,57068.83,5706.88,51361.95,25274.92
111479,20250714,235,9,24,8,1,2112.21,2112.21,105.61,2006.6,905.46
111480,20240816,52,8,17,3,14,8152.69,114137.66,22827.53,91310.13,40565.35
111481,20240403,111,7,20,7,8,11044.9,88359.2,4417.96,83941.24,41773.05
111482,20241105,252,3,1,1,5,1648.77,8243.85,0.0,8243.85,4360.04
111483,20231201,63,1,10,10,18,7004.72,126084.96,25216.99,100867.97,37244.64
111484,20240615,214,9,21,1,3,2112.21,6336.63,0.0,6336.63,2894.43
111485,20240410,125,2,7,3,17,576.14,9794.38,489.72,9304.66,4532.18
111486,20240814,295,3,7,3,11,1648.77,18136.47,1813.65,16322.82,7971.9
111487,20231003,143,10,7,10,16,4677.47,74839.52,7483.95,67355.57,25079.47
111488,20240724,51,8,13,3,6,8152.69,48916.14,4891.61,44024.53,20303.0
111489,20241111,54,1,8,8,1,7004.72,7004.72,1050.71,5954.01,3130.74
111490,20230525,211,5,2,10,9,12606.96,113462.64,0.0,113462.64,62071.38
111491,20250816,205,3,4,7,4,1648.77,6595.08,329.75,6265.33,2889.32
111492,20250613,19,5,8,1,17,12606.96,214318.32,10715.92,203602.4,75650.85
111493,20251115,76,2,20,3,19,576.14,10946.66,1094.67,9851.99,3782.39
111494,20250208,76,5,10,3,3,12606.96,37820.88,1891.04,35929.84,17970.04
111495,20230522,214,7,24,1,10,11044.9,110449.0,22089.8,88359.2,32322.92
111496,20230207,189,8,24,1,11,8152.69,89679.59,0.0,89679.59,46209.14
111497,20230601,118,5,8,2,3,12606.96,37820.88,0.0,37820.88,19540.96
111498,20240331,49,5,19,4,8,12606.96,100855.68,5042.78,95812.9,50677.81
111499,20251125,80,3,7,8,12,1648.77,19785.24,1978.52,17806.72,9259.06
111500,20240511,142,12,16,1,6,1192.37,7154.22,715.42,6438.8,2806.26
111501,20240707,228,2,20,7,8,576.14,4609.12,230.46,4378.66,1900.87
111502,20231207,228,11,15,7,7,4866.69,34066.83,0.0,34066.83,15162.39
111503,20231004,130,1,8,10,13,7004.72,91061.36,0.0,91061.36,45547.63
111504,20230324,7,12,6,2,12,1192.37,14308.44,1430.84,12877.6,6211.37
111505,20230119,221,12,9,1,13,1192.37,15500.81,1550.08,13950.73,6147.64
111506,20250119,34,8,5,6,16,8152.69,130443.04,13044.3,117398.74,62575.02
111507,20241003,113,3,19,8,4,1648.77,6595.08,1319.02,5276.06,2061.01
111508,20250224,167,12,11,7,14,1192.37,16693.18,0.0,16693.18,6204.81
111509,20240206,3,1,3,3,12,7004.72,84056.64,4202.83,79853.81,31442.31
111510,20240109,131,1,8,10,2,7004.72,14009.44,700.47,13308.97,5025.83
111511,20251104,115,5,7,6,13,12606.96,163890.48,0.0,163890.48,67213.14
111512,20250224,218,4,1,2,19,4210.9,80007.1,8000.71,72006.39,37664.46
111513,20230402,194,7,19,4,11,11044.9,121493.9,6074.69,115419.21,61910.3
111514,20240810,139,1,13,2,14,7004.72,98066.08,9806.61,88259.47,36211.0
111515,20250415,189,2,11,1,15,576.14,8642.1,0.0,8642.1,4170.81
111516,20231108,119,1,1,10,5,7004.72,35023.6,1751.18,33272.42,12993.94
111517,20240722,296,11,5,8,18,4866.69,87600.42,0.0,87600.42,35858.62
111518,20241102,22,8,10,4,6,8152.69,48916.14,4891.61,44024.53,21379.67
111519,20231018,279,1,7,7,16,7004.72,112075.52,22415.1,89660.42,43652.02
111520,20240702,16,1,1,4,3,7004.72,21014.16,0.0,21014.16,11524.58
111521,20250606,272,10,16,6,16,4677.47,74839.52,3741.98,71097.54,28072.31
111522,20250604,132,10,13,7,10,4677.47,46774.7,0.0,46774.7,25484.3
111523,20231110,59,7,19,6,14,11044.9,154628.6,15462.86,139165.74,63276.7
111524,20231214,257,7,19,7,16,11044.9,176718.4,8835.92,167882.48,73996.45
111525,20240424,151,9,11,3,20,2112.21,42244.2,2112.21,40131.99,21168.68
111526,20250109,243,3,5,10,7,1648.77,11541.39,1154.14,10387.25,4291.73
111527,20250404,18,6,23,7,15,8457.66,126864.9,6343.24,120521.66,55366.19
111528,20241003,235,6,17,8,4,8457.66,33830.64,6766.13,27064.51,9665.52
111529,20250125,158,5,15,3,12,12606.96,151283.52,0.0,151283.52,60849.84
111530,20250130,252,4,16,1,19,4210.9,80007.1,8000.71,72006.39,29065.03
111531,20230319,30,3,1,9,8,1648.77,13190.16,0.0,13190.16,7190.2
111532,20251009,27,8,17,9,19,8152.69,154901.11,23235.17,131665.94,64897.05
111533,20250907,270,12,25,10,8,1192.37,9538.96,953.9,8585.06,4143.14
111534,20230930,192,11,2,1,20,4866.69,97333.8,9733.38,87600.42,44444.76
111535,20250108,232,4,6,6,6,4210.9,25265.4,3789.81,21475.59,8307.82
111536,20231004,206,1,3,3,15,7004.72,105070.8,15760.62,89310.18,36369.8
111537,20250316,272,9,25,6,7,2112.21,14785.47,0.0,14785.47,7876.97
111538,20230613,70,5,5,9,7,12606.96,88248.72,0.0,88248.72,34211.89
111539,20230319,215,2,23,5,17,576.14,9794.38,0.0,9794.38,4078.02
111540,20250917,74,8,17,7,12,8152.69,97832.28,4891.61,92940.67,32959.48
111541,20240306,149,9,10,10,16,2112.21,33795.36,3379.54,30415.82,11129.18
111542,20250317,242,4,7,8,19,4210.9,80007.1,8000.71,72006.39,25901.09
111543,20231112,63,4,24,10,15,4210.9,63163.5,0.0,63163.5,28701.94
111544,20231117,249,5,1,3,7,12606.96,88248.72,17649.74,70598.98,30879.75
111545,20240814,245,5,8,7,9,12606.96,113462.64,0.0,113462.64,51756.14
111546,20250108,229,11,14,5,12,4866.69,58400.28,11680.06,46720.22,19844.83
111547,20230505,73,2,17,2,13,576.14,7489.82,1123.47,6366.35,3405.05
111548,20231012,45,10,10,3,4,4677.47,18709.88,0.0,18709.88,8327.05
111549,20240518,262,7,3,2,18,11044.9,198808.2,19880.82,178927.38,63594.59
111550,20241217,155,1,21,10,8,7004.72,56037.76,8405.66,47632.1,18526.2
111551,20250104,114,6,11,6,11,8457.66,93034.26,4651.71,88382.55,43729.22
111552,20240206,230,3,1,2,11,1648.77,18136.47,1813.65,16322.82,5764.67
111553,20250505,151,3,1,3,20,1648.77,32975.4,0.0,32975.4,12478.81
111554,20250112,291,8,8,9,20,8152.69,163053.8,16305.38,146748.42,64974.75
111555,20230407,229,2,2,5,13,576.14,7489.82,748.98,6740.84,2389.04
111556,20230724,44,12,8,1,1,1192.37,1192.37,0.0,1192.37,456.01
111557,20231123,128,6,23,8,10,8457.66,84576.6,0.0,84576.6,41239.82
111558,20240615,164,4,14,9,11,4210.9,46319.9,0.0,46319.9,23537.23
111559,20250310,244,12,10,10,4,1192.37,4769.48,715.42,4054.06,1484.43
111560,20250320,113,9,6,8,9,2112.21,19009.89,0.0,19009.89,10105.74
111561,20240118,86,4,20,7,16,4210.9,67374.4,0.0,67374.4,32880.24
111562,20240621,112,10,14,4,2,4677.47,9354.94,467.75,8887.19,4156.58
111563,20230422,235,10,7,8,19,4677.47,88871.93,13330.79,75541.14,26500.96
111564,20230715,181,11,1,10,15,4866.69,73000.35,0.0,73000.35,38153.11
111565,20251223,40,7,25,2,12,11044.9,132538.8,0.0,132538.8,69173.02
111566,20251227,186,12,22,4,3,1192.37,3577.11,357.71,3219.4,1541.05
111567,20240216,80,1,23,8,20,7004.72,140094.4,0.0,140094.4,55433.27
111568,20250201,122,5,5,9,9,12606.96,113462.64,5673.13,107789.51,44873.01
111569,20230613,164,3,23,9,18,1648.77,29677.86,5935.57,23742.29,8560.64
111570,20250503,135,9,14,2,4,2112.21,8448.84,1689.77,6759.07,2789.75
111571,20250724,298,4,22,4,6,4210.9,25265.4,0.0,25265.4,12424.33
111572,20250330,137,10,6,7,17,4677.47,79516.99,11927.55,67589.44,29515.89
111573,20251217,289,10,14,8,17,4677.47,79516.99,0.0,79516.99,30769.16
111574,20250512,194,10,24,4,20,4677.47,93549.4,0.0,93549.4,33755.74
111575,20241017,160,8,13,3,9,8152.69,73374.21,14674.84,58699.37,29826.61
111576,20240812,140,5,5,10,18,12606.96,226925.28,0.0,226925.28,103937.47
111577,20251119,99,3,11,4,12,1648.77,19785.24,0.0,19785.24,7551.09
111578,20250320,34,8,21,6,18,8152.69,146748.42,0.0,146748.42,64244.85
111579,20250728,95,2,8,6,14,576.14,8065.96,403.3,7662.66,2715.96
111580,20250318,220,1,6,1,5,7004.72,35023.6,1751.18,33272.42,13168.24
111581,20250420,183,1,4,5,6,7004.72,42028.32,0.0,42028.32,15210.93
111582,20230121,107,5,4,6,16,12606.96,201711.36,10085.57,191625.79,92549.11
111583,20250926,59,4,16,6,16,4210.9,67374.4,3368.72,64005.68,30382.66
111584,20251130,194,5,1,4,9,12606.96,113462.64,5673.13,107789.51,38386.7
111585,20231107,23,11,18,9,14,4866.69,68133.66,6813.37,61320.29,30304.72
111586,20251007,272,7,7,6,12,11044.9,132538.8,13253.88,119284.92,58118.57
111587,20240525,8,12,23,10,3,1192.37,3577.11,357.71,3219.4,1210.14
111588,20240908,61,6,8,7,11,8457.66,93034.26,0.0,93034.26,36250.32
111589,20251030,242,1,21,8,12,7004.72,84056.64,8405.66,75650.98,35872.25
111590,20231129,76,2,25,3,14,576.14,8065.96,1209.89,6856.07,3391.5
111591,20240330,89,3,9,7,1,1648.77,1648.77,164.88,1483.89,782.38
111592,20251202,151,11,1,3,16,4866.69,77867.04,0.0,77867.04,30352.86
111593,20240512,136,2,14,3,5,576.14,2880.7,432.1,2448.6,1272.03
111594,20231026,165,11,25,10,5,4866.69,24333.45,1216.67,23116.78,9368.28
111595,20230222,72,10,4,1,7,4677.47,32742.29,0.0,32742.29,12454.17
111596,20250516,11,4,19,9,6,4210.9,25265.4,2526.54,22738.86,10517.64
111597,20250421,168,9,25,10,2,2112.21,4224.42,0.0,4224.42,2271.92
111598,20251114,191,6,24,10,3,8457.66,25372.98,0.0,25372.98,11833.3
111599,20250518,207,12,8,7,4,1192.37,4769.48,238.47,4531.01,1613.22
111600,20251107,126,1,20,1,15,7004.72,105070.8,0.0,105070.8,37383.0
111601,20240829,193,4,11,3,1,4210.9,4210.9,210.54,4000.36,1586.23
111602,20230812,281,9,11,7,20,2112.21,42244.2,0.0,42244.2,18738.58
111603,20250110,123,4,12,8,20,4210.9,84218.0,8421.8,75796.2,30436.58
111604,20230402,292,6,21,5,8,8457.66,67661.28,13532.26,54129.02,27802.38
111605,20231214,137,11,21,7,8,4866.69,38933.52,7786.7,31146.82,12129.28
111606,20241101,10,7,19,3,17,11044.9,187763.3,18776.33,168986.97,88343.69
111607,20240513,112,12,17,4,20,1192.37,23847.4,0.0,23847.4,9891.59
111608,20240628,256,12,3,2,6,1192.37,7154.22,357.71,6796.51,3117.81
111609,20250317,194,5,25,4,10,12606.96,126069.6,6303.48,119766.12,65629.87
111610,20250412,248,9,23,10,13,2112.21,27458.73,1372.94,26085.79,10020.36
111611,20251021,183,12,11,5,4,1192.37,4769.48,0.0,4769.48,2400.6
111612,20230419,49,2,17,4,7,576.14,4032.98,201.65,3831.33,1643.96
111613,20240408,255,1,23,3,11,7004.72,77051.92,0.0,77051.92,32473.33
111614,20241120,54,6,9,8,3,8457.66,25372.98,2537.3,22835.68,8795.92
111615,20240327,276,7,3,6,10,11044.9,110449.0,0.0,110449.0,52084.31
111616,20230913,116,11,21,4,18,4866.69,87600.42,0.0,87600.42,44688.11
111617,20251120,33,5,23,10,2,12606.96,25213.92,0.0,25213.92,8871.17
111618,20230812,63,10,1,10,12,4677.47,56129.64,0.0,56129.64,23043.81
111619,20240922,88,11,18,6,4,4866.69,19466.76,973.34,18493.42,9999.12
111620,20251029,18,11,24,7,17,4866.69,82733.73,0.0,82733.73,39429.33
111621,20250323,116,6,12,4,4,8457.66,33830.64,1691.53,32139.11,16275.55
111622,20250327,98,5,23,4,9,12606.96,113462.64,0.0,113462.64,49158.11
111623,20231121,149,8,14,10,18,8152.69,146748.42,0.0,146748.42,72462.23
111624,20241009,274,5,12,3,19,12606.96,239532.24,11976.61,227555.63,86426.66
111625,20250128,23,2,22,9,3,576.14,1728.42,0.0,1728.42,612.7
111626,20231014,220,9,10,1,19,2112.21,40131.99,2006.6,38125.39,16838.42
111627,20251009,222,12,4,8,19,1192.37,22655.03,0.0,22655.03,8530.25
111628,20250812,206,4,15,3,15,4210.9,63163.5,0.0,63163.5,32629.37
111629,20250625,153,12,8,2,4,1192.37,4769.48,476.95,4292.53,2014.45
111630,20250223,196,8,3,8,3,8152.69,24458.07,1222.9,23235.17,11890.65
111631,20240220,172,3,5,1,20,1648.77,32975.4,3297.54,29677.86,16158.09
111632,20250325,86,10,21,7,3,4677.47,14032.41,701.62,13330.79,6365.65
111633,20240216,240,6,20,3,8,8457.66,67661.28,13532.26,54129.02,23860.61
111634,20230926,245,6,4,7,7,8457.66,59203.62,0.0,59203.62,30989.36
111635,20241031,267,12,13,1,5,1192.37,5961.85,894.28,5067.57,2251.81
111636,20240225,269,10,9,9,16,4677.47,74839.52,7483.95,67355.57,36700.55
111637,20241119,154,11,21,9,2,4866.69,9733.38,486.67,9246.71,3717.44
111638,20241208,127,10,7,8,9,4677.47,42097.23,0.0,42097.23,16289.24
111639,20240323,209,5,14,9,6,12606.96,75641.76,3782.09,71859.67,32957.75
111640,20230411,193,10,13,3,15,4677.47,70162.05,7016.21,63145.84,31194.21
111641,20230113,204,5,15,8,10,12606.96,126069.6,0.0,126069.6,52709.96
111642,20230203,115,8,11,6,1,8152.69,8152.69,0.0,8152.69,4336.04
111643,20250418,1,6,12,9,16,8457.66,135322.56,13532.26,121790.3,49388.95
111644,20250910,261,8,22,5,3,8152.69,24458.07,3668.71,20789.36,7827.54
111645,20250909,91,9,16,6,8,2112.21,16897.68,0.0,16897.68,7267.46
111646,20251128,184,7,9,9,5,11044.9,55224.5,2761.23,52463.27,22008.85
111647,20230506,161,5,16,7,3,12606.96,37820.88,1891.04,35929.84,15726.51
111648,20240603,50,7,17,7,14,11044.9,154628.6,7731.43,146897.17,71651.92
111649,20251212,290,10,13,8,4,4677.47,18709.88,1870.99,16838.89,9034.02
111650,20230731,222,1,1,8,18,7004.72,126084.96,0.0,126084.96,51295.78
111651,20240222,187,12,18,10,8,1192.37,9538.96,1430.84,8108.12,4005.68
111652,20230806,1,1,14,9,16,7004.72,112075.52,0.0,112075.52,59944.59
111653,20250703,222,1,8,8,9,7004.72,63042.48,6304.25,56738.23,24015.35
111654,20230209,17,11,23,8,15,4866.69,73000.35,3650.02,69350.33,28167.14
111655,20250106,80,8,9,8,5,8152.69,40763.45,4076.34,36687.11,20096.61
111656,20230906,126,4,2,1,20,4210.9,84218.0,16843.6,67374.4,26828.71
111657,20251212,29,2,25,1,18,576.14,10370.52,1555.58,8814.94,4037.54
111658,20251003,181,4,15,10,10,4210.9,42109.0,0.0,42109.0,22914.78
111659,20250505,10,1,6,3,14,7004.72,98066.08,4903.3,93162.78,46272.8
111660,20240629,176,11,25,10,17,4866.69,82733.73,0.0,82733.73,42580.72
111661,20240611,67,1,13,1,5,7004.72,35023.6,5253.54,29770.06,12172.49
111662,20251231,234,9,5,5,1,2112.21,2112.21,211.22,1900.99,950.68
111663,20231021,179,4,25,5,14,4210.9,58952.6,0.0,58952.6,24382.27
111664,20231114,12,6,7,6,18,8457.66,152237.88,0.0,152237.88,69231.76
111665,20240423,5,3,12,10,4,1648.77,6595.08,0.0,6595.08,3332.58
111666,20250312,33,10,11,10,10,4677.47,46774.7,2338.74,44435.96,16898.06
111667,20230131,148,5,4,3,18,12606.96,226925.28,0.0,226925.28,81114.41
111668,20230524,40,4,17,2,7,4210.9,29476.3,2947.63,26528.67,12839.49
111669,20230517,134,7,8,5,12,11044.9,132538.8,0.0,132538.8,58609.11
111670,20250122,275,5,18,6,18,12606.96,226925.28,22692.53,204232.75,84666.32
111671,20240904,235,7,6,8,1,11044.9,11044.9,552.25,10492.65,4863.0
111672,20240418,146,9,13,6,16,2112.21,33795.36,0.0,33795.36,11943.19
111673,20240114,56,12,20,2,16,1192.37,19077.92,0.0,19077.92,7137.85
111674,20240615,103,3,14,10,10,1648.77,16487.7,1648.77,14838.93,5442.08
111675,20231124,95,6,12,6,4,8457.66,33830.64,0.0,33830.64,15585.68
111676,20251107,169,1,4,8,18,7004.72,126084.96,0.0,126084.96,58886.81
111677,20230201,48,1,4,5,2,7004.72,14009.44,0.0,14009.44,5590.73
111678,20230322,7,11,4,2,20,4866.69,97333.8,4866.69,92467.11,40652.36
111679,20240422,291,5,18,9,18,12606.96,226925.28,0.0,226925.28,79441.04
111680,20240311,19,7,22,1,1,11044.9,11044.9,552.25,10492.65,4669.15
111681,20230515,273,8,6,4,20,8152.69,163053.8,8152.69,154901.11,60086.17
111682,20241005,29,11,12,1,18,4866.69,87600.42,13140.06,74460.36,37451.31
111683,20251028,87,11,2,10,6,4866.69,29200.14,0.0,29200.14,15515.64
111684,20240805,107,10,21,6,16,4677.47,74839.52,0.0,74839.52,28421.58
111685,20251001,252,10,24,1,17,4677.47,79516.99,0.0,79516.99,32750.19
111686,20230926,54,5,11,8,7,12606.96,88248.72,4412.44,83836.28,44908.42
111687,20240208,123,3,3,8,7,1648.77,11541.39,1154.14,10387.25,3711.29
111688,20240323,282,7,21,4,17,11044.9,187763.3,18776.33,168986.97,63762.63
111689,20250812,89,4,11,7,14,4210.9,58952.6,0.0,58952.6,27675.17
111690,20240812,99,7,4,4,10,11044.9,110449.0,5522.45,104926.55,43598.8
111691,20231010,230,9,18,2,5,2112.21,10561.05,0.0,10561.05,4412.81
111692,20240304,37,9,21,3,9,2112.21,19009.89,0.0,19009.89,7824.09
111693,20250310,22,5,17,4,17,12606.96,214318.32,0.0,214318.32,91811.16
111694,20240806,251,2,14,4,18,576.14,10370.52,518.53,9851.99,3563.34
111695,20250824,235,2,2,8,18,576.14,10370.52,1037.05,9333.47,5114.23
111696,20250314,188,5,2,1,13,12606.96,163890.48,0.0,163890.48,58240.9
111697,20231026,102,6,13,2,10,8457.66,84576.6,8457.66,76118.94,31190.07
111698,20230311,242,8,4,8,9,8152.69,73374.21,11006.13,62368.08,22843.66
111699,20230216,163,5,8,2,11,12606.96,138676.56,13867.66,124808.9,64040.13
111700,20240127,227,2,17,7,8,576.14,4609.12,460.91,4148.21,2191.33
111701,20251002,298,10,5,4,5,4677.47,23387.35,1169.37,22217.98,8036.74
111702,20230328,226,8,18,2,12,8152.69,97832.28,14674.84,83157.44,37540.56
111703,20241024,44,11,20,1,6,4866.69,29200.14,1460.01,27740.13,13455.72
111704,20231102,61,8,14,7,19,8152.69,154901.11,15490.11,139411.0,71041.2
111705,20240410,273,4,9,4,16,4210.9,67374.4,13474.88,53899.52,24528.38
111706,20231102,210,5,14,4,3,12606.96,37820.88,3782.09,34038.79,12724.22
111707,20230417,35,9,14,5,1,2112.21,2112.21,0.0,2112.21,839.44
111708,20230312,7,11,16,2,18,4866.69,87600.42,8760.04,78840.38,28673.73
111709,20230717,131,1,22,10,15,7004.72,105070.8,5253.54,99817.26,35341.3
111710,20240908,238,1,2,9,17,7004.72,119080.24,0.0,119080.24,65225.9
111711,20250916,154,11,14,9,10,4866.69,48666.9,0.0,48666.9,18354.85
111712,20241212,23,11,15,9,9,4866.69,43800.21,2190.01,41610.2,15960.41
111713,20240512,279,12,7,7,11,1192.37,13116.07,655.8,12460.27,4394.82
111714,20250315,260,5,19,6,15,12606.96,189104.4,0.0,189104.4,68684.59
111715,20230920,186,8,11,4,4,8152.69,32610.76,0.0,32610.76,11919.15
111716,20240828,13,4,10,2,6,4210.9,25265.4,1263.27,24002.13,10590.93
111717,20250408,227,4,23,7,4,4210.9,16843.6,1684.36,15159.24,7627.19
111718,20230913,239,7,13,5,1,11044.9,11044.9,1656.73,9388.17,3628.13
111719,20230707,68,7,3,10,12,11044.9,132538.8,0.0,132538.8,71496.73
111720,20251117,188,7,20,1,3,11044.9,33134.7,0.0,33134.7,15506.2
111721,20240218,153,9,4,2,2,2112.21,4224.42,0.0,4224.42,1640.22
111722,20241127,108,10,7,8,4,4677.47,18709.88,935.49,17774.39,7322.75
111723,20230923,74,2,14,7,12,576.14,6913.68,1382.74,5530.94,2490.03
111724,20230623,185,12,24,5,16,1192.37,19077.92,1907.79,17170.13,8604.19
111725,20230704,102,7,22,2,15,11044.9,165673.5,16567.35,149106.15,67761.0
111726,20241130,127,8,20,8,5,8152.69,40763.45,8152.69,32610.76,11801.8
111727,20240507,196,11,18,8,5,4866.69,24333.45,0.0,24333.45,8878.96
111728,20240117,253,2,7,6,3,576.14,1728.42,0.0,1728.42,718.14
111729,20251120,87,6,2,10,18,8457.66,152237.88,0.0,152237.88,59764.31
111730,20240112,48,12,4,5,6,1192.37,7154.22,0.0,7154.22,3285.65
111731,20240110,276,9,24,6,6,2112.21,12673.26,633.66,12039.6,4838.36
111732,20240928,240,1,21,3,11,7004.72,77051.92,11557.79,65494.13,26621.67
111733,20240523,108,3,3,8,5,1648.77,8243.85,0.0,8243.85,4043.41
111734,20240823,99,3,23,4,9,1648.77,14838.93,0.0,14838.93,5832.46
111735,20240111,90,1,15,8,17,7004.72,119080.24,23816.05,95264.19,45551.89
111736,20230220,170,12,1,3,18,1192.37,21462.66,1073.13,20389.53,9961.76
111737,20240706,27,12,18,9,3,1192.37,3577.11,178.86,3398.25,1868.68
111738,20231126,125,4,13,3,19,4210.9,80007.1,0.0,80007.1,29600.29
111739,20230331,238,4,17,9,12,4210.9,50530.8,0.0,50530.8,25868.41
111740,20240323,148,11,7,3,12,4866.69,58400.28,2920.01,55480.27,29282.49
111741,20240807,37,6,10,3,1,8457.66,8457.66,1268.65,7189.01,2949.86
111742,20230715,228,5,12,7,11,12606.96,138676.56,6933.83,131742.73,67028.22
111743,20230320,62,9,16,4,4,2112.21,8448.84,844.88,7603.96,2797.66
111744,20230118,3,7,7,3,10,11044.9,110449.0,0.0,110449.0,47894.71
111745,20230717,90,11,19,8,19,4866.69,92467.11,0.0,92467.11,47203.69
111746,20240411,199,2,18,7,4,576.14,2304.56,0.0,2304.56,1080.2
111747,20250625,209,5,5,9,7,12606.96,88248.72,4412.44,83836.28,41328.36
111748,20241009,19,8,19,1,1,8152.69,8152.69,407.63,7745.06,4145.05
111749,20250801,192,6,6,1,7,8457.66,59203.62,5920.36,53283.26,18750.49
111750,20240513,107,12,23,6,11,1192.37,13116.07,655.8,12460.27,4410.85
111751,20240101,117,3,19,4,1,1648.77,1648.77,164.88,1483.89,753.1
111752,20230827,84,5,20,2,8,12606.96,100855.68,0.0,100855.68,48006.48
111753,20241227,260,3,5,6,3,1648.77,4946.31,741.95,4204.36,2198.14
111754,20250129,39,2,2,9,18,576.14,10370.52,518.53,9851.99,5059.18
111755,20241204,26,7,14,5,12,11044.9,132538.8,6626.94,125911.86,61808.69
111756,20240408,176,7,4,10,9,11044.9,99404.1,14910.61,84493.49,29984.81
111757,20230720,155,11,12,10,5,4866.69,24333.45,3650.02,20683.43,10911.05
111758,20250314,6,7,18,9,19,11044.9,209853.1,0.0,209853.1,77127.98
111759,20240920,135,8,24,2,1,8152.69,8152.69,1222.9,6929.79,2774.0
111760,20241111,89,3,10,7,20,1648.77,32975.4,4946.31,28029.09,11290.0
111761,20250625,205,4,19,7,4,4210.9,16843.6,0.0,16843.6,6054.8
111762,20250320,292,5,3,5,14,12606.96,176497.44,0.0,176497.44,81472.08
111763,20230224,38,6,5,5,20,8457.66,169153.2,0.0,169153.2,84818.48
111764,20250505,126,6,10,1,4,8457.66,33830.64,1691.53,32139.11,17637.41
111765,20250606,228,9,21,7,11,2112.21,23234.31,0.0,23234.31,9417.95
111766,20241004,199,8,25,7,12,8152.69,97832.28,4891.61,92940.67,42066.17
111767,20230510,285,11,13,3,8,4866.69,38933.52,3893.35,35040.17,16748.75
111768,20240304,102,6,1,2,18,8457.66,152237.88,22835.68,129402.2,70640.92
111769,20230703,59,3,15,6,9,1648.77,14838.93,2225.84,12613.09,6744.58
111770,20230724,197,3,14,2,20,1648.77,32975.4,1648.77,31326.63,12051.48
111771,20230220,174,7,22,7,14,11044.9,154628.6,0.0,154628.6,75582.0
111772,20240201,75,11,3,1,19,4866.69,92467.11,4623.36,87843.75,35529.8
111773,20250206,202,4,21,4,17,4210.9,71585.3,0.0,71585.3,30908.87
111774,20230405,81,9,15,4,13,2112.21,27458.73,0.0,27458.73,13449.03
111775,20250618,212,9,3,10,8,2112.21,16897.68,844.88,16052.8,8828.97
111776,20230827,12,3,21,6,2,1648.77,3297.54,164.88,3132.66,1544.89
111777,20230308,90,9,19,8,19,2112.21,40131.99,0.0,40131.99,17414.18
111778,20230206,22,12,22,4,8,1192.37,9538.96,0.0,9538.96,3378.77
111779,20241009,234,9,18,5,6,2112.21,12673.26,0.0,12673.26,5122.73
111780,20231016,95,1,17,6,13,7004.72,91061.36,0.0,91061.36,46545.29
111781,20250718,256,5,17,2,13,12606.96,163890.48,0.0,163890.48,68949.45
111782,20250413,119,8,17,10,3,8152.69,24458.07,0.0,24458.07,11938.47
111783,20250305,28,11,20,4,15,4866.69,73000.35,0.0,73000.35,31998.47
111784,20231219,257,6,12,7,16,8457.66,135322.56,13532.26,121790.3,56988.01
111785,20250901,137,9,9,7,1,2112.21,2112.21,105.61,2006.6,768.48
111786,20240105,269,7,3,9,20,11044.9,220898.0,11044.9,209853.1,91880.57
111787,20250416,4,7,11,3,16,11044.9,176718.4,8835.92,167882.48,64104.44
111788,20250612,241,3,17,1,6,1648.77,9892.62,989.26,8903.36,3663.53
111789,20250802,257,12,13,7,17,1192.37,20270.29,3040.54,17229.75,6937.23
111790,20251214,276,8,17,6,20,8152.69,163053.8,0.0,163053.8,83294.65
111791,20251211,203,8,23,7,5,8152.69,40763.45,4076.34,36687.11,13733.9
111792,20250102,148,2,21,3,12,576.14,6913.68,345.68,6568.0,2922.96
111793,20231215,207,10,13,7,15,4677.47,70162.05,7016.21,63145.84,32288.34
111794,20231008,185,8,14,5,12,8152.69,97832.28,0.0,97832.28,40817.14
111795,20230516,135,7,12,2,20,11044.9,220898.0,11044.9,209853.1,83076.29
111796,20240704,103,1,20,10,20,7004.72,140094.4,28018.88,112075.52,44355.37
111797,20230730,278,10,8,2,4,4677.47,18709.88,2806.48,15903.4,8734.53
111798,20240524,24,6,22,4,17,8457.66,143780.22,14378.02,129402.2,55140.46
111799,20250124,135,9,7,2,8,2112.21,16897.68,1689.77,15207.91,7031.37
111800,20250520,256,2,20,2,4,576.14,2304.56,115.23,2189.33,842.21
111801,20230618,263,11,14,10,20,4866.69,97333.8,4866.69,92467.11,38431.95
111802,20250422,194,11,16,4,4,4866.69,19466.76,1946.68,17520.08,8854.28
111803,20250116,65,5,22,5,2,12606.96,25213.92,1260.7,23953.22,11734.75
111804,20251124,193,2,8,3,19,576.14,10946.66,0.0,10946.66,5859.94
111805,20240616,298,6,2,4,2,8457.66,16915.32,0.0,16915.32,8840.53
111806,20250103,29,1,24,1,14,7004.72,98066.08,0.0,98066.08,34478.03
111807,20251018,266,5,8,1,13,12606.96,163890.48,0.0,163890.48,66425.52
111808,20250329,43,6,24,1,14,8457.66,118407.24,0.0,118407.24,53537.4
111809,20250827,99,5,1,4,9,12606.96,113462.64,5673.13,107789.51,50761.96
111810,20240523,278,12,9,2,3,1192.37,3577.11,0.0,3577.11,1963.87
111811,20230203,227,9,16,7,1,2112.21,2112.21,0.0,2112.21,1017.48
111812,20230416,45,5,3,3,4,12606.96,50427.84,2521.39,47906.45,25494.22
111813,20230426,221,12,2,1,13,1192.37,15500.81,775.04,14725.77,7889.64
111814,20230615,243,10,15,10,14,4677.47,65484.58,0.0,65484.58,35185.2
111815,20250328,256,1,25,2,11,7004.72,77051.92,11557.79,65494.13,33368.05
111816,20231212,1,6,2,9,2,8457.66,16915.32,845.77,16069.55,8458.62
111817,20230316,33,9,21,10,5,2112.21,10561.05,528.05,10033.0,3519.49
111818,20250328,95,1,4,6,4,7004.72,28018.88,1400.94,26617.94,9358.03
111819,20250224,275,9,16,6,1,2112.21,2112.21,211.22,1900.99,895.97
111820,20230421,158,3,8,3,5,1648.77,8243.85,1648.77,6595.08,3278.8
111821,20250427,115,12,9,6,12,1192.37,14308.44,715.42,13593.02,5678.74
111822,20240627,18,12,16,7,19,1192.37,22655.03,2265.5,20389.53,10416.08
111823,20241220,73,3,1,2,6,1648.77,9892.62,0.0,9892.62,3912.96
111824,20241031,67,1,16,1,14,7004.72,98066.08,14709.91,83356.17,45042.0
111825,20240523,176,10,7,10,5,4677.47,23387.35,0.0,23387.35,12529.35
111826,20251109,104,12,16,7,2,1192.37,2384.74,0.0,2384.74,998.14
111827,20250910,157,5,3,8,14,12606.96,176497.44,26474.62,150022.82,65220.97
111828,20230828,147,12,11,10,19,1192.37,22655.03,1132.75,21522.28,10456.56
111829,20251125,138,8,21,4,3,8152.69,24458.07,1222.9,23235.17,11632.1
111830,20240402,216,12,4,3,16,1192.37,19077.92,1907.79,17170.13,7299.32
111831,20231216,205,9,25,7,3,2112.21,6336.63,950.49,5386.14,2163.34
111832,20230828,188,6,22,1,1,8457.66,8457.66,1268.65,7189.01,3429.01
111833,20241117,234,1,1,5,10,7004.72,70047.2,7004.72,63042.48,32913.1
111834,20250920,98,11,8,4,15,4866.69,73000.35,0.0,73000.35,39364.49
111835,20230731,88,9,21,6,14,2112.21,29570.94,2957.09,26613.85,10531.86
111836,20251204,265,4,20,8,11,4210.9,46319.9,0.0,46319.9,16543.99
111837,20250510,15,2,14,6,3,576.14,1728.42,172.84,1555.58,737.5
111838,20250127,294,5,6,2,12,12606.96,151283.52,15128.35,136155.17,56501.79
111839,20231009,185,4,15,5,1,4210.9,4210.9,210.54,4000.36,1524.39
111840,20250305,184,10,19,9,19,4677.47,88871.93,13330.79,75541.14,36280.46
111841,20240728,141,1,18,4,1,7004.72,7004.72,700.47,6304.25,2940.25
111842,20231115,266,3,4,1,11,1648.77,18136.47,1813.65,16322.82,8512.04
111843,20250522,97,1,17,8,8,7004.72,56037.76,2801.89,53235.87,26033.14
111844,20250906,71,11,11,4,4,4866.69,19466.76,3893.35,15573.41,8287.7
111845,20240413,100,9,21,8,19,2112.21,40131.99,0.0,40131.99,16469.12
111846,20230610,18,3,13,7,8,1648.77,13190.16,659.51,12530.65,6234.5
111847,20240812,113,6,10,8,9,8457.66,76118.94,3805.95,72312.99,34662.05
111848,20230125,230,6,11,2,10,8457.66,84576.6,0.0,84576.6,38623.7
111849,20231215,80,4,21,8,9,4210.9,37898.1,0.0,37898.1,14179.52
111850,20230310,258,12,19,6,11,1192.37,13116.07,1967.41,11148.66,4984.04
111851,20240917,109,9,5,8,14,2112.21,29570.94,1478.55,28092.39,10674.5
111852,20231122,226,6,19,2,17,8457.66,143780.22,21567.03,122213.19,51974.19
111853,20230401,239,10,18,5,3,4677.47,14032.41,0.0,14032.41,5910.45
111854,20240418,56,5,14,2,19,12606.96,239532.24,23953.22,215579.02,100511.37
111855,20240324,105,11,17,4,13,4866.69,63266.97,6326.7,56940.27,22397.85
111856,20250103,259,8,6,2,8,8152.69,65221.52,0.0,65221.52,26063.46
111857,20250207,77,9,11,4,17,2112.21,35907.57,0.0,35907.57,17207.94
111858,20230601,55,11,9,4,12,4866.69,58400.28,2920.01,55480.27,25277.93
111859,20250729,115,9,14,6,18,2112.21,38019.78,1900.99,36118.79,15292.85
111860,20250727,155,6,4,10,4,8457.66,33830.64,0.0,33830.64,13825.39
111861,20230602,270,12,15,10,3,1192.37,3577.11,357.71,3219.4,1138.76
111862,20230321,13,4,1,2,2,4210.9,8421.8,0.0,8421.8,4058.78
111863,20250830,167,2,15,7,6,576.14,3456.84,172.84,3284.0,1295.12
111864,20240726,157,9,16,8,17,2112.21,35907.57,7181.51,28726.06,15200.66
111865,20250518,20,12,22,6,2,1192.37,2384.74,357.71,2027.03,955.82
111866,20240912,189,11,12,1,18,4866.69,87600.42,0.0,87600.42,39491.8
111867,20240828,207,11,4,7,15,4866.69,73000.35,10950.05,62050.3,30843.64
111868,20250819,16,2,18,4,19,576.14,10946.66,0.0,10946.66,4956.89
111869,20251010,65,2,16,5,5,576.14,2880.7,288.07,2592.63,1034.63
111870,20230105,223,10,13,10,14,4677.47,65484.58,6548.46,58936.12,32250.23
111871,20240713,129,9,16,8,19,2112.21,40131.99,0.0,40131.99,15991.74
111872,20250714,100,4,5,8,5,4210.9,21054.5,0.0,21054.5,10950.38
111873,20240724,284,1,15,9,6,7004.72,42028.32,6304.25,35724.07,14534.56
111874,20241118,262,11,12,2,13,4866.69,63266.97,3163.35,60103.62,31330.01
111875,20230919,258,8,24,6,9,8152.69,73374.21,14674.84,58699.37,23429.61
111876,20240816,71,1,11,4,1,7004.72,7004.72,0.0,7004.72,2529.21
111877,20230111,181,1,18,10,7,7004.72,49033.04,4903.3,44129.74,23844.36
111878,20240806,179,1,7,5,15,7004.72,105070.8,10507.08,94563.72,40152.49
111879,20240103,197,10,6,2,11,4677.47,51452.17,5145.22,46306.95,22571.52
111880,20231128,219,2,16,9,12,576.14,6913.68,0.0,6913.68,3592.74
111881,20230627,268,9,21,2,5,2112.21,10561.05,1584.16,8976.89,3461.06
111882,20251104,232,1,2,6,5,7004.72,35023.6,0.0,35023.6,13783.13
111883,20230630,111,10,19,7,19,4677.47,88871.93,8887.19,79984.74,31327.86
111884,20240319,259,12,15,2,9,1192.37,10731.33,2146.27,8585.06,4168.27
111885,20240816,169,2,6,8,5,576.14,2880.7,144.03,2736.67,1314.2
111886,20230106,231,9,14,3,14,2112.21,29570.94,0.0,29570.94,12993.58
111887,20250406,149,5,21,10,5,12606.96,63034.8,6303.48,56731.32,30215.29
111888,20230318,253,8,4,6,8,8152.69,65221.52,9783.23,55438.29,23512.7
111889,20231116,121,4,3,4,6,4210.9,25265.4,1263.27,24002.13,11201.59
111890,20241009,60,2,17,2,14,576.14,8065.96,806.6,7259.36,3951.07
111891,20230106,178,5,5,5,7,12606.96,88248.72,17649.74,70598.98,37102.23
111892,20231204,194,3,12,4,15,1648.77,24731.55,0.0,24731.55,11192.96
111893,20240729,203,7,23,7,16,11044.9,176718.4,0.0,176718.4,87155.19
111894,20241201,13,6,15,2,11,8457.66,93034.26,9303.43,83730.83,38831.21
111895,20240420,131,3,11,10,9,1648.77,14838.93,741.95,14096.98,6720.9
111896,20230119,275,6,24,6,3,8457.66,25372.98,0.0,25372.98,10435.04
111897,20240627,231,12,12,3,1,1192.37,1192.37,119.24,1073.13,466.4
111898,20250129,111,5,6,7,11,12606.96,138676.56,0.0,138676.56,52772.6
111899,20231105,257,9,1,7,8,2112.21,16897.68,1689.77,15207.91,6604.08
111900,20231215,292,8,21,5,10,8152.69,81526.9,8152.69,73374.21,26038.21
111901,20241022,234,10,14,5,18,4677.47,84194.46,4209.72,79984.74,41117.57
111902,20240229,177,3,2,2,4,1648.77,6595.08,329.75,6265.33,2951.44
111903,20250319,47,2,2,6,20,576.14,11522.8,576.14,10946.66,4779.1
111904,20240215,20,3,17,6,14,1648.77,23082.78,1154.14,21928.64,11994.64
111905,20241205,125,6,23,3,18,8457.66,152237.88,0.0,152237.88,78614.18
111906,20241226,238,10,4,9,15,4677.47,70162.05,0.0,70162.05,28284.06
111907,20250330,286,9,6,10,8,2112.21,16897.68,844.88,16052.8,8158.14
111908,20241207,62,11,12,4,4,4866.69,19466.76,0.0,19466.76,9418.31
111909,20240516,130,7,14,10,15,11044.9,165673.5,0.0,165673.5,74759.92
111910,20230114,134,9,22,5,1,2112.21,2112.21,105.61,2006.6,771.58
111911,20250919,66,8,23,3,9,8152.69,73374.21,3668.71,69705.5,24968.79
111912,20230907,46,6,14,1,14,8457.66,118407.24,0.0,118407.24,56401.2
111913,20230514,14,12,17,4,9,1192.37,10731.33,536.57,10194.76,4263.5
111914,20240129,115,9,4,6,5,2112.21,10561.05,0.0,10561.05,3916.1
111915,20240808,252,7,13,1,19,11044.9,209853.1,41970.62,167882.48,68037.77
111916,20240625,221,2,11,1,20,576.14,11522.8,0.0,11522.8,4295.76
111917,20241017,87,10,15,10,4,4677.47,18709.88,935.49,17774.39,6942.2
111918,20230117,141,4,22,4,4,4210.9,16843.6,2526.54,14317.06,7523.88
111919,20240124,259,8,11,2,1,8152.69,8152.69,1222.9,6929.79,2690.16
111920,20230106,211,12,4,10,16,1192.37,19077.92,0.0,19077.92,9357.15
111921,20250929,63,8,16,10,15,8152.69,122290.35,0.0,122290.35,45578.42
111922,20250221,148,1,3,3,13,7004.72,91061.36,18212.27,72849.09,30165.89
111923,20241201,101,5,12,5,9,12606.96,113462.64,5673.13,107789.51,53923.41
111924,20231013,274,12,22,3,1,1192.37,1192.37,59.62,1132.75,531.66
111925,20240203,254,3,11,7,19,1648.77,31326.63,0.0,31326.63,16077.78
111926,20230807,201,12,18,8,20,1192.37,23847.4,3577.11,20270.29,9373.37
111927,20251013,162,1,4,3,10,7004.72,70047.2,3502.36,66544.84,24953.63
111928,20230405,87,8,1,10,8,8152.69,65221.52,0.0,65221.52,26437.63
111929,20250410,181,12,16,10,13,1192.37,15500.81,0.0,15500.81,7376.53
111930,20230330,185,3,16,5,6,1648.77,9892.62,0.0,9892.62,5233.6
111931,20241207,159,4,11,4,10,4210.9,42109.0,2105.45,40003.55,18445.61
111932,20230425,61,6,6,7,14,8457.66,118407.24,11840.72,106566.52,37531.96
111933,20240830,274,7,19,3,20,11044.9,220898.0,0.0,220898.0,100031.44
111934,20251205,97,10,16,8,18,4677.47,84194.46,8419.45,75775.01,33303.59
111935,20230818,207,7,11,7,19,11044.9,209853.1,10492.66,199360.44,81073.12
111936,20240614,181,1,8,10,6,7004.72,42028.32,4202.83,37825.49,14173.1
111937,20240622,262,11,24,2,19,4866.69,92467.11,18493.42,73973.69,37175.64
111938,20231122,251,5,5,4,11,12606.96,138676.56,6933.83,131742.73,48820.11
111939,20250217,165,5,11,10,18,12606.96,226925.28,0.0,226925.28,101316.75
111940,20240320,235,12,6,8,1,1192.37,1192.37,0.0,1192.37,521.33
111941,20240215,137,3,9,7,4,1648.77,6595.08,329.75,6265.33,2594.1
111942,20230206,149,9,19,10,2,2112.21,4224.42,0.0,4224.42,1495.33
111943,20251005,7,9,23,2,16,2112.21,33795.36,6759.07,27036.29,14757.89
111944,20240702,16,9,5,4,18,2112.21,38019.78,0.0,38019.78,19604.65
111945,20230418,16,11,19,4,6,4866.69,29200.14,1460.01,27740.13,10992.15
111946,20241021,79,9,20,8,6,2112.21,12673.26,1267.33,11405.93,5118.9
111947,20231019,205,11,16,7,6,4866.69,29200.14,0.0,29200.14,11200.36
111948,20250929,39,6,15,9,16,8457.66,135322.56,0.0,135322.56,50691.68
111949,20250910,169,4,13,8,8,4210.9,33687.2,1684.36,32002.84,14651.05
111950,20250222,22,4,13,4,4,4210.9,16843.6,1684.36,15159.24,6901.89
111951,20240729,123,10,24,8,14,4677.47,65484.58,3274.23,62210.35,23762.48
111952,20251121,97,4,14,8,19,4210.9,80007.1,0.0,80007.1,33378.29
111953,20230810,244,9,7,10,1,2112.21,2112.21,0.0,2112.21,821.29
111954,20250123,195,5,9,9,3,12606.96,37820.88,0.0,37820.88,17734.12
111955,20250920,157,9,5,8,18,2112.21,38019.78,1900.99,36118.79,19180.37
111956,20240303,99,2,18,4,8,576.14,4609.12,460.91,4148.21,1466.94
111957,20230923,45,6,23,3,16,8457.66,135322.56,0.0,135322.56,64605.68
111958,20231113,4,9,7,3,14,2112.21,29570.94,4435.64,25135.3,13092.73
111959,20250212,95,3,17,6,16,1648.77,26380.32,1319.02,25061.3,11139.65
111960,20230628,33,1,19,10,17,7004.72,119080.24,11908.02,107172.22,38766.47
111961,20240826,267,2,14,1,4,576.14,2304.56,0.0,2304.56,921.76
111962,20231220,286,9,22,10,12,2112.21,25346.52,1267.33,24079.19,11517.7
111963,20230731,191,9,24,10,20,2112.21,42244.2,8448.84,33795.36,14583.22
111964,20230810,292,7,12,5,6,11044.9,66269.4,3313.47,62955.93,30259.33
111965,20230120,85,11,14,4,14,4866.69,68133.66,3406.68,64726.98,23254.85
111966,20240223,71,11,22,4,15,4866.69,73000.35,7300.04,65700.31,34743.65
111967,20250412,223,7,6,10,19,11044.9,209853.1,0.0,209853.1,76309.2
111968,20250724,145,2,6,8,18,576.14,10370.52,1037.05,9333.47,4610.56
111969,20230527,227,6,22,7,13,8457.66,109949.58,5497.48,104452.1,52264.44
111970,20241125,24,11,18,4,6,4866.69,29200.14,0.0,29200.14,15272.66
111971,20240715,253,11,22,6,8,4866.69,38933.52,0.0,38933.52,18242.78
111972,20240623,295,11,1,3,15,4866.69,73000.35,0.0,73000.35,32996.11
111973,20251222,91,5,4,6,18,12606.96,226925.28,45385.06,181540.22,86804.02
111974,20240319,181,7,15,10,5,11044.9,55224.5,0.0,55224.5,26831.48
111975,20230510,10,2,9,3,16,576.14,9218.24,0.0,9218.24,3736.47
111976,20231014,240,3,6,3,2,1648.77,3297.54,164.88,3132.66,1604.32
111977,20230122,14,11,4,4,12,4866.69,58400.28,5840.03,52560.25,19182.62
111978,20240803,277,10,17,5,14,4677.47,65484.58,0.0,65484.58,23173.17
111979,20250414,275,7,16,6,8,11044.9,88359.2,4417.96,83941.24,33990.88
111980,20251230,137,2,25,7,12,576.14,6913.68,0.0,6913.68,2914.54
111981,20251202,94,11,2,3,5,4866.69,24333.45,4866.69,19466.76,9039.2
111982,20230327,36,7,23,10,13,11044.9,143583.7,0.0,143583.7,53284.31
111983,20230524,238,5,16,9,15,12606.96,189104.4,37820.88,151283.52,75815.26
111984,20231123,125,11,10,3,7,4866.69,34066.83,6813.37,27253.46,11884.81
111985,20250507,145,8,20,8,17,8152.69,138595.73,13859.57,124736.16,60056.23
111986,20250602,172,11,1,1,7,4866.69,34066.83,0.0,34066.83,12053.67
111987,20250223,259,12,2,2,4,1192.37,4769.48,0.0,4769.48,1797.48
111988,20250411,179,1,20,5,13,7004.72,91061.36,0.0,91061.36,32544.28
111989,20250110,257,6,14,7,20,8457.66,169153.2,16915.32,152237.88,83632.49
111990,20250428,120,3,6,9,19,1648.77,31326.63,1566.33,29760.3,11146.76
111991,20240615,173,12,16,2,13,1192.37,15500.81,0.0,15500.81,8428.3
111992,20240323,127,10,19,8,16,4677.47,74839.52,0.0,74839.52,29856.51
111993,20240327,20,7,4,6,20,11044.9,220898.0,0.0,220898.0,113297.93
111994,20250814,32,7,4,4,20,11044.9,220898.0,11044.9,209853.1,93434.77
111995,20251231,25,11,3,7,18,4866.69,87600.42,4380.02,83220.4,40366.73
111996,20250422,197,11,19,2,19,4866.69,92467.11,18493.42,73973.69,29840.66
111997,20230629,29,6,11,1,13,8457.66,109949.58,5497.48,104452.1,50701.14
111998,20240624,66,8,9,3,5,8152.69,40763.45,0.0,40763.45,19486.02
111999,20250625,263,5,6,10,15,12606.96,189104.4,0.0,189104.4,83520.67
112000,20230510,99,8,11,4,13,8152.69,105984.97,10598.5,95386.47,44013.78
