OrderID , order_date,Customer_Key,Product_Key ,Rep,qty,unit_price ,net_amount
100001,2025-05-09,235,2,4,16,576.14,8757.33
100002,2025-11-21,295,4,23,5,4210.9,21054.5
100003,2024-12-23,124,10,14,6,4677.47,25258.34
100004,2025-01-08,35,9,18,17,2112.21,32316.81
100005,2023-02-11,200,8,2,13,8152.69,84787.98
100006,2023-02-03,183,2,12,8,576.14,4148.21
100007,2024-11-11,69,1,12,18,7004.72,126084.96
100008,2025-08-09,246,11,6,5,4866.69,24333.45
100009,2025-07-26,19,5,7,2,12606.96,22692.53
100010,2024-10-08,159,9,13,18,2112.21,36118.79
100011,2024-01-27,147,6,25,2,8457.66,14378.02
100012,2023-09-12,189,7,13,15,11044.9,140822.48
100013,2024-01-18,255,12,16,12,1192.37,12162.17
100014,2023-06-19,218,2,14,20,576.14,9218.24
100015,2024-08-24,165,2,3,11,576.14,5703.79
100016,2025-05-22,86,12,15,12,1192.37,13593.02
100017,2024-12-23,223,5,21,2,12606.96,25213.92
100018,2025-01-14,263,12,22,6,1192.37,5723.38
100019,2025-06-16,18,3,3,8,1648.77,11871.14
100020,2025-02-23,291,1,20,5,7004.72,31521.24
100021,2025-01-31,228,2,19,5,576.14,2736.67
100022,2024-07-24,128,2,1,6,576.14,3284.0
100023,2023-08-30,135,5,23,15,12606.96,189104.4
100024,2025-10-02,103,2,5,3,576.14,1642.0
100025,2025-06-30,45,11,11,12,4866.69,52560.25
100026,2024-08-17,154,3,23,6,1648.77,8903.36
100027,2023-09-06,103,3,8,16,1648.77,26380.32
100028,2025-01-25,240,9,5,20,2112.21,35907.57
100029,2025-03-26,246,9,14,14,2112.21,26613.85
100030,2024-10-11,38,8,15,17,8152.69,138595.73
100031,2024-01-08,67,7,17,2,11044.9,19880.82
100032,2024-09-14,85,3,11,8,1648.77,13190.16
100033,2024-08-04,41,5,7,18,12606.96,226925.28
100034,2025-12-28,48,9,21,6,2112.21,12039.6
100035,2023-12-17,173,10,2,1,4677.47,4677.47
100036,2024-06-26,108,10,14,20,4677.47,88871.93
100037,2024-08-16,155,8,8,13,8152.69,105984.97
100038,2023-05-03,81,8,14,16,8152.69,123920.89
100039,2023-10-22,161,12,11,12,1192.37,11446.75
100040,2025-01-28,264,9,4,11,2112.21,23234.31
100041,2025-07-09,127,3,4,2,1648.77,3297.54
100042,2025-05-06,128,3,11,19,1648.77,28193.97
100043,2023-11-23,256,9,15,16,2112.21,28726.06
100044,2023-07-04,202,9,15,8,2112.21,16897.68
100045,2023-04-14,145,8,20,16,8152.69,130443.04
100046,2023-08-09,221,3,9,12,1648.77,17806.72
100047,2025-03-31,27,10,18,7,4677.47,32742.29
100048,2025-03-02,259,8,25,18,8152.69,146748.42
100049,2023-09-01,66,2,13,12,576.14,6222.31
100050,2025-01-18,74,4,20,17,4210.9,68006.03
100051,2023-03-21,71,12,11,16,1192.37,18124.02
100052,2025-11-21,72,6,20,11,8457.66,93034.26
100053,2024-09-04,173,9,17,18,2112.21,36118.79
100054,2025-08-30,9,6,11,4,8457.66,27064.51
100055,2023-02-24,243,5,21,19,12606.96,227555.63
100056,2025-09-10,88,9,21,20,2112.21,38019.78
100057,2024-05-11,17,10,23,4,4677.47,18709.88
100058,2025-05-07,78,7,23,7,11044.9,73448.58
100059,2025-08-23,32,12,5,17,1192.37,20270.29
100060,2025-09-06,270,7,11,6,11044.9,62955.93
100061,2024-12-26,136,10,16,7,4677.47,26193.83
100062,2024-09-03,116,5,25,10,12606.96,113462.64
100063,2025-09-28,163,8,12,18,8152.69,124736.16
100064,2024-07-14,148,2,19,18,576.14,10370.52
100065,2024-12-07,75,5,2,10,12606.96,100855.68
100066,2025-06-24,132,12,16,7,1192.37,8346.59
100067,2024-07-10,71,2,20,19,576.14,10946.66
100068,2025-12-23,116,11,8,2,4866.69,9733.38
100069,2025-08-25,52,11,25,5,4866.69,24333.45
100070,2023-11-20,209,11,16,16,4866.69,70080.34
100071,2024-08-11,165,5,21,2,12606.96,21431.83
100072,2024-04-20,274,12,24,2,1192.37,2027.03
100073,2023-12-27,19,7,16,6,11044.9,56328.99
100074,2024-08-15,20,1,10,19,7004.72,126435.2
100075,2024-11-17,146,8,21,18,8152.69,139411.0
100076,2023-10-02,259,8,9,7,8152.69,51361.95
100077,2025-07-28,132,12,6,1,1192.37,1073.13
100078,2024-01-31,90,10,21,13,4677.47,54726.4
100079,2023-06-27,206,11,4,6,4866.69,23360.11
100080,2024-05-23,4,5,13,8,12606.96,95812.9
100081,2024-11-06,155,10,24,19,4677.47,88871.93
100082,2024-04-28,32,11,4,15,4866.69,73000.35
100083,2025-10-26,160,12,4,10,1192.37,11923.7
100084,2023-10-01,245,3,15,20,1648.77,32975.4
100085,2025-08-22,276,11,7,8,4866.69,35040.17
100086,2023-06-17,270,8,17,12,8152.69,97832.28
100087,2023-05-07,281,9,7,19,2112.21,38125.39
100088,2025-12-01,227,2,22,7,576.14,3629.68
100089,2025-11-11,229,1,15,5,7004.72,33272.42
100090,2023-04-29,287,8,22,10,8152.69,73374.21
100091,2023-01-07,112,10,3,2,4677.47,8887.19
100092,2023-05-04,36,8,2,10,8152.69,77450.56
100093,2025-05-10,192,7,15,13,11044.9,143583.7
100094,2023-09-30,179,2,6,18,576.14,10370.52
100095,2024-04-01,2,1,10,15,7004.72,94563.72
100096,2025-12-25,195,4,8,15,4210.9,63163.5
100097,2023-08-20,17,11,14,20,4866.69,87600.42
100098,2023-02-02,124,4,3,4,4210.9,16001.42
100099,2023-04-10,126,12,2,13,1192.37,14725.77
100100,2023-04-26,72,9,10,8,2112.21,15207.91
100101,2024-10-15,296,10,25,11,4677.47,51452.17
100102,2025-12-03,114,7,10,9,11044.9,99404.1
100103,2023-12-25,219,9,16,2,2112.21,3379.54
100104,2025-02-19,269,6,23,14,8457.66,112486.88
100105,2024-01-12,276,8,8,8,8152.69,65221.52
100106,2025-08-06,30,9,14,14,2112.21,28092.39
100107,2024-05-12,131,4,11,3,4210.9,10737.8
100108,2023-07-09,275,12,7,2,1192.37,2384.74
100109,2023-03-22,38,4,25,19,4210.9,72006.39
100110,2025-09-08,107,6,10,1,8457.66,8457.66
100111,2023-08-29,246,4,23,20,4210.9,75796.2
100112,2024-05-05,283,6,25,10,8457.66,84576.6
100113,2025-01-05,158,5,12,17,12606.96,182170.57
100114,2025-08-19,164,4,12,11,4210.9,44003.9
100115,2024-03-29,75,1,9,18,7004.72,107172.22
100116,2025-05-05,152,3,7,11,1648.77,18136.47
100117,2024-05-18,256,9,21,11,2112.21,23234.31
100118,2025-10-01,236,3,24,12,1648.77,19785.24
100119,2025-09-27,95,9,21,2,2112.21,4013.2
100120,2023-06-02,25,1,14,5,7004.72,31521.24
100121,2023-11-06,5,4,17,15,4210.9,63163.5
100122,2025-09-16,250,1,1,18,7004.72,119780.71
100123,2025-12-20,141,9,10,1,2112.21,2006.6
100124,2025-05-31,92,2,4,17,576.14,9794.38
100125,2025-12-14,130,6,9,13,8457.66,109949.58
100126,2025-07-29,290,4,23,8,4210.9,33687.2
100127,2023-06-15,17,2,13,13,576.14,7489.82
100128,2023-01-20,88,2,16,14,576.14,7662.66
100129,2023-07-15,271,1,8,7,7004.72,41678.08
100130,2025-08-31,139,1,3,9,7004.72,53586.11
100131,2023-03-09,92,6,1,7,8457.66,56243.44
100132,2025-03-26,40,5,6,19,12606.96,239532.24
100133,2025-03-07,277,6,13,5,8457.66,38059.47
100134,2023-06-10,257,12,12,2,1192.37,2384.74
100135,2023-06-05,175,10,25,20,4677.47,74839.52
100136,2024-10-30,16,11,9,15,4866.69,69350.33
100137,2025-02-07,222,3,22,19,1648.77,28193.97
100138,2024-08-27,127,12,3,3,1192.37,3577.11
100139,2023-11-12,200,6,12,4,8457.66,33830.64
100140,2025-06-29,185,5,4,5,12606.96,63034.8
100141,2025-11-15,209,2,1,3,576.14,1728.42
100142,2024-10-26,198,1,10,14,7004.72,98066.08
100143,2024-05-12,293,9,6,13,2112.21,27458.73
100144,2024-07-03,253,3,3,6,1648.77,9397.99
100145,2025-09-18,40,6,9,8,8457.66,60895.15
100146,2024-02-05,235,2,5,10,576.14,5761.4
100147,2025-02-17,169,8,11,14,8152.69,102723.89
100148,2023-10-06,154,6,20,7,8457.66,56243.44
100149,2025-03-26,164,5,24,16,12606.96,161369.09
100150,2024-10-29,193,5,13,12,12606.96,151283.52
100151,2024-01-04,282,1,24,15,7004.72,89310.18
100152,2024-08-19,36,7,22,16,11044.9,176718.4
100153,2024-06-01,79,12,14,13,1192.37,15500.81
100154,2025-09-08,299,7,18,17,11044.9,159598.81
100155,2025-05-06,279,1,12,18,7004.72,119780.71
100156,2023-08-12,128,11,22,12,4866.69,58400.28
100157,2025-03-29,170,7,4,1,11044.9,11044.9
100158,2025-11-28,286,10,23,19,4677.47,88871.93
100159,2025-08-06,257,3,12,1,1648.77,1566.33
100160,2023-06-25,60,12,5,12,1192.37,14308.44
100161,2024-02-28,267,8,12,16,8152.69,130443.04
100162,2025-07-15,164,2,10,2,576.14,1037.05
100163,2024-12-03,56,11,6,8,4866.69,36986.84
100164,2024-11-08,287,7,15,8,11044.9,79523.28
100165,2024-01-17,222,7,1,20,11044.9,187763.3
100166,2025-05-29,200,1,23,7,7004.72,49033.04
100167,2023-05-09,296,2,18,6,576.14,3456.84
100168,2023-08-22,135,11,16,17,4866.69,66186.98
100169,2025-03-06,201,10,4,12,4677.47,56129.64
100170,2023-12-20,153,10,19,3,4677.47,12629.17
100171,2024-05-03,157,2,6,12,576.14,6222.31
100172,2025-05-06,71,10,13,14,4677.47,65484.58
100173,2023-12-21,285,3,16,10,1648.77,16487.7
100174,2025-07-12,28,6,1,16,8457.66,135322.56
100175,2025-11-01,254,7,22,16,11044.9,167882.48
100176,2025-09-27,86,2,19,1,576.14,518.53
100177,2023-03-08,141,4,18,10,4210.9,42109.0
100178,2025-10-11,282,9,4,19,2112.21,40131.99
100179,2025-01-21,278,1,25,15,7004.72,99817.26
100180,2023-07-29,127,5,2,15,12606.96,189104.4
100181,2023-06-28,225,2,25,8,576.14,4609.12
100182,2024-12-19,220,3,20,5,1648.77,7419.46
100183,2023-05-02,292,6,18,9,8457.66,72312.99
100184,2024-08-22,149,10,9,17,4677.47,63613.59
100185,2023-07-15,70,7,2,9,11044.9,84493.49
100186,2023-09-29,128,3,23,11,1648.77,16322.82
100187,2025-03-15,251,3,19,9,1648.77,14096.98
100188,2023-06-04,48,7,17,9,11044.9,89463.69
100189,2025-07-20,250,6,19,1,8457.66,7189.01
100190,2023-07-10,235,11,22,12,4866.69,49640.24
100191,2025-03-25,112,7,7,16,11044.9,176718.4
100192,2024-11-22,281,10,5,19,4677.47,75541.14
100193,2023-04-10,24,2,21,15,576.14,8642.1
100194,2023-11-20,226,8,1,14,8152.69,114137.66
100195,2023-09-28,155,3,9,3,1648.77,4451.68
100196,2025-01-31,85,1,13,10,7004.72,63042.48
100197,2025-05-29,47,12,4,1,1192.37,1192.37
100198,2024-04-08,266,11,15,1,4866.69,4866.69
100199,2023-09-04,217,12,5,16,1192.37,19077.92
100200,2023-07-29,53,6,12,10,8457.66,84576.6
100201,2023-09-30,74,2,17,19,576.14,10946.66
100202,2025-06-20,180,12,7,5,1192.37,5067.57
100203,2025-06-25,112,2,4,5,576.14,2592.63
100204,2025-02-25,180,7,11,5,11044.9,55224.5
100205,2024-05-23,284,10,20,20,4677.47,93549.4
100206,2023-02-24,155,4,17,20,4210.9,80007.1
100207,2024-08-28,28,4,16,13,4210.9,54741.7
100208,2023-05-26,271,1,12,11,7004.72,77051.92
100209,2025-05-11,188,9,22,6,2112.21,11405.93
100210,2023-05-30,9,10,3,1,4677.47,4677.47
100211,2023-05-04,204,9,10,17,2112.21,32316.81
100212,2025-04-03,43,11,18,18,4866.69,83220.4
100213,2024-09-26,41,9,7,5,2112.21,10033.0
100214,2023-05-16,159,12,14,8,1192.37,9538.96
100215,2025-06-08,60,8,20,20,8152.69,163053.8
100216,2023-12-26,62,1,23,5,7004.72,31521.24
100217,2024-12-11,268,9,24,9,2112.21,19009.89
100218,2024-07-04,61,1,11,14,7004.72,98066.08
100219,2023-06-07,255,8,17,12,8152.69,97832.28
100220,2023-12-08,189,3,9,4,1648.77,5605.82
100221,2023-08-25,117,12,17,1,1192.37,1192.37
100222,2024-05-15,24,8,12,13,8152.69,90087.22
100223,2023-03-14,284,12,24,14,1192.37,16693.18
100224,2024-10-17,139,2,19,12,576.14,6913.68
100225,2023-04-18,92,4,17,2,4210.9,6737.44
100226,2025-08-10,145,5,11,3,12606.96,35929.84
100227,2024-02-15,150,10,10,20,4677.47,93549.4
100228,2025-10-07,101,12,18,8,1192.37,9538.96
100229,2023-02-18,120,9,12,1,2112.21,1689.77
100230,2025-02-09,158,2,7,17,576.14,7835.5
100231,2023-05-03,73,12,9,3,1192.37,3577.11
100232,2025-11-30,212,12,12,15,1192.37,14308.44
100233,2023-07-15,259,3,21,13,1648.77,21434.01
100234,2025-06-09,67,4,10,9,4210.9,32213.39
100235,2025-03-15,168,6,15,9,8457.66,76118.94
100236,2023-10-06,300,2,5,4,576.14,2304.56
100237,2025-04-12,62,9,12,7,2112.21,14046.2
100238,2023-09-03,47,3,22,10,1648.77,14838.93
100239,2023-03-24,111,6,5,3,8457.66,22835.68
100240,2025-03-22,263,1,22,10,7004.72,70047.2
100241,2023-03-05,208,8,18,18,8152.69,146748.42
100242,2023-10-14,63,1,2,8,7004.72,56037.76
100243,2025-02-01,44,10,19,9,4677.47,35782.65
100244,2023-05-13,102,11,15,5,4866.69,24333.45
100245,2024-11-10,63,1,15,2,7004.72,14009.44
100246,2025-03-19,255,1,13,14,7004.72,98066.08
100247,2024-01-19,141,5,15,5,12606.96,63034.8
100248,2024-05-18,152,8,14,18,8152.69,139411.0
100249,2025-02-23,71,7,7,17,11044.9,187763.3
100250,2023-02-09,196,12,12,16,1192.37,18124.02
100251,2025-10-25,165,7,9,6,11044.9,66269.4
100252,2023-03-02,144,1,16,17,7004.72,119080.24
100253,2024-04-21,82,2,8,8,576.14,4609.12
100254,2023-04-25,113,10,13,12,4677.47,47710.19
100255,2023-12-22,91,4,19,11,4210.9,41687.91
100256,2023-02-27,181,10,19,5,4677.47,22217.98
100257,2025-10-05,278,5,6,16,12606.96,201711.36
100258,2024-03-24,11,9,16,1,2112.21,2112.21
100259,2023-09-25,175,12,6,11,1192.37,13116.07
100260,2023-10-18,57,9,12,3,2112.21,6336.63
100261,2025-03-21,52,6,10,11,8457.66,93034.26
100262,2025-06-13,250,11,11,6,4866.69,26280.13
100263,2024-12-31,115,11,19,6,4866.69,29200.14
100264,2024-08-26,66,3,24,1,1648.77,1401.45
100265,2025-03-12,291,1,6,20,7004.72,140094.4
100266,2024-03-28,290,2,16,5,576.14,2880.7
100267,2024-12-11,164,3,21,3,1648.77,4451.68
100268,2024-11-18,229,1,9,7,7004.72,49033.04
100269,2024-06-09,56,12,1,2,1192.37,2384.74
100270,2023-12-07,212,8,13,12,8152.69,92940.67
100271,2025-09-08,296,11,25,8,4866.69,38933.52
100272,2023-03-10,151,1,11,9,7004.72,50433.98
100273,2023-12-15,193,3,24,3,1648.77,4698.99
100274,2023-07-10,174,10,20,16,4677.47,67355.57
100275,2023-12-04,223,3,2,4,1648.77,6595.08
100276,2025-04-18,284,12,24,18,1192.37,21462.66
100277,2024-05-01,50,1,13,19,7004.72,126435.2
100278,2023-04-22,185,1,14,3,7004.72,21014.16
100279,2025-09-10,103,2,1,7,576.14,4032.98
100280,2023-06-17,243,2,10,13,576.14,7115.33
100281,2024-06-26,47,11,18,13,4866.69,63266.97
100282,2025-01-26,96,8,2,9,8152.69,69705.5
100283,2024-07-04,289,1,5,4,7004.72,28018.88
100284,2025-04-27,117,9,2,13,2112.21,24712.86
100285,2025-08-30,294,4,16,10,4210.9,42109.0
100286,2023-03-13,258,10,17,19,4677.47,79984.74
100287,2023-09-04,230,3,6,7,1648.77,10387.25
100288,2025-05-17,41,11,14,7,4866.69,27253.46
100289,2024-06-12,164,12,3,3,1192.37,3577.11
100290,2024-10-29,142,9,15,1,2112.21,1900.99
100291,2025-12-06,215,2,14,5,576.14,2880.7
100292,2023-07-25,55,10,25,4,4677.47,16838.89
100293,2024-12-05,211,5,13,16,12606.96,191625.79
100294,2023-12-19,142,7,5,20,11044.9,209853.1
100295,2023-03-21,203,6,23,8,8457.66,67661.28
100296,2024-07-04,191,1,11,10,7004.72,70047.2
100297,2023-07-21,117,3,10,15,1648.77,22258.39
100298,2025-05-03,46,4,15,7,4210.9,25054.86
100299,2025-09-19,265,6,2,17,8457.66,129402.2
100300,2025-11-03,207,3,25,17,1648.77,23824.73
100301,2024-01-30,103,1,8,2,7004.72,13308.97
100302,2024-02-12,141,6,15,17,8457.66,143780.22
100303,2023-03-04,124,6,16,20,8457.66,160695.54
100304,2025-08-29,283,6,12,6,8457.66,45671.36
100305,2023-07-05,146,1,13,2,7004.72,14009.44
100306,2024-03-14,114,11,8,7,4866.69,34066.83
100307,2023-02-11,5,8,5,6,8152.69,46470.33
100308,2024-05-31,157,12,23,9,1192.37,10194.76
100309,2024-12-15,236,5,7,15,12606.96,189104.4
100310,2025-03-24,300,2,1,17,576.14,7835.5
100311,2025-02-05,288,11,20,20,4866.69,97333.8
100312,2025-09-13,33,6,9,11,8457.66,79079.12
100313,2024-09-03,97,3,17,8,1648.77,11211.64
100314,2025-04-07,164,11,5,1,4866.69,4380.02
100315,2024-06-15,215,7,13,2,11044.9,20985.31
100316,2024-01-24,176,12,23,8,1192.37,8585.06
100317,2025-09-01,184,9,10,6,2112.21,11405.93
100318,2024-01-06,151,2,16,5,576.14,2592.63
100319,2024-01-10,172,11,3,8,4866.69,38933.52
100320,2024-09-20,216,6,12,9,8457.66,72312.99
100321,2023-08-30,241,1,21,19,7004.72,126435.2
100322,2025-08-25,100,9,4,13,2112.21,26085.79
100323,2023-11-05,71,4,11,14,4210.9,47162.08
100324,2025-07-26,74,6,23,6,8457.66,45671.36
100325,2023-12-29,161,11,2,1,4866.69,4623.36
100326,2023-12-12,296,3,16,3,1648.77,4946.31
100327,2025-05-29,207,7,16,13,11044.9,143583.7
100328,2025-02-03,8,6,25,17,8457.66,143780.22
100329,2024-05-24,116,12,12,10,1192.37,11923.7
100330,2024-09-18,86,2,2,10,576.14,4897.19
100331,2025-12-01,269,6,14,5,8457.66,42288.3
100332,2025-01-05,97,3,13,1,1648.77,1648.77
100333,2023-09-26,109,12,1,19,1192.37,21522.28
100334,2023-03-18,193,11,9,18,4866.69,83220.4
100335,2023-04-09,56,11,1,2,4866.69,8760.04
100336,2025-02-17,64,9,9,16,2112.21,30415.82
100337,2023-01-20,155,7,22,4,11044.9,39761.64
100338,2023-10-08,215,2,17,20,576.14,11522.8
100339,2023-08-06,255,4,20,7,4210.9,26528.67
100340,2024-02-18,184,12,14,10,1192.37,11923.7
100341,2024-03-01,247,6,8,1,8457.66,8457.66
100342,2023-08-15,294,11,16,5,4866.69,20683.43
100343,2023-06-03,52,5,21,8,12606.96,95812.9
100344,2024-06-24,238,1,4,6,7004.72,35724.07
100345,2025-01-07,161,7,24,4,11044.9,44179.6
100346,2023-04-04,5,3,22,6,1648.77,9892.62
100347,2024-07-03,48,6,11,6,8457.66,50745.96
100348,2025-07-23,140,7,23,16,11044.9,159046.56
100349,2023-12-08,58,3,23,2,1648.77,2638.03
100350,2023-08-01,214,10,16,19,4677.47,79984.74
100351,2025-02-16,184,10,1,5,4677.47,22217.98
100352,2025-04-22,226,1,3,9,7004.72,56738.23
100353,2025-12-10,296,12,19,8,1192.37,7631.17
100354,2024-11-23,266,9,23,20,2112.21,42244.2
100355,2024-05-24,247,6,22,13,8457.66,109949.58
100356,2023-04-22,6,11,6,17,4866.69,74460.36
100357,2023-12-05,39,8,11,8,8152.69,65221.52
100358,2025-11-04,115,9,21,13,2112.21,26085.79
100359,2025-07-29,228,10,15,3,4677.47,11927.55
100360,2023-09-01,255,12,21,1,1192.37,1192.37
100361,2023-01-01,47,10,20,10,4677.47,39758.5
100362,2025-07-23,175,6,2,8,8457.66,60895.15
100363,2025-08-26,187,12,15,4,1192.37,4769.48
100364,2023-01-05,175,6,21,10,8457.66,80347.77
100365,2023-08-06,24,3,16,5,1648.77,7419.46
100366,2025-04-18,55,5,20,7,12606.96,88248.72
100367,2025-03-15,111,8,7,11,8152.69,89679.59
100368,2023-09-10,231,8,22,19,8152.69,123920.89
100369,2025-10-18,3,9,24,2,2112.21,4013.2
100370,2025-09-16,261,3,23,19,1648.77,31326.63
100371,2023-08-01,199,11,20,20,4866.69,82733.73
100372,2025-02-26,215,10,23,8,4677.47,37419.76
100373,2024-08-25,232,3,5,14,1648.77,21928.64
100374,2025-11-15,154,12,18,11,1192.37,11804.46
100375,2024-03-21,103,4,20,10,4210.9,37898.1
100376,2023-09-29,92,9,18,11,2112.21,20910.88
100377,2025-09-10,299,10,22,14,4677.47,58936.12
100378,2025-12-29,147,7,1,17,11044.9,187763.3
100379,2023-04-19,29,4,9,6,4210.9,20212.32
100380,2023-10-27,32,12,10,7,1192.37,7511.93
100381,2025-07-15,53,10,22,18,4677.47,71565.29
100382,2025-03-07,122,9,23,10,2112.21,19009.89
100383,2025-02-20,199,7,22,11,11044.9,97195.12
100384,2024-05-29,104,10,25,15,4677.47,63145.84
100385,2025-01-23,280,12,20,7,1192.37,7511.93
100386,2024-08-25,230,3,22,3,1648.77,4946.31
100387,2025-11-18,62,7,2,14,11044.9,154628.6
100388,2023-11-26,300,5,1,11,12606.96,131742.73
100389,2023-03-23,79,6,20,2,8457.66,15223.79
100390,2024-09-08,252,10,18,12,4677.47,56129.64
100391,2025-12-12,113,3,17,3,1648.77,4451.68
100392,2025-04-06,48,6,8,7,8457.66,53283.26
100393,2024-08-24,112,10,17,16,4677.47,59871.62
100394,2023-01-19,59,11,12,15,4866.69,73000.35
100395,2024-05-14,21,11,11,13,4866.69,53776.92
100396,2025-03-01,132,9,24,10,2112.21,21122.1
100397,2025-02-06,264,9,15,16,2112.21,33795.36
100398,2024-01-30,165,9,3,4,2112.21,8448.84
100399,2025-12-28,4,11,3,7,4866.69,30660.15
100400,2025-05-18,54,4,18,14,4210.9,56004.97
100401,2023-11-11,13,8,23,11,8152.69,89679.59
100402,2023-12-31,129,9,3,19,2112.21,36118.79
100403,2025-04-14,199,8,21,13,8152.69,100685.72
100404,2023-08-31,274,1,21,20,7004.72,140094.4
100405,2023-04-04,38,6,17,4,8457.66,33830.64
100406,2023-06-27,145,8,13,13,8152.69,95386.47
100407,2023-11-17,274,4,5,13,4210.9,49267.53
100408,2024-08-27,74,5,22,12,12606.96,121026.82
100409,2023-10-17,64,1,1,19,7004.72,126435.2
100410,2023-06-24,157,4,24,12,4210.9,50530.8
100411,2025-11-15,73,3,6,8,1648.77,12530.65
100412,2023-08-23,93,11,19,2,4866.69,8273.37
100413,2025-08-02,282,2,10,3,576.14,1728.42
100414,2025-09-24,170,6,5,8,8457.66,67661.28
100415,2024-02-01,163,8,15,11,8152.69,85195.61
100416,2023-11-09,290,10,12,11,4677.47,41161.74
100417,2024-10-03,127,4,23,14,4210.9,58952.6
100418,2024-11-10,246,8,15,12,8152.69,88049.05
100419,2023-08-11,90,11,20,3,4866.69,13140.06
100420,2023-10-14,276,4,9,3,4210.9,11369.43
100421,2025-11-04,16,10,19,13,4677.47,54726.4
100422,2023-03-17,283,5,18,18,12606.96,215579.02
100423,2025-01-19,201,4,25,19,4210.9,72006.39
100424,2025-08-09,257,9,3,13,2112.21,27458.73
100425,2024-05-04,85,9,5,15,2112.21,31683.15
100426,2023-10-27,248,6,2,8,8457.66,60895.15
100427,2024-06-25,190,4,2,7,4210.9,28002.48
100428,2025-03-05,241,8,2,2,8152.69,13044.3
100429,2025-12-03,141,12,9,19,1192.37,21522.28
100430,2025-02-14,188,10,21,3,4677.47,13330.79
100431,2024-04-01,265,7,12,12,11044.9,125911.86
100432,2023-01-14,257,3,15,6,1648.77,9892.62
100433,2024-07-29,109,3,6,6,1648.77,9892.62
100434,2023-08-31,118,7,11,4,11044.9,41970.62
100435,2024-03-07,83,11,14,1,4866.69,4866.69
100436,2023-11-26,69,11,17,2,4866.69,8273.37
100437,2023-12-07,133,3,17,13,1648.77,20362.31
100438,2023-02-08,146,2,7,15,576.14,8209.99
100439,2025-09-13,88,4,14,20,4210.9,84218.0
100440,2024-01-08,262,5,6,11,12606.96,117875.08
100441,2023-05-21,118,7,13,5,11044.9,55224.5
100442,2025-10-29,215,3,20,4,1648.77,6595.08
100443,2023-03-21,273,9,25,4,2112.21,8448.84
100444,2023-01-03,221,9,14,12,2112.21,21544.54
100445,2025-05-28,118,8,25,13,8152.69,105984.97
100446,2023-07-20,218,3,9,16,1648.77,23742.29
100447,2023-06-21,146,10,18,14,4677.47,65484.58
100448,2023-01-15,296,9,4,17,2112.21,35907.57
100449,2024-10-08,210,6,4,5,8457.66,40173.88
100450,2024-06-19,275,7,19,12,11044.9,125911.86
100451,2025-03-24,105,7,18,18,11044.9,188867.79
100452,2025-09-17,130,5,19,12,12606.96,136155.17
100453,2023-10-10,61,12,8,15,1192.37,16096.99
100454,2023-07-25,110,9,13,11,2112.21,20910.88
100455,2023-04-17,83,7,21,1,11044.9,9940.41
100456,2025-08-23,223,2,3,9,576.14,5185.26
100457,2023-03-19,197,7,20,17,11044.9,187763.3
100458,2023-04-28,90,11,16,15,4866.69,73000.35
100459,2025-11-27,147,4,2,20,4210.9,80007.1
100460,2023-12-14,19,6,8,1,8457.66,6766.13
100461,2024-07-19,205,6,22,13,8457.66,104452.1
100462,2023-02-01,36,2,18,10,576.14,5185.26
100463,2024-12-13,178,5,8,20,12606.96,201711.36
100464,2025-04-07,295,1,9,6,7004.72,39926.9
100465,2023-05-29,258,5,11,4,12606.96,45385.06
100466,2024-05-27,227,7,19,16,11044.9,159046.56
100467,2025-07-28,236,10,1,16,4677.47,74839.52
100468,2024-03-27,118,6,14,12,8457.66,96417.32
100469,2024-06-23,128,5,3,13,12606.96,147501.43
100470,2023-06-05,284,3,16,11,1648.77,18136.47
100471,2024-07-05,94,12,22,7,1192.37,7929.26
100472,2024-05-10,136,4,8,7,4210.9,26528.67
100473,2024-12-30,80,2,4,3,576.14,1555.58
100474,2023-01-14,278,1,16,12,7004.72,79853.81
100475,2024-07-16,252,3,25,17,1648.77,28029.09
100476,2023-09-20,28,9,14,16,2112.21,28726.06
100477,2024-12-12,202,11,25,6,4866.69,27740.13
100478,2025-11-27,236,6,23,1,8457.66,8457.66
100479,2023-07-26,167,6,20,9,8457.66,76118.94
100480,2024-07-05,242,10,11,12,4677.47,56129.64
100481,2025-05-08,191,6,13,9,8457.66,72312.99
100482,2024-04-13,52,12,9,8,1192.37,9062.01
100483,2024-02-06,75,12,5,16,1192.37,17170.13
100484,2025-10-20,69,11,17,18,4866.69,78840.38
100485,2024-09-06,129,9,19,2,2112.21,4224.42
100486,2023-05-03,111,5,16,4,12606.96,47906.45
100487,2025-01-09,185,9,18,9,2112.21,19009.89
100488,2024-12-20,102,10,19,18,4677.47,84194.46
100489,2024-12-28,167,11,17,16,4866.69,70080.34
100490,2023-06-10,196,10,10,15,4677.47,66653.95
100491,2023-12-10,173,7,21,20,11044.9,209853.1
100492,2023-05-27,41,3,11,8,1648.77,13190.16
100493,2024-07-01,203,5,15,12,12606.96,136155.17
100494,2025-07-11,212,3,6,1,1648.77,1648.77
100495,2024-05-30,41,4,6,13,4210.9,54741.7
100496,2025-08-27,281,1,1,13,7004.72,86508.29
100497,2023-08-01,135,10,5,3,4677.47,12629.17
100498,2024-09-25,118,4,24,10,4210.9,40003.55
100499,2025-12-14,88,1,2,12,7004.72,71448.14
100500,2025-09-02,240,9,9,18,2112.21,36118.79
100501,2023-12-29,234,11,24,19,4866.69,87843.75
100502,2025-12-29,159,6,16,18,8457.66,152237.88
100503,2024-09-22,188,7,9,5,11044.9,55224.5
100504,2023-10-07,177,5,16,18,12606.96,226925.28
100505,2025-09-04,154,1,25,14,7004.72,88259.47
100506,2023-01-15,281,6,7,14,8457.66,100646.15
100507,2024-05-26,84,12,24,13,1192.37,13950.73
100508,2023-06-12,217,11,8,17,4866.69,74460.36
100509,2024-07-10,146,11,24,18,4866.69,78840.38
100510,2023-05-21,94,3,10,4,1648.77,6265.33
100511,2024-07-11,252,4,11,1,4210.9,4210.9
100512,2023-02-15,96,2,10,9,576.14,5185.26
100513,2023-01-17,120,2,5,1,576.14,547.33
100514,2024-09-30,256,6,15,2,8457.66,16915.32
100515,2023-10-27,29,5,25,13,12606.96,163890.48
100516,2024-01-29,129,7,1,4,11044.9,35343.68
100517,2025-02-27,227,4,24,2,4210.9,8421.8
100518,2023-07-12,267,11,7,16,4866.69,77867.04
100519,2024-10-23,82,11,24,2,4866.69,8760.04
100520,2023-09-08,130,8,21,10,8152.69,81526.9
100521,2024-03-22,58,4,21,14,4210.9,58952.6
100522,2024-07-19,300,2,13,8,576.14,4609.12
100523,2025-08-31,80,6,25,3,8457.66,25372.98
100524,2024-11-24,31,1,12,5,7004.72,31521.24
100525,2023-09-15,250,4,11,18,4210.9,68216.58
100526,2025-06-17,99,1,23,13,7004.72,91061.36
100527,2023-03-22,249,12,15,18,1192.37,21462.66
100528,2024-01-24,291,3,18,12,1648.77,19785.24
100529,2023-11-25,36,9,5,15,2112.21,31683.15
100530,2025-01-21,233,1,25,17,7004.72,119080.24
100531,2023-02-08,187,10,8,11,4677.47,46306.95
100532,2025-03-04,98,9,22,16,2112.21,30415.82
100533,2024-08-02,166,7,21,11,11044.9,121493.9
100534,2023-05-17,23,3,6,2,1648.77,3297.54
100535,2023-07-22,17,10,21,13,4677.47,54726.4
100536,2024-06-08,26,6,8,20,8457.66,152237.88
100537,2024-03-03,252,2,15,2,576.14,1152.28
100538,2025-05-01,189,12,2,20,1192.37,23847.4
100539,2023-05-25,156,2,7,17,576.14,9794.38
100540,2025-12-24,198,4,7,17,4210.9,64426.77
100541,2024-01-02,286,12,18,14,1192.37,15023.86
100542,2025-01-03,235,12,22,14,1192.37,14189.2
100543,2024-01-05,282,7,17,11,11044.9,109344.51
100544,2025-06-26,181,6,18,11,8457.66,83730.83
100545,2025-05-31,166,10,8,19,4677.47,84428.33
100546,2024-06-04,185,8,15,13,8152.69,105984.97
100547,2024-08-05,9,9,5,10,2112.21,21122.1
100548,2024-03-15,162,1,25,9,7004.72,53586.11
100549,2023-11-13,49,1,15,12,7004.72,84056.64
100550,2024-05-26,120,5,10,3,12606.96,35929.84
100551,2024-03-21,40,12,11,16,1192.37,19077.92
100552,2023-07-15,154,1,24,19,7004.72,133089.68
100553,2024-11-15,179,7,14,4,11044.9,37552.66
100554,2023-01-24,196,1,10,17,7004.72,119080.24
100555,2023-11-03,168,9,23,8,2112.21,16897.68
100556,2025-03-15,229,10,19,17,4677.47,79516.99
100557,2025-03-18,76,3,11,3,1648.77,4698.99
100558,2025-03-28,135,2,13,17,576.14,9304.66
100559,2023-10-04,247,9,7,16,2112.21,33795.36
100560,2025-12-09,127,4,3,9,4210.9,34108.29
100561,2023-07-03,58,11,14,14,4866.69,68133.66
100562,2024-12-06,13,5,6,12,12606.96,143719.34
100563,2025-06-24,75,8,2,8,8152.69,65221.52
100564,2023-06-25,58,12,2,8,1192.37,8108.12
100565,2024-08-12,8,6,23,4,8457.66,33830.64
100566,2024-11-10,108,12,18,7,1192.37,8346.59
100567,2024-06-13,281,8,20,5,8152.69,36687.11
100568,2025-02-10,299,11,17,2,4866.69,9733.38
100569,2024-02-16,139,1,15,1,7004.72,7004.72
100570,2025-01-07,56,1,10,13,7004.72,91061.36
100571,2023-07-23,162,8,20,18,8152.69,146748.42
100572,2025-07-26,288,12,1,2,1192.37,2384.74
100573,2024-11-14,251,7,24,6,11044.9,66269.4
100574,2024-12-28,155,4,17,9,4210.9,34108.29
100575,2025-03-03,16,9,9,8,2112.21,16897.68
100576,2023-10-09,45,12,13,17,1192.37,16216.23
100577,2024-04-10,214,4,19,5,4210.9,20001.77
100578,2024-11-05,230,9,5,7,2112.21,13306.92
100579,2024-02-19,71,5,23,17,12606.96,182170.57
100580,2023-10-25,290,3,11,3,1648.77,4698.99
100581,2023-08-31,95,6,5,1,8457.66,7611.89
100582,2025-04-27,211,5,15,9,12606.96,113462.64
100583,2023-09-27,95,1,25,20,7004.72,133089.68
100584,2024-04-17,119,4,22,1,4210.9,4210.9
100585,2025-09-03,69,9,20,16,2112.21,30415.82
100586,2025-03-04,252,8,5,6,8152.69,48916.14
100587,2023-01-31,139,7,8,7,11044.9,69582.87
100588,2025-06-18,251,12,11,15,1192.37,15202.72
100589,2023-03-27,195,12,11,13,1192.37,14725.77
100590,2025-12-11,20,9,4,15,2112.21,30098.99
100591,2024-05-18,266,9,13,2,2112.21,4013.2
100592,2023-04-11,98,5,15,13,12606.96,139306.91
100593,2024-08-08,237,3,14,10,1648.77,15663.31
100594,2025-11-24,73,8,21,15,8152.69,122290.35
100595,2024-01-04,300,12,18,5,1192.37,5961.85
100596,2023-02-21,92,8,19,7,8152.69,48508.51
100597,2024-10-25,84,12,24,4,1192.37,4769.48
100598,2025-01-13,44,9,23,13,2112.21,24712.86
100599,2023-11-24,194,9,13,2,2112.21,3801.98
100600,2023-11-04,84,3,6,2,1648.77,3132.66
100601,2025-07-02,148,11,6,4,4866.69,16546.75
100602,2023-01-08,130,1,15,16,7004.72,95264.19
100603,2023-01-12,253,4,7,19,4210.9,72006.39
100604,2025-06-23,41,10,20,1,4677.47,4677.47
100605,2024-03-01,26,3,5,2,1648.77,2967.79
100606,2023-03-08,296,10,10,11,4677.47,43734.34
100607,2025-05-03,92,3,22,10,1648.77,15663.31
100608,2023-12-30,234,12,19,12,1192.37,12162.17
100609,2024-09-04,166,6,13,3,8457.66,22835.68
100610,2023-05-13,150,8,5,4,8152.69,29349.68
100611,2025-12-15,212,9,7,7,2112.21,14046.2
100612,2025-12-19,45,8,24,20,8152.69,138595.73
100613,2024-08-11,219,10,11,9,4677.47,39992.37
100614,2024-12-25,67,10,19,16,4677.47,71097.54
100615,2025-10-05,93,10,8,10,4677.47,37419.76
100616,2023-02-19,239,11,4,7,4866.69,30660.15
100617,2025-04-27,24,6,12,18,8457.66,137014.09
100618,2024-02-17,145,5,3,10,12606.96,126069.6
100619,2023-01-13,59,11,11,11,4866.69,53533.59
100620,2023-03-01,90,4,11,11,4210.9,39371.92
100621,2025-08-29,19,11,5,16,4866.69,77867.04
100622,2024-11-17,237,7,24,2,11044.9,19880.82
100623,2024-10-08,285,9,1,7,2112.21,14046.2
100624,2024-12-25,34,3,9,1,1648.77,1648.77
100625,2025-12-30,85,10,20,13,4677.47,60807.11
100626,2024-09-23,162,12,2,9,1192.37,10194.76
100627,2024-05-01,191,8,10,7,8152.69,54215.39
100628,2025-02-05,20,4,3,15,4210.9,60005.32
100629,2025-10-21,79,4,11,16,4210.9,60636.96
100630,2024-11-01,74,2,17,5,576.14,2880.7
100631,2025-03-04,268,2,1,10,576.14,4897.19
100632,2023-06-28,171,8,2,4,8152.69,30980.22
100633,2024-10-01,12,10,25,10,4677.47,44435.96
100634,2024-02-15,99,5,9,18,12606.96,226925.28
100635,2023-08-29,140,3,6,9,1648.77,14838.93
100636,2025-11-18,53,4,18,12,4210.9,48004.26
100637,2024-08-03,294,4,6,3,4210.9,12632.7
100638,2025-06-27,26,3,1,16,1648.77,22423.27
100639,2025-02-24,28,2,14,13,576.14,7489.82
100640,2025-07-02,183,5,11,7,12606.96,79423.85
100641,2025-12-28,41,8,19,5,8152.69,40763.45
100642,2025-08-17,50,8,10,15,8152.69,116175.83
100643,2023-10-22,133,6,13,6,8457.66,45671.36
100644,2024-10-27,233,8,1,3,8152.69,23235.17
100645,2025-08-02,88,5,25,12,12606.96,143719.34
100646,2023-07-30,208,12,4,11,1192.37,12460.27
100647,2024-09-10,273,8,13,19,8152.69,147156.05
100648,2023-11-22,247,7,3,11,11044.9,121493.9
100649,2025-06-01,223,10,11,18,4677.47,75775.01
100650,2023-06-09,294,8,4,19,8152.69,147156.05
100651,2023-07-19,228,3,10,13,1648.77,21434.01
100652,2025-02-15,168,8,21,2,8152.69,16305.38
100653,2023-01-01,76,11,5,15,4866.69,69350.33
100654,2025-07-04,101,4,22,11,4210.9,46319.9
100655,2024-09-15,223,12,12,3,1192.37,3398.25
100656,2025-11-11,207,3,10,2,1648.77,3297.54
100657,2023-04-19,1,12,18,12,1192.37,14308.44
100658,2023-03-05,121,7,23,19,11044.9,209853.1
100659,2025-02-22,208,7,14,18,11044.9,198808.2
100660,2023-10-12,97,9,13,12,2112.21,22811.87
100661,2023-09-15,69,1,3,1,7004.72,7004.72
100662,2025-06-13,70,2,5,14,576.14,6856.07
100663,2025-05-21,93,8,17,14,8152.69,108430.78
100664,2024-12-28,116,3,14,20,1648.77,32975.4
100665,2024-04-29,257,5,14,18,12606.96,215579.02
100666,2023-03-19,291,8,23,12,8152.69,97832.28
100667,2023-06-13,73,12,24,17,1192.37,16216.23
100668,2024-07-26,239,9,3,17,2112.21,30521.43
100669,2025-08-25,40,11,21,18,4866.69,78840.38
100670,2023-04-19,176,9,25,1,2112.21,2006.6
100671,2025-08-18,294,12,11,14,1192.37,16693.18
100672,2024-08-26,149,3,2,20,1648.77,29677.86
100673,2024-06-17,32,11,16,19,4866.69,92467.11
100674,2024-08-20,14,5,16,3,12606.96,37820.88
100675,2024-07-23,130,3,20,9,1648.77,14838.93
100676,2023-08-17,90,10,24,5,4677.47,21048.61
100677,2023-12-26,134,12,8,16,1192.37,19077.92
100678,2023-03-09,176,2,5,20,576.14,9794.38
100679,2025-10-12,212,7,8,15,11044.9,149106.15
100680,2024-12-07,28,11,9,4,4866.69,19466.76
100681,2025-09-02,155,8,24,18,8152.69,146748.42
100682,2025-03-09,243,5,5,17,12606.96,182170.57
100683,2025-07-08,196,11,11,17,4866.69,74460.36
100684,2025-12-24,182,7,20,9,11044.9,99404.1
100685,2023-07-21,131,11,19,13,4866.69,60103.62
100686,2024-05-10,100,9,11,6,2112.21,12673.26
100687,2023-01-18,35,1,14,4,7004.72,26617.94
100688,2024-12-20,113,12,10,9,1192.37,10731.33
100689,2023-07-08,30,10,22,7,4677.47,26193.83
100690,2023-09-03,45,10,5,13,4677.47,54726.4
100691,2024-01-14,57,12,6,9,1192.37,10731.33
100692,2023-06-05,233,5,25,14,12606.96,158847.7
100693,2024-10-24,132,3,25,3,1648.77,4946.31
100694,2025-03-06,171,1,9,9,7004.72,63042.48
100695,2024-02-15,202,3,21,16,1648.77,26380.32
100696,2025-06-02,112,10,21,4,4677.47,15903.4
100697,2023-07-31,18,2,3,19,576.14,9851.99
100698,2023-02-08,255,3,21,1,1648.77,1401.45
100699,2024-06-29,78,12,11,13,1192.37,14725.77
100700,2025-10-01,245,7,13,3,11044.9,31477.97
100701,2025-09-14,63,10,18,12,4677.47,56129.64
100702,2023-04-24,47,6,18,11,8457.66,93034.26
100703,2024-08-16,104,3,18,2,1648.77,2638.03
100704,2024-09-04,200,2,21,12,576.14,6568.0
100705,2025-06-15,98,3,2,7,1648.77,11541.39
100706,2024-05-03,251,7,3,18,11044.9,188867.79
100707,2025-07-09,9,1,11,2,7004.72,14009.44
100708,2025-04-10,61,4,21,17,4210.9,68006.03
100709,2023-11-02,297,4,3,2,4210.9,7579.62
100710,2023-02-09,242,10,2,8,4677.47,33677.78
100711,2023-12-19,26,5,4,15,12606.96,179649.18
100712,2023-05-11,55,2,16,20,576.14,10370.52
100713,2024-02-20,219,6,24,13,8457.66,109949.58
100714,2023-10-09,165,4,25,2,4210.9,8000.71
100715,2023-09-05,141,3,25,14,1648.77,23082.78
100716,2023-12-04,225,4,19,2,4210.9,8421.8
100717,2025-02-09,81,1,16,3,7004.72,21014.16
100718,2023-07-02,146,7,23,16,11044.9,159046.56
100719,2024-07-08,268,8,14,8,8152.69,55438.29
100720,2023-03-19,93,12,16,20,1192.37,19077.92
100721,2024-09-08,179,7,1,18,11044.9,198808.2
100722,2025-12-21,49,10,12,18,4677.47,79984.74
100723,2024-03-02,142,1,7,4,7004.72,25216.99
100724,2025-08-29,255,3,6,2,1648.77,3297.54
100725,2024-03-05,223,5,11,20,12606.96,226925.28
100726,2023-03-30,54,12,2,18,1192.37,21462.66
100727,2025-09-20,264,2,3,8,576.14,4148.21
100728,2024-10-29,215,4,24,11,4210.9,46319.9
100729,2024-04-11,51,4,24,14,4210.9,50109.71
100730,2024-03-27,38,8,19,16,8152.69,130443.04
100731,2024-03-18,233,3,13,12,1648.77,19785.24
100732,2025-01-04,139,4,11,5,4210.9,21054.5
100733,2024-07-28,70,2,15,15,576.14,8209.99
100734,2024-03-26,152,10,6,20,4677.47,79516.99
100735,2024-04-15,45,7,17,16,11044.9,150210.64
100736,2025-08-27,237,5,1,14,12606.96,158847.7
100737,2024-11-01,223,10,8,19,4677.47,75541.14
100738,2023-01-11,214,1,2,16,7004.72,100867.97
100739,2025-05-21,272,7,16,4,11044.9,41970.62
100740,2023-01-26,209,4,5,12,4210.9,50530.8
100741,2023-07-05,9,8,22,10,8152.69,81526.9
100742,2023-02-19,233,8,25,5,8152.69,34648.93
100743,2025-01-28,238,12,21,1,1192.37,1013.51
100744,2024-11-12,272,1,10,14,7004.72,88259.47
100745,2024-02-29,42,10,11,2,4677.47,8887.19
100746,2025-01-15,27,2,13,12,576.14,6568.0
100747,2025-01-20,90,11,18,3,4866.69,13870.07
100748,2023-10-11,172,4,18,4,4210.9,16001.42
100749,2024-03-05,116,6,12,9,8457.66,72312.99
100750,2023-04-22,33,6,12,15,8457.66,120521.66
100751,2023-09-09,241,12,18,18,1192.37,18243.26
100752,2025-01-23,34,4,15,3,4210.9,12632.7
100753,2024-08-13,40,2,6,9,576.14,5185.26
100754,2023-11-05,105,9,21,1,2112.21,2112.21
100755,2023-09-28,243,6,14,15,8457.66,114178.41
100756,2024-01-23,33,1,8,17,7004.72,113126.23
100757,2024-12-03,168,8,19,17,8152.69,124736.16
100758,2024-09-14,291,3,10,6,1648.77,8903.36
100759,2025-01-31,148,1,5,12,7004.72,84056.64
100760,2023-11-26,275,5,6,6,12606.96,68077.58
100761,2023-11-11,83,4,4,2,4210.9,6737.44
100762,2025-06-21,134,6,6,7,8457.66,56243.44
100763,2024-10-11,177,3,12,15,1648.77,23494.97
100764,2024-09-09,63,1,13,16,7004.72,100867.97
100765,2024-10-17,80,1,24,18,7004.72,100867.97
100766,2024-08-28,243,5,25,19,12606.96,215579.02
100767,2025-06-24,174,12,4,16,1192.37,16216.23
100768,2023-08-28,158,1,13,20,7004.72,126084.96
100769,2023-07-09,168,1,20,7,7004.72,46581.39
100770,2024-07-23,101,1,3,18,7004.72,113476.46
100771,2023-06-28,263,7,7,16,11044.9,176718.4
100772,2023-04-25,185,7,5,14,11044.9,154628.6
100773,2024-08-05,177,6,10,15,8457.66,107835.17
100774,2025-06-28,213,8,10,6,8152.69,44024.53
100775,2025-05-18,213,3,19,20,1648.77,32975.4
100776,2025-08-30,269,6,3,19,8457.66,144625.99
100777,2025-04-18,140,7,6,18,11044.9,188867.79
100778,2023-10-08,103,3,13,10,1648.77,15663.31
100779,2024-09-10,300,5,16,18,12606.96,204232.75
100780,2023-01-06,79,5,10,16,12606.96,201711.36
100781,2024-08-12,214,3,16,8,1648.77,13190.16
100782,2025-10-06,35,10,24,12,4677.47,53323.16
100783,2024-06-12,244,12,4,12,1192.37,13593.02
100784,2024-06-15,84,10,2,5,4677.47,23387.35
100785,2023-10-05,183,3,2,9,1648.77,14838.93
100786,2024-12-30,25,5,10,17,12606.96,203602.4
100787,2024-02-01,94,2,20,6,576.14,3284.0
100788,2024-09-08,139,11,23,12,4866.69,58400.28
100789,2023-10-22,7,3,17,10,1648.77,16487.7
100790,2024-11-27,84,2,7,5,576.14,2736.67
100791,2025-12-12,273,12,18,4,1192.37,4531.01
100792,2023-08-27,68,1,16,12,7004.72,84056.64
100793,2025-06-24,268,6,6,10,8457.66,84576.6
100794,2024-03-31,66,12,5,8,1192.37,9538.96
100795,2023-06-10,218,12,25,4,1192.37,4769.48
100796,2025-06-02,22,4,4,2,4210.9,7579.62
100797,2023-05-02,241,2,9,2,576.14,1152.28
100798,2023-07-17,64,10,7,19,4677.47,75541.14
100799,2024-12-20,15,2,5,9,576.14,4407.47
100800,2023-11-25,257,12,20,8,1192.37,9062.01
100801,2023-01-29,271,4,23,7,4210.9,23581.04
100802,2023-01-09,51,4,17,16,4210.9,67374.4
100803,2025-06-19,55,3,12,13,1648.77,20362.31
100804,2025-04-14,58,6,4,15,8457.66,126864.9
100805,2025-01-09,148,9,24,2,2112.21,4224.42
100806,2025-02-27,146,8,20,10,8152.69,73374.21
100807,2024-04-07,284,7,10,14,11044.9,154628.6
100808,2025-09-01,189,3,1,16,1648.77,23742.29
100809,2025-12-06,44,2,5,13,576.14,7115.33
100810,2023-07-28,87,2,12,7,576.14,4032.98
100811,2025-04-07,63,4,14,16,4210.9,67374.4
100812,2024-07-13,205,6,16,20,8457.66,135322.56
100813,2025-11-13,143,3,25,15,1648.77,24731.55
100814,2025-10-15,119,11,5,1,4866.69,4866.69
100815,2023-05-20,256,11,1,6,4866.69,29200.14
100816,2023-11-09,156,10,20,4,4677.47,16838.89
100817,2025-11-30,253,8,7,10,8152.69,73374.21
100818,2024-06-19,278,6,18,18,8457.66,152237.88
100819,2025-05-31,61,7,15,11,11044.9,103269.82
100820,2023-03-15,17,3,18,10,1648.77,14014.54
100821,2025-06-01,69,5,23,13,12606.96,155695.96
100822,2025-10-01,284,11,18,19,4866.69,87843.75
100823,2023-11-17,260,1,13,9,7004.72,59890.36
100824,2024-12-23,146,6,2,1,8457.66,8034.78
100825,2025-01-20,179,12,19,1,1192.37,1073.13
100826,2025-02-18,50,7,12,12,11044.9,125911.86
100827,2024-05-15,127,4,21,10,4210.9,40003.55
100828,2023-05-15,157,2,11,6,576.14,3456.84
100829,2025-08-01,217,10,17,14,4677.47,65484.58
100830,2023-02-15,163,7,19,13,11044.9,143583.7
100831,2025-09-27,52,12,22,7,1192.37,8346.59
100832,2024-11-26,86,10,10,12,4677.47,44903.71
100833,2023-06-04,275,4,10,9,4210.9,37898.1
100834,2025-04-03,116,10,24,3,4677.47,12629.17
100835,2024-11-20,140,2,19,17,576.14,9304.66
100836,2023-06-07,155,9,10,14,2112.21,26613.85
100837,2025-04-28,206,5,20,17,12606.96,203602.4
100838,2024-01-05,10,11,23,17,4866.69,70323.67
100839,2024-03-12,240,5,21,18,12606.96,204232.75
100840,2025-06-07,290,12,21,2,1192.37,2265.5
100841,2023-10-30,124,3,24,10,1648.77,14838.93
100842,2023-05-12,105,7,9,10,11044.9,104926.55
100843,2024-04-28,208,4,4,5,4210.9,21054.5
100844,2024-09-27,238,8,18,14,8152.69,108430.78
100845,2024-02-18,82,5,5,1,12606.96,12606.96
100846,2023-12-27,22,12,16,1,1192.37,1192.37
100847,2024-10-04,153,2,14,12,576.14,6222.31
100848,2025-03-23,72,4,4,19,4210.9,72006.39
100849,2025-12-04,298,9,9,16,2112.21,28726.06
100850,2023-09-08,161,6,19,13,8457.66,98954.62
100851,2025-05-16,112,3,4,6,1648.77,9892.62
100852,2025-04-16,131,10,2,16,4677.47,71097.54
100853,2023-08-20,163,9,14,16,2112.21,30415.82
100854,2023-10-24,186,8,23,12,8152.69,88049.05
100855,2023-03-13,28,12,22,8,1192.37,9538.96
100856,2025-01-13,63,9,8,15,2112.21,31683.15
100857,2025-03-15,131,5,3,8,12606.96,100855.68
100858,2023-11-25,225,11,11,14,4866.69,61320.29
100859,2023-06-14,252,8,24,14,8152.69,97017.01
100860,2025-05-15,52,3,23,9,1648.77,14096.98
100861,2024-10-31,233,12,1,2,1192.37,2265.5
100862,2025-06-27,70,1,13,7,7004.72,46581.39
100863,2023-06-18,57,3,8,17,1648.77,25226.18
100864,2023-09-24,211,6,15,16,8457.66,115024.18
100865,2023-12-22,168,5,7,3,12606.96,35929.84
100866,2025-02-11,293,4,1,1,4210.9,3579.27
100867,2024-04-13,46,8,7,9,8152.69,66036.79
100868,2025-04-01,220,10,9,5,4677.47,23387.35
100869,2023-08-29,8,12,17,14,1192.37,15023.86
100870,2025-10-09,61,4,23,7,4210.9,29476.3
100871,2024-06-29,148,12,16,13,1192.37,15500.81
100872,2024-03-17,145,12,22,7,1192.37,7929.26
100873,2023-10-26,15,5,9,8,12606.96,95812.9
100874,2025-01-27,299,11,21,15,4866.69,73000.35
100875,2024-10-24,204,11,7,13,4866.69,56940.27
100876,2024-06-08,38,2,18,2,576.14,1152.28
100877,2025-08-22,182,10,22,20,4677.47,84194.46
100878,2023-01-11,130,9,20,13,2112.21,27458.73
100879,2025-01-29,68,9,2,19,2112.21,40131.99
100880,2025-10-06,174,8,5,3,8152.69,24458.07
100881,2023-10-18,134,2,11,2,576.14,921.82
100882,2024-07-29,185,7,10,9,11044.9,94433.89
100883,2024-06-24,265,6,14,6,8457.66,50745.96
100884,2023-11-06,285,11,21,15,4866.69,73000.35
100885,2024-04-15,94,1,16,9,7004.72,63042.48
100886,2023-08-26,254,1,15,12,7004.72,67245.31
100887,2025-07-26,253,2,24,5,576.14,2880.7
100888,2024-08-04,93,3,24,17,1648.77,25226.18
100889,2024-03-10,299,1,17,19,7004.72,133089.68
100890,2024-05-19,256,11,4,11,4866.69,53533.59
100891,2023-09-07,202,6,19,4,8457.66,30447.58
100892,2023-06-16,236,12,22,16,1192.37,18124.02
100893,2023-01-12,169,1,21,20,7004.72,112075.52
100894,2023-09-22,109,1,21,10,7004.72,70047.2
100895,2023-05-25,281,10,13,3,4677.47,14032.41
100896,2025-03-27,46,1,7,6,7004.72,42028.32
100897,2023-11-12,62,5,16,14,12606.96,158847.7
100898,2023-09-26,184,11,4,12,4866.69,55480.27
100899,2025-03-05,244,5,19,20,12606.96,239532.24
100900,2025-01-24,96,7,21,14,11044.9,154628.6
100901,2025-08-07,115,11,22,5,4866.69,20683.43
100902,2025-12-10,43,5,15,14,12606.96,176497.44
100903,2024-09-07,77,3,22,10,1648.77,14838.93
100904,2024-08-28,292,1,18,3,7004.72,17862.04
100905,2025-11-11,218,7,4,15,11044.9,149106.15
100906,2024-06-02,182,5,19,3,12606.96,34038.79
100907,2025-08-05,92,3,13,2,1648.77,3297.54
100908,2024-09-01,161,10,24,15,4677.47,63145.84
100909,2024-06-26,175,3,7,6,1648.77,9892.62
100910,2024-06-15,55,7,18,1,11044.9,11044.9
100911,2023-12-18,245,8,23,13,8152.69,90087.22
100912,2025-09-23,156,10,20,12,4677.47,50516.68
100913,2025-03-19,155,2,5,5,576.14,2880.7
100914,2023-02-02,97,1,7,16,7004.72,106471.74
100915,2025-06-11,276,4,3,10,4210.9,37898.1
100916,2025-05-14,12,2,6,5,576.14,2592.63
100917,2025-09-20,242,1,15,19,7004.72,133089.68
100918,2025-03-13,27,6,1,4,8457.66,32139.11
100919,2025-05-01,254,12,19,20,1192.37,21462.66
100920,2023-03-17,250,7,16,17,11044.9,178375.14
100921,2025-09-26,119,12,2,17,1192.37,20270.29
100922,2023-05-11,138,11,14,16,4866.69,77867.04
100923,2024-12-11,230,12,14,1,1192.37,1192.37
100924,2025-08-19,177,8,8,17,8152.69,138595.73
100925,2024-11-25,240,3,10,13,1648.77,17147.21
100926,2025-01-07,242,3,20,7,1648.77,11541.39
100927,2025-09-15,67,3,7,6,1648.77,9397.99
100928,2025-05-01,253,5,8,7,12606.96,83836.28
100929,2025-01-04,134,6,22,6,8457.66,50745.96
100930,2025-10-28,17,2,11,14,576.14,8065.96
100931,2024-04-03,250,5,11,12,12606.96,136155.17
100932,2024-07-01,78,12,17,20,1192.37,21462.66
100933,2025-06-15,235,2,4,20,576.14,10946.66
100934,2023-07-28,288,1,17,4,7004.72,28018.88
100935,2024-02-25,186,3,24,10,1648.77,14838.93
100936,2025-10-17,51,3,21,12,1648.77,19785.24
100937,2024-02-18,225,7,25,1,11044.9,11044.9
100938,2024-11-30,147,9,6,3,2112.21,6336.63
100939,2025-04-29,185,11,22,8,4866.69,38933.52
100940,2025-05-13,117,3,14,14,1648.77,19620.36
100941,2025-11-23,186,1,15,5,7004.72,31521.24
100942,2025-11-25,36,2,11,11,576.14,6020.66
100943,2025-06-07,32,7,25,2,11044.9,19880.82
100944,2023-04-29,267,5,14,13,12606.96,139306.91
100945,2024-09-15,161,6,1,9,8457.66,64701.1
100946,2023-10-28,207,8,21,7,8152.69,48508.51
100947,2025-06-24,177,11,13,7,4866.69,28956.81
100948,2024-11-16,200,12,24,5,1192.37,5663.76
100949,2024-03-13,48,9,18,10,2112.21,20065.99
100950,2023-11-24,12,1,18,19,7004.72,133089.68
100951,2024-09-14,217,9,4,2,2112.21,3801.98
100952,2025-11-05,182,2,2,4,576.14,2189.33
100953,2023-01-11,233,6,8,19,8457.66,152660.76
100954,2025-12-28,120,6,10,10,8457.66,76118.94
100955,2023-10-14,194,9,24,8,2112.21,16897.68
100956,2024-01-30,185,8,4,5,8152.69,36687.11
100957,2023-06-17,48,1,14,5,7004.72,33272.42
100958,2025-01-26,270,7,19,18,11044.9,188867.79
100959,2024-06-24,300,8,21,14,8152.69,91310.13
100960,2025-09-29,214,3,5,17,1648.77,28029.09
100961,2023-09-22,263,9,4,7,2112.21,14046.2
100962,2023-11-18,287,6,4,20,8457.66,143780.22
100963,2025-01-26,293,5,2,17,12606.96,214318.32
100964,2025-02-05,156,5,16,1,12606.96,11346.26
100965,2025-05-13,25,5,10,7,12606.96,88248.72
100966,2023-01-05,63,9,12,3,2112.21,5386.14
100967,2024-09-26,290,8,11,13,8152.69,100685.72
100968,2023-09-29,71,9,21,15,2112.21,28514.83
100969,2023-11-02,167,2,20,20,576.14,10946.66
100970,2025-03-20,174,9,2,15,2112.21,28514.83
100971,2023-12-06,13,10,21,10,4677.47,44435.96
100972,2023-06-24,99,10,18,19,4677.47,79984.74
100973,2025-12-04,97,8,17,1,8152.69,8152.69
100974,2024-01-04,10,5,7,8,12606.96,90770.11
100975,2025-06-28,44,9,20,11,2112.21,22072.59
100976,2023-02-17,175,7,6,14,11044.9,154628.6
100977,2025-02-21,132,2,4,4,576.14,2189.33
100978,2024-01-10,131,2,5,10,576.14,4609.12
100979,2023-05-01,167,3,1,2,1648.77,3297.54
100980,2023-10-19,212,6,9,13,8457.66,93457.14
100981,2023-04-17,104,4,25,20,4210.9,80007.1
100982,2025-10-30,198,2,9,2,576.14,1152.28
100983,2023-05-15,248,1,14,8,7004.72,47632.1
100984,2023-07-27,127,9,21,5,2112.21,10561.05
100985,2023-06-21,257,4,5,12,4210.9,48004.26
100986,2024-05-17,276,7,18,15,11044.9,165673.5
100987,2024-08-15,86,1,2,16,7004.72,112075.52
100988,2025-02-17,180,11,7,19,4866.69,83220.4
100989,2023-11-27,274,10,3,10,4677.47,46774.7
100990,2023-10-14,285,5,14,7,12606.96,83836.28
100991,2024-10-13,176,11,9,15,4866.69,73000.35
100992,2024-10-20,175,4,15,20,4210.9,84218.0
100993,2023-10-01,2,10,16,1,4677.47,3975.85
100994,2025-04-26,285,12,23,16,1192.37,17170.13
100995,2023-06-08,276,1,22,15,7004.72,94563.72
100996,2025-02-09,184,7,6,1,11044.9,11044.9
100997,2024-01-31,228,1,8,1,7004.72,6304.25
100998,2025-01-02,99,2,20,10,576.14,5185.26
100999,2025-10-08,186,1,9,16,7004.72,95264.19
101000,2024-03-04,4,4,21,13,4210.9,54741.7
101001,2025-10-21,253,3,18,7,1648.77,10387.25
101002,2023-12-26,34,10,5,3,4677.47,14032.41
101003,2024-04-11,268,12,9,7,1192.37,7511.93
101004,2025-12-27,130,11,18,15,4866.69,73000.35
101005,2023-04-17,166,7,14,9,11044.9,99404.1
101006,2025-10-11,186,9,25,2,2112.21,3590.76
101007,2024-07-23,216,9,15,11,2112.21,23234.31
101008,2023-06-17,293,1,24,8,7004.72,44830.21
101009,2023-06-02,128,4,6,11,4210.9,46319.9
101010,2023-07-18,15,8,14,1,8152.69,7745.06
101011,2024-11-15,129,4,4,16,4210.9,67374.4
101012,2023-04-22,171,9,8,3,2112.21,5702.97
101013,2023-07-15,229,10,4,3,4677.47,11225.93
101014,2025-02-11,161,12,3,5,1192.37,5961.85
101015,2023-04-23,155,10,21,14,4677.47,65484.58
101016,2023-04-17,151,7,13,4,11044.9,41970.62
101017,2023-01-22,233,7,15,14,11044.9,131434.31
101018,2024-11-26,14,8,17,11,8152.69,85195.61
101019,2023-01-26,35,10,7,19,4677.47,88871.93
101020,2024-12-28,216,8,24,20,8152.69,154901.11
101021,2023-04-01,31,3,10,19,1648.77,29760.3
101022,2025-01-02,160,10,18,5,4677.47,23387.35
101023,2024-12-03,150,6,1,17,8457.66,136591.21
101024,2023-04-28,122,9,18,2,2112.21,4013.2
101025,2024-02-15,104,2,11,7,576.14,3629.68
101026,2025-08-15,170,10,19,11,4677.47,48879.56
101027,2023-11-29,54,8,2,16,8152.69,130443.04
101028,2024-04-01,118,8,20,7,8152.69,57068.83
101029,2024-11-09,193,4,13,6,4210.9,22738.86
101030,2023-01-21,38,6,1,18,8457.66,152237.88
101031,2024-02-03,300,6,2,1,8457.66,8457.66
101032,2024-03-24,135,12,6,11,1192.37,11804.46
101033,2024-02-06,12,3,9,4,1648.77,6595.08
101034,2025-02-15,57,6,7,10,8457.66,80347.77
101035,2025-02-01,88,9,20,14,2112.21,25135.3
101036,2023-10-23,67,4,7,18,4210.9,75796.2
101037,2025-05-29,126,1,25,20,7004.72,133089.68
101038,2024-08-25,77,6,8,2,8457.66,16069.55
101039,2023-09-16,261,10,16,7,4677.47,29468.06
101040,2023-05-13,86,9,13,17,2112.21,35907.57
101041,2024-01-02,165,12,12,17,1192.37,18243.26
101042,2025-10-10,243,5,19,13,12606.96,155695.96
101043,2023-03-16,107,4,7,15,4210.9,53688.98
101044,2024-09-18,218,7,19,6,11044.9,56328.99
101045,2023-06-23,69,2,10,15,576.14,8209.99
101046,2023-03-26,239,9,20,11,2112.21,22072.59
101047,2025-04-17,189,8,11,9,8152.69,73374.21
101048,2024-04-23,136,11,3,12,4866.69,49640.24
101049,2025-10-24,263,9,21,3,2112.21,5702.97
101050,2023-07-21,61,2,12,2,576.14,1094.67
101051,2024-11-05,129,5,24,9,12606.96,113462.64
101052,2023-10-10,279,5,1,10,12606.96,126069.6
101053,2025-04-07,208,10,25,1,4677.47,4443.6
101054,2023-11-02,204,4,8,7,4210.9,28002.48
101055,2025-08-17,237,6,3,11,8457.66,83730.83
101056,2025-05-05,108,8,15,18,8152.69,146748.42
101057,2023-09-20,157,12,1,16,1192.37,17170.13
101058,2024-11-26,116,7,14,13,11044.9,129225.33
101059,2024-09-05,167,10,1,19,4677.47,79984.74
101060,2023-11-11,170,10,21,20,4677.47,79516.99
101061,2025-03-11,196,4,13,3,4210.9,12001.06
101062,2023-08-11,169,10,15,10,4677.47,46774.7
101063,2023-12-30,17,12,20,16,1192.37,19077.92
101064,2025-03-01,146,4,8,10,4210.9,37898.1
101065,2023-04-28,189,9,1,6,2112.21,12673.26
101066,2025-03-11,81,2,5,18,576.14,9851.99
101067,2025-03-07,106,3,7,10,1648.77,15663.31
101068,2025-08-30,82,10,19,10,4677.47,44435.96
101069,2025-07-28,142,4,1,5,4210.9,20001.77
101070,2024-05-20,270,6,19,16,8457.66,128556.43
101071,2023-07-06,148,11,15,12,4866.69,52560.25
101072,2024-09-01,201,10,6,14,4677.47,65484.58
101073,2025-06-03,235,7,22,6,11044.9,59642.46
101074,2023-03-31,123,3,9,18,1648.77,29677.86
101075,2024-03-20,253,7,25,18,11044.9,198808.2
101076,2023-08-04,259,6,14,15,8457.66,126864.9
101077,2023-04-02,237,1,3,15,7004.72,105070.8
101078,2024-02-03,204,1,1,9,7004.72,63042.48
101079,2024-10-31,238,8,15,3,8152.69,24458.07
101080,2025-06-15,72,8,9,6,8152.69,48916.14
101081,2023-07-25,91,5,4,18,12606.96,204232.75
101082,2023-01-23,140,3,15,12,1648.77,19785.24
101083,2025-12-26,111,8,23,2,8152.69,14674.84
101084,2023-07-30,200,12,10,15,1192.37,17885.55
101085,2025-02-11,104,4,12,8,4210.9,33687.2
101086,2023-02-27,8,6,7,3,8457.66,25372.98
101087,2023-12-10,86,1,14,17,7004.72,119080.24
101088,2024-01-24,107,9,13,14,2112.21,29570.94
101089,2024-12-31,166,3,1,13,1648.77,19290.61
101090,2024-03-11,235,4,3,9,4210.9,36003.2
101091,2023-05-18,112,7,10,20,11044.9,209853.1
101092,2023-12-18,129,2,20,11,576.14,5070.03
101093,2023-09-30,171,3,21,11,1648.77,14509.18
101094,2023-05-19,172,1,20,19,7004.72,126435.2
101095,2024-04-21,258,10,23,1,4677.47,4677.47
101096,2023-09-12,159,4,24,14,4210.9,53057.34
101097,2023-05-03,71,6,16,10,8457.66,84576.6
101098,2023-03-19,122,12,20,15,1192.37,16096.99
101099,2024-07-23,163,11,25,2,4866.69,9246.71
101100,2024-08-13,13,4,24,11,4210.9,46319.9
101101,2023-04-21,128,11,23,8,4866.69,36986.84
101102,2024-10-20,94,8,21,1,8152.69,8152.69
101103,2024-01-30,27,11,5,7,4866.69,34066.83
101104,2024-02-23,121,9,3,14,2112.21,26613.85
101105,2024-02-09,126,7,6,20,11044.9,220898.0
101106,2025-07-07,104,5,16,3,12606.96,30256.7
101107,2025-02-12,86,8,15,14,8152.69,108430.78
101108,2023-11-16,247,1,25,13,7004.72,86508.29
101109,2024-09-06,276,3,18,6,1648.77,9892.62
101110,2025-07-17,146,7,18,20,11044.9,209853.1
101111,2025-08-19,101,3,7,1,1648.77,1648.77
101112,2025-02-05,252,7,14,13,11044.9,114866.96
101113,2025-09-29,158,11,19,3,4866.69,13870.07
101114,2023-09-12,198,10,6,7,4677.47,29468.06
101115,2024-12-14,261,12,16,12,1192.37,12877.6
101116,2025-05-18,127,4,16,2,4210.9,7158.53
101117,2023-02-27,76,5,20,15,12606.96,160738.74
101118,2024-05-21,297,11,6,1,4866.69,4866.69
101119,2025-02-26,204,12,19,3,1192.37,3398.25
101120,2025-05-16,85,7,9,10,11044.9,104926.55
101121,2025-02-22,158,12,14,3,1192.37,3577.11
101122,2024-12-06,74,5,24,7,12606.96,75011.41
101123,2024-09-22,4,3,16,1,1648.77,1648.77
101124,2025-05-05,269,7,21,10,11044.9,99404.1
101125,2025-02-06,96,12,5,7,1192.37,7929.26
101126,2023-08-14,231,10,7,6,4677.47,28064.82
101127,2024-01-28,133,7,15,20,11044.9,220898.0
101128,2023-06-13,151,2,13,4,576.14,2304.56
101129,2024-04-25,245,8,22,4,8152.69,32610.76
101130,2023-01-15,299,1,4,7,7004.72,46581.39
101131,2025-12-01,137,8,16,11,8152.69,85195.61
101132,2024-12-03,162,4,12,13,4210.9,54741.7
101133,2024-12-30,170,2,1,15,576.14,7345.78
101134,2023-10-12,14,10,4,17,4677.47,79516.99
101135,2024-05-24,189,8,20,16,8152.69,123920.89
101136,2023-01-07,165,1,21,12,7004.72,71448.14
101137,2024-10-28,228,4,20,16,4210.9,64005.68
101138,2023-06-16,179,7,16,4,11044.9,39761.64
101139,2024-02-04,74,9,19,17,2112.21,35907.57
101140,2023-06-28,155,11,18,15,4866.69,73000.35
101141,2023-08-25,247,11,18,8,4866.69,38933.52
101142,2023-07-03,55,7,23,1,11044.9,11044.9
101143,2025-02-24,144,4,24,9,4210.9,34108.29
101144,2023-09-10,70,9,21,16,2112.21,33795.36
101145,2024-04-03,295,10,3,11,4677.47,51452.17
101146,2025-02-20,288,7,8,8,11044.9,88359.2
101147,2023-08-17,46,6,24,19,8457.66,136591.21
101148,2023-08-26,294,6,5,11,8457.66,74427.41
101149,2023-01-04,160,1,19,18,7004.72,126084.96
101150,2025-05-17,164,6,22,5,8457.66,40173.88
101151,2024-03-30,55,7,1,18,11044.9,168986.97
101152,2024-08-30,113,8,22,15,8152.69,122290.35
101153,2023-03-12,164,5,17,4,12606.96,50427.84
101154,2025-09-06,111,8,10,13,8152.69,105984.97
101155,2023-11-09,108,12,8,2,1192.37,2027.03
101156,2025-09-25,201,5,22,6,12606.96,60513.41
101157,2024-11-22,217,11,16,12,4866.69,52560.25
101158,2025-12-17,145,5,23,7,12606.96,79423.85
101159,2023-07-19,68,6,25,19,8457.66,136591.21
101160,2024-09-14,235,11,6,19,4866.69,92467.11
101161,2024-08-19,75,4,7,7,4210.9,26528.67
101162,2023-07-28,76,7,14,6,11044.9,56328.99
101163,2025-08-28,92,1,4,17,7004.72,107172.22
101164,2023-11-01,207,4,2,4,4210.9,16843.6
101165,2023-12-20,193,12,22,3,1192.37,3219.4
101166,2025-02-21,141,11,21,15,4866.69,73000.35
101167,2023-06-19,63,8,21,17,8152.69,138595.73
101168,2025-09-09,141,12,24,4,1192.37,4292.53
101169,2025-09-18,223,5,19,5,12606.96,63034.8
101170,2024-01-14,208,12,1,13,1192.37,14725.77
101171,2025-12-21,251,2,17,19,576.14,10399.33
101172,2023-09-12,107,11,4,6,4866.69,24820.12
101173,2023-01-11,285,8,11,4,8152.69,32610.76
101174,2023-11-27,45,9,9,2,2112.21,4224.42
101175,2024-09-03,187,9,6,14,2112.21,23656.75
101176,2024-05-23,154,1,17,10,7004.72,63042.48
101177,2025-10-01,161,9,12,20,2112.21,40131.99
101178,2023-07-22,23,4,2,7,4210.9,29476.3
101179,2024-03-16,69,10,18,7,4677.47,31105.18
101180,2025-05-14,39,9,9,9,2112.21,19009.89
101181,2025-03-30,234,2,9,14,576.14,6856.07
101182,2024-02-22,37,11,24,9,4866.69,35040.17
101183,2024-01-30,191,10,22,17,4677.47,75541.14
101184,2023-11-11,162,7,13,1,11044.9,8835.92
101185,2024-07-07,64,9,4,18,2112.21,36118.79
101186,2023-07-02,186,6,25,9,8457.66,76118.94
101187,2024-07-14,6,2,13,8,576.14,4609.12
101188,2023-09-10,90,9,24,10,2112.21,20065.99
101189,2023-07-15,271,6,23,19,8457.66,136591.21
101190,2023-07-22,25,3,11,13,1648.77,21434.01
101191,2025-12-24,283,10,13,16,4677.47,71097.54
101192,2025-11-17,80,11,5,5,4866.69,24333.45
101193,2023-04-19,190,12,25,8,1192.37,8585.06
101194,2025-07-26,94,8,12,15,8152.69,116175.83
101195,2025-05-26,267,12,8,10,1192.37,11327.51
101196,2024-09-17,209,6,3,3,8457.66,25372.98
101197,2023-07-11,85,10,2,3,4677.47,12629.17
101198,2025-10-06,6,7,22,17,11044.9,159598.81
101199,2025-10-16,264,11,22,18,4866.69,78840.38
101200,2024-01-25,4,12,14,18,1192.37,19316.39
101201,2025-12-17,22,10,15,6,4677.47,25258.34
101202,2025-12-08,116,3,3,12,1648.77,17806.72
101203,2023-04-15,217,8,13,6,8152.69,48916.14
101204,2024-05-26,277,2,10,10,576.14,5473.33
101205,2023-01-05,292,7,7,10,11044.9,93881.65
101206,2025-11-21,19,8,20,16,8152.69,130443.04
101207,2025-07-31,169,5,12,4,12606.96,50427.84
101208,2024-01-17,206,6,1,4,8457.66,32139.11
101209,2025-12-19,264,3,14,4,1648.77,5605.82
101210,2024-05-27,116,8,13,12,8152.69,97832.28
101211,2024-01-09,275,5,4,15,12606.96,170193.96
101212,2023-10-14,182,12,14,1,1192.37,1192.37
101213,2024-02-11,57,4,10,2,4210.9,8421.8
101214,2024-11-09,17,3,22,7,1648.77,9810.18
101215,2024-06-28,61,7,16,18,11044.9,188867.79
101216,2023-09-18,167,7,17,13,11044.9,143583.7
101217,2023-02-13,65,3,12,17,1648.77,28029.09
101218,2023-04-17,176,7,20,1,11044.9,10492.65
101219,2025-09-22,43,7,8,20,11044.9,220898.0
101220,2024-05-25,144,2,9,8,576.14,4148.21
101221,2025-08-28,53,12,24,17,1192.37,19256.78
101222,2023-11-01,118,2,5,13,576.14,7489.82
101223,2023-10-27,219,1,20,7,7004.72,49033.04
101224,2025-04-14,269,5,23,8,12606.96,100855.68
101225,2023-05-06,262,7,21,2,11044.9,22089.8
101226,2024-07-28,180,12,14,8,1192.37,9538.96
101227,2023-03-25,1,1,22,11,7004.72,77051.92
101228,2023-07-26,221,3,9,16,1648.77,26380.32
101229,2023-07-18,7,11,18,5,4866.69,24333.45
101230,2025-01-10,271,10,12,8,4677.47,33677.78
101231,2025-02-25,45,2,5,20,576.14,11522.8
101232,2024-01-26,99,12,15,4,1192.37,4769.48
101233,2024-12-03,155,12,16,7,1192.37,7929.26
101234,2023-09-19,99,7,18,9,11044.9,84493.49
101235,2024-12-12,188,8,21,4,8152.69,27719.15
101236,2025-05-08,269,9,1,6,2112.21,12039.6
101237,2023-09-22,149,1,19,2,7004.72,12608.5
101238,2025-03-25,254,11,18,17,4866.69,66186.98
101239,2025-11-09,197,9,25,13,2112.21,26085.79
101240,2024-01-12,2,3,19,7,1648.77,10964.32
101241,2025-11-16,234,9,23,17,2112.21,35907.57
101242,2024-08-29,138,9,4,6,2112.21,12673.26
101243,2024-08-20,21,11,5,9,4866.69,37230.18
101244,2023-04-16,128,4,18,4,4210.9,16843.6
101245,2025-01-25,167,2,23,18,576.14,10370.52
101246,2024-08-26,167,1,21,1,7004.72,6304.25
101247,2024-07-26,91,5,1,18,12606.96,204232.75
101248,2023-08-06,196,11,9,20,4866.69,92467.11
101249,2024-03-27,167,5,7,19,12606.96,227555.63
101250,2025-03-20,80,8,8,14,8152.69,114137.66
101251,2023-07-11,254,3,15,6,1648.77,8903.36
101252,2025-10-01,93,11,10,1,4866.69,4866.69
101253,2025-03-18,97,2,5,3,576.14,1642.0
101254,2025-04-04,52,12,17,5,1192.37,5365.66
101255,2023-07-24,194,7,1,4,11044.9,39761.64
101256,2023-03-31,68,4,25,3,4210.9,12632.7
101257,2023-01-28,5,2,18,11,576.14,5386.91
101258,2023-10-13,246,10,15,6,4677.47,28064.82
101259,2024-05-14,29,9,23,9,2112.21,18059.4
101260,2023-04-02,53,9,10,4,2112.21,8026.4
101261,2023-10-18,1,4,1,8,4210.9,32002.84
101262,2024-08-10,116,11,13,4,4866.69,18493.42
101263,2024-04-04,53,5,12,3,12606.96,35929.84
101264,2023-06-23,23,10,5,6,4677.47,26661.58
101265,2024-01-07,218,3,22,10,1648.77,15663.31
101266,2023-08-01,139,8,22,12,8152.69,83157.44
101267,2023-06-06,2,3,25,5,1648.77,8243.85
101268,2025-09-06,35,2,19,14,576.14,6452.77
101269,2023-07-05,166,3,6,13,1648.77,21434.01
101270,2025-09-12,212,10,21,11,4677.47,51452.17
101271,2024-05-18,197,7,18,16,11044.9,167882.48
101272,2024-04-16,197,2,19,14,576.14,7662.66
101273,2024-03-25,45,4,12,1,4210.9,4210.9
101274,2025-01-12,286,8,5,4,8152.69,32610.76
101275,2023-10-13,151,8,5,18,8152.69,117398.74
101276,2024-05-11,108,4,2,5,4210.9,21054.5
101277,2023-10-21,194,12,1,14,1192.37,16693.18
101278,2023-06-01,245,10,6,1,4677.47,4677.47
101279,2024-05-16,40,1,19,14,7004.72,98066.08
101280,2023-10-14,271,12,10,16,1192.37,18124.02
101281,2023-01-28,147,2,5,2,576.14,979.44
101282,2023-12-22,258,3,1,13,1648.77,19290.61
101283,2025-07-19,284,12,9,19,1192.37,21522.28
101284,2025-05-17,81,5,3,17,12606.96,214318.32
101285,2024-03-09,206,10,2,8,4677.47,37419.76
101286,2023-06-08,240,8,11,13,8152.69,95386.47
101287,2025-01-30,218,4,9,4,4210.9,16843.6
101288,2024-11-18,15,4,10,6,4210.9,24002.13
101289,2023-01-23,159,4,18,7,4210.9,28002.48
101290,2024-07-05,44,10,19,2,4677.47,8887.19
101291,2023-04-04,25,6,3,10,8457.66,84576.6
101292,2024-08-01,204,9,7,11,2112.21,20910.88
101293,2023-09-23,50,6,14,17,8457.66,143780.22
101294,2023-11-04,13,10,13,16,4677.47,71097.54
101295,2024-08-17,83,3,22,15,1648.77,24731.55
101296,2024-04-19,111,11,21,5,4866.69,21900.1
101297,2025-10-24,265,12,20,17,1192.37,17229.75
101298,2023-09-26,174,5,12,20,12606.96,214318.32
101299,2025-03-04,123,4,20,20,4210.9,84218.0
101300,2025-10-15,50,1,5,10,7004.72,66544.84
101301,2023-06-28,256,2,15,11,576.14,6337.54
101302,2023-05-20,144,10,12,12,4677.47,56129.64
101303,2025-08-01,133,8,9,15,8152.69,110061.31
101304,2023-09-11,292,8,2,12,8152.69,83157.44
101305,2023-09-22,226,6,17,20,8457.66,135322.56
101306,2025-04-26,260,8,9,2,8152.69,15490.11
101307,2024-05-16,288,1,5,4,7004.72,28018.88
101308,2025-03-28,38,4,13,15,4210.9,56847.15
101309,2025-08-17,274,8,4,3,8152.69,24458.07
101310,2025-03-23,222,4,13,11,4210.9,46319.9
101311,2025-09-22,109,12,24,16,1192.37,19077.92
101312,2023-11-15,241,3,21,7,1648.77,11541.39
101313,2025-02-17,32,6,14,16,8457.66,135322.56
101314,2023-02-16,217,5,9,6,12606.96,75641.76
101315,2025-04-09,42,5,23,15,12606.96,160738.74
101316,2024-06-15,95,1,3,14,7004.72,98066.08
101317,2023-12-03,102,6,14,16,8457.66,128556.43
101318,2023-11-26,224,6,23,19,8457.66,160695.54
101319,2024-02-11,40,12,22,19,1192.37,21522.28
101320,2024-10-10,8,3,15,5,1648.77,7831.66
101321,2025-04-12,135,9,24,1,2112.21,1689.77
101322,2023-09-15,231,11,19,4,4866.69,19466.76
101323,2024-01-20,216,12,18,6,1192.37,6796.51
101324,2024-03-05,98,11,19,1,4866.69,4866.69
101325,2024-09-10,158,9,4,16,2112.21,32105.59
101326,2025-04-20,181,6,18,14,8457.66,112486.88
101327,2023-08-21,91,8,14,12,8152.69,97832.28
101328,2025-06-11,196,5,22,14,12606.96,167672.57
101329,2023-07-23,45,2,3,1,576.14,547.33
101330,2025-10-13,279,2,21,15,576.14,8209.99
101331,2024-08-16,216,4,8,15,4210.9,60005.32
101332,2025-08-19,64,6,15,14,8457.66,100646.15
101333,2025-03-21,4,6,8,17,8457.66,143780.22
101334,2024-06-25,158,7,22,8,11044.9,88359.2
101335,2023-03-08,8,1,5,12,7004.72,75650.98
101336,2024-10-12,172,3,19,14,1648.77,23082.78
101337,2024-01-30,202,1,19,14,7004.72,98066.08
101338,2023-12-22,207,6,17,6,8457.66,48208.66
101339,2023-09-16,259,2,21,19,576.14,9851.99
101340,2024-06-16,284,3,11,7,1648.77,11541.39
101341,2023-01-24,79,1,20,18,7004.72,107172.22
101342,2025-02-22,13,12,24,5,1192.37,4769.48
101343,2025-01-03,96,4,21,8,4210.9,33687.2
101344,2024-05-17,194,5,22,2,12606.96,25213.92
101345,2023-02-17,297,2,4,15,576.14,7345.78
101346,2023-10-18,145,5,6,3,12606.96,37820.88
101347,2024-03-01,201,2,16,1,576.14,547.33
101348,2023-06-06,108,11,14,13,4866.69,53776.92
101349,2025-07-12,83,3,10,1,1648.77,1401.45
101350,2023-03-06,61,6,12,16,8457.66,108258.05
101351,2023-01-11,82,9,24,9,2112.21,16158.41
101352,2023-03-02,275,1,17,17,7004.72,107172.22
101353,2025-01-17,59,4,1,11,4210.9,46319.9
101354,2023-09-17,138,5,16,7,12606.96,70598.98
101355,2024-08-25,240,12,16,14,1192.37,15858.52
101356,2024-01-31,129,3,7,9,1648.77,11871.14
101357,2024-09-30,85,4,24,16,4210.9,64005.68
101358,2024-07-10,164,10,4,20,4677.47,93549.4
101359,2024-12-23,192,11,3,15,4866.69,73000.35
101360,2025-11-13,130,10,14,10,4677.47,44435.96
101361,2025-12-22,181,7,1,4,11044.9,44179.6
101362,2024-01-16,184,4,3,7,4210.9,26528.67
101363,2024-10-05,63,1,11,1,7004.72,6304.25
101364,2024-10-20,120,9,3,13,2112.21,27458.73
101365,2024-03-21,53,9,9,20,2112.21,35907.57
101366,2023-06-03,294,11,14,14,4866.69,68133.66
101367,2024-02-08,26,8,16,2,8152.69,13044.3
101368,2023-09-12,232,3,20,11,1648.77,17229.65
101369,2023-02-13,146,1,21,19,7004.72,106471.74
101370,2024-08-05,68,7,2,18,11044.9,168986.97
101371,2023-02-03,36,8,4,14,8152.69,102723.89
101372,2024-12-09,205,2,18,11,576.14,6020.66
101373,2024-09-03,233,8,21,4,8152.69,29349.68
101374,2023-07-30,15,4,2,1,4210.9,4210.9
101375,2025-06-11,116,3,3,7,1648.77,10387.25
101376,2023-01-11,27,5,2,4,12606.96,50427.84
101377,2024-06-24,169,12,20,13,1192.37,15500.81
101378,2023-10-10,299,8,4,5,8152.69,40763.45
101379,2025-04-26,229,11,4,17,4866.69,78597.04
101380,2025-09-30,144,6,25,16,8457.66,135322.56
101381,2024-08-29,43,6,18,8,8457.66,60895.15
101382,2024-02-26,40,2,16,2,576.14,1152.28
101383,2025-08-16,198,4,16,4,4210.9,16843.6
101384,2025-12-16,264,6,25,10,8457.66,76118.94
101385,2025-10-30,55,3,8,12,1648.77,19785.24
101386,2025-11-17,104,7,7,3,11044.9,33134.7
101387,2024-09-21,296,11,4,5,4866.69,23116.78
101388,2023-08-14,124,1,15,6,7004.72,42028.32
101389,2025-12-23,232,6,9,4,8457.66,28756.04
101390,2025-06-02,109,3,13,17,1648.77,26627.64
101391,2025-06-22,140,6,4,2,8457.66,16069.55
101392,2025-05-15,100,5,7,13,12606.96,163890.48
101393,2025-10-07,266,7,4,2,11044.9,20985.31
101394,2024-03-25,59,1,2,19,7004.72,133089.68
101395,2023-07-26,142,4,20,13,4210.9,54741.7
101396,2024-07-03,254,4,6,7,4210.9,29476.3
101397,2024-08-12,2,2,6,17,576.14,8325.22
101398,2024-09-17,123,3,11,3,1648.77,4946.31
101399,2025-07-21,73,1,22,16,7004.72,106471.74
101400,2024-06-24,40,3,22,1,1648.77,1566.33
101401,2023-01-03,251,4,16,4,4210.9,16843.6
101402,2024-08-18,117,9,17,6,2112.21,11405.93
101403,2023-07-24,156,12,11,15,1192.37,16991.27
101404,2024-06-11,250,5,12,15,12606.96,189104.4
101405,2024-11-14,266,11,20,16,4866.69,77867.04
101406,2023-02-12,76,7,8,5,11044.9,55224.5
101407,2025-06-01,185,4,24,3,4210.9,12632.7
101408,2023-08-10,141,11,22,18,4866.69,74460.36
101409,2025-12-15,90,5,22,12,12606.96,128590.99
101410,2025-05-04,142,5,7,2,12606.96,23953.22
101411,2023-09-09,222,8,19,12,8152.69,97832.28
101412,2025-10-18,76,8,22,5,8152.69,38725.28
101413,2023-11-30,156,8,10,3,8152.69,22012.26
101414,2023-03-25,112,5,19,4,12606.96,50427.84
101415,2025-05-31,181,11,1,2,4866.69,9733.38
101416,2024-08-03,258,11,25,18,4866.69,87600.42
101417,2024-07-08,74,12,7,14,1192.37,15858.52
101418,2024-03-24,17,8,12,8,8152.69,58699.37
101419,2025-05-15,205,2,9,10,576.14,5473.33
101420,2025-06-11,166,10,5,7,4677.47,32742.29
101421,2024-02-13,155,5,3,10,12606.96,119766.12
101422,2024-01-11,193,7,4,5,11044.9,52463.27
101423,2025-10-28,184,8,12,14,8152.69,108430.78
101424,2025-08-02,15,9,1,14,2112.21,29570.94
101425,2024-09-11,125,10,17,12,4677.47,56129.64
101426,2024-08-23,28,7,5,13,11044.9,129225.33
101427,2025-11-26,236,1,3,2,7004.72,14009.44
101428,2023-08-08,171,10,4,10,4677.47,44435.96
101429,2023-05-05,63,12,19,17,1192.37,18243.26
101430,2024-02-24,265,3,18,16,1648.77,26380.32
101431,2023-11-13,155,11,10,1,4866.69,4380.02
101432,2024-02-16,59,2,1,5,576.14,2736.67
101433,2023-07-18,127,4,4,16,4210.9,67374.4
101434,2025-03-11,29,2,10,13,576.14,7115.33
101435,2024-04-26,280,5,20,15,12606.96,160738.74
101436,2025-06-04,75,11,1,6,4866.69,29200.14
101437,2024-05-07,88,9,24,18,2112.21,38019.78
101438,2024-08-15,52,10,16,12,4677.47,50516.68
101439,2023-08-08,238,7,14,5,11044.9,55224.5
101440,2025-03-08,6,10,10,2,4677.47,8887.19
101441,2025-06-29,22,6,5,15,8457.66,107835.17
101442,2023-01-19,82,6,17,17,8457.66,143780.22
101443,2025-12-11,200,9,3,6,2112.21,11405.93
101444,2024-11-25,236,12,5,9,1192.37,9658.2
101445,2025-03-17,35,11,16,13,4866.69,50613.58
101446,2024-01-05,295,12,17,17,1192.37,20270.29
101447,2024-12-13,300,10,13,3,4677.47,14032.41
101448,2023-11-22,119,2,22,4,576.14,2189.33
101449,2024-10-24,119,12,8,4,1192.37,4054.06
101450,2025-02-25,216,2,2,20,576.14,11522.8
101451,2023-05-30,227,6,20,1,8457.66,7189.01
101452,2025-07-09,194,3,21,19,1648.77,29760.3
101453,2025-10-02,225,11,10,8,4866.69,38933.52
101454,2025-12-18,99,2,19,1,576.14,547.33
101455,2024-02-21,18,3,1,12,1648.77,17806.72
101456,2023-05-28,175,3,22,17,1648.77,26627.64
101457,2025-08-28,257,6,12,20,8457.66,143780.22
101458,2023-05-18,225,7,21,13,11044.9,122046.14
101459,2023-09-18,265,5,4,4,12606.96,47906.45
101460,2024-11-08,12,4,10,9,4210.9,37898.1
101461,2023-11-20,148,2,18,19,576.14,10946.66
101462,2025-10-21,160,7,20,2,11044.9,20985.31
101463,2025-08-22,135,11,1,2,4866.69,9733.38
101464,2024-11-16,31,3,7,18,1648.77,26710.07
101465,2023-05-08,121,8,3,19,8152.69,131665.94
101466,2023-03-14,178,2,14,20,576.14,10370.52
101467,2025-09-07,67,5,24,2,12606.96,25213.92
101468,2024-04-06,180,7,16,10,11044.9,99404.1
101469,2024-04-11,11,1,1,7,7004.72,46581.39
101470,2023-02-07,283,8,2,13,8152.69,95386.47
101471,2025-05-30,219,9,5,4,2112.21,8026.4
101472,2025-01-23,181,4,11,14,4210.9,50109.71
101473,2023-07-08,6,4,14,18,4210.9,72006.39
101474,2023-01-31,128,1,3,2,7004.72,14009.44
101475,2023-03-31,161,6,20,8,8457.66,54129.02
101476,2025-03-25,246,11,4,3,4866.69,14600.07
101477,2024-02-26,254,12,24,12,1192.37,12162.17
101478,2025-06-27,155,6,25,18,8457.66,152237.88
101479,2025-12-14,137,6,23,18,8457.66,144625.99
101480,2025-04-21,249,5,3,7,12606.96,75011.41
101481,2025-12-02,119,5,24,18,12606.96,226925.28
101482,2023-10-18,19,4,23,15,4210.9,60005.32
101483,2023-08-22,11,8,2,9,8152.69,73374.21
101484,2023-06-23,31,5,20,13,12606.96,155695.96
101485,2025-02-26,228,1,8,7,7004.72,49033.04
101486,2025-12-26,27,11,10,2,4866.69,9246.71
101487,2023-02-23,173,5,25,19,12606.96,239532.24
101488,2025-06-07,219,12,24,2,1192.37,2146.27
101489,2024-08-11,274,8,14,19,8152.69,139411.0
101490,2024-06-16,84,7,15,8,11044.9,88359.2
101491,2024-07-15,44,4,25,18,4210.9,75796.2
101492,2023-03-21,141,6,9,9,8457.66,68507.05
101493,2023-01-26,64,5,19,11,12606.96,124808.9
101494,2025-06-27,237,1,15,1,7004.72,6654.48
101495,2025-09-10,285,4,14,2,4210.9,8000.71
101496,2024-10-05,33,8,6,9,8152.69,66036.79
101497,2025-10-10,66,4,21,6,4210.9,25265.4
101498,2023-04-12,120,2,21,2,576.14,1152.28
101499,2025-06-20,297,6,2,18,8457.66,137014.09
101500,2024-06-14,132,1,22,12,7004.72,79853.81
101501,2024-04-25,180,2,3,17,576.14,9304.66
101502,2024-04-30,105,6,19,12,8457.66,91342.73
101503,2023-05-27,219,5,5,1,12606.96,12606.96
101504,2024-11-17,209,11,12,16,4866.69,66186.98
101505,2023-03-05,83,6,2,10,8457.66,71890.11
101506,2023-02-22,55,10,7,11,4677.47,48879.56
101507,2025-11-06,298,12,12,7,1192.37,8346.59
101508,2023-11-04,196,11,3,3,4866.69,11680.06
101509,2025-10-28,295,11,18,14,4866.69,64726.98
101510,2025-12-16,27,10,16,17,4677.47,75541.14
101511,2024-02-04,295,5,8,11,12606.96,138676.56
101512,2025-01-11,119,8,11,4,8152.69,29349.68
101513,2025-04-19,186,2,12,18,576.14,9851.99
101514,2025-09-18,118,8,14,8,8152.69,61960.44
101515,2023-09-14,276,4,25,14,4210.9,53057.34
101516,2024-06-17,147,6,11,4,8457.66,33830.64
101517,2023-10-31,295,8,21,7,8152.69,48508.51
101518,2023-02-01,86,2,14,9,576.14,4666.73
101519,2025-08-20,52,3,2,14,1648.77,23082.78
101520,2023-05-30,68,9,17,13,2112.21,23339.92
101521,2025-04-03,286,4,23,10,4210.9,42109.0
101522,2024-11-20,56,12,2,3,1192.37,3219.4
101523,2025-07-08,210,11,15,14,4866.69,68133.66
101524,2023-10-03,94,12,25,19,1192.37,19256.78
101525,2023-06-21,78,1,19,19,7004.72,133089.68
101526,2025-02-15,165,8,6,17,8152.69,124736.16
101527,2023-07-18,119,5,16,11,12606.96,138676.56
101528,2025-12-11,297,9,14,10,2112.21,21122.1
101529,2024-01-01,74,1,24,7,7004.72,46581.39
101530,2024-10-05,51,6,10,6,8457.66,50745.96
101531,2025-06-17,115,3,10,9,1648.77,11871.14
101532,2024-04-19,143,3,4,7,1648.77,10964.32
101533,2023-12-12,15,10,2,18,4677.47,79984.74
101534,2025-09-27,14,6,7,10,8457.66,71890.11
101535,2025-06-30,267,3,15,10,1648.77,14014.54
101536,2023-09-03,228,7,16,9,11044.9,99404.1
101537,2024-07-24,60,6,3,8,8457.66,60895.15
101538,2025-11-04,172,5,15,17,12606.96,192886.49
101539,2024-10-06,20,7,4,17,11044.9,187763.3
101540,2023-03-14,5,4,5,19,4210.9,80007.1
101541,2024-02-05,136,8,5,16,8152.69,117398.74
101542,2024-08-01,68,4,21,3,4210.9,10106.16
101543,2024-03-14,2,7,3,16,11044.9,167882.48
101544,2023-12-31,20,7,23,9,11044.9,94433.89
101545,2024-04-25,179,8,17,6,8152.69,41578.72
101546,2024-08-21,249,8,21,13,8152.69,100685.72
101547,2024-08-28,50,4,4,10,4210.9,40003.55
101548,2024-05-21,218,2,6,15,576.14,6913.68
101549,2024-12-12,204,12,5,16,1192.37,17170.13
101550,2025-04-23,121,1,10,9,7004.72,59890.36
101551,2025-04-17,32,9,25,11,2112.21,23234.31
101552,2025-03-12,227,7,13,9,11044.9,84493.49
101553,2024-03-24,174,11,2,10,4866.69,46233.55
101554,2023-12-08,275,4,25,4,4210.9,14317.06
101555,2024-11-06,67,10,18,1,4677.47,3741.98
101556,2025-02-15,47,12,11,12,1192.37,12877.6
101557,2023-04-11,266,4,12,18,4210.9,75796.2
101558,2025-03-21,118,5,6,12,12606.96,151283.52
101559,2024-05-24,7,1,1,17,7004.72,119080.24
101560,2025-09-20,22,3,10,10,1648.77,16487.7
101561,2024-05-21,18,5,24,4,12606.96,45385.06
101562,2025-03-31,68,12,9,3,1192.37,3577.11
101563,2025-04-30,11,1,24,18,7004.72,119780.71
101564,2025-03-12,100,10,10,11,4677.47,48879.56
101565,2024-09-10,141,8,7,4,8152.69,32610.76
101566,2025-08-23,193,5,14,3,12606.96,37820.88
101567,2024-07-24,248,5,23,18,12606.96,215579.02
101568,2025-10-14,202,6,25,18,8457.66,137014.09
101569,2023-02-20,204,4,15,12,4210.9,48004.26
101570,2024-09-28,171,3,21,3,1648.77,4946.31
101571,2025-09-30,128,2,5,13,576.14,7115.33
101572,2024-04-21,31,8,9,14,8152.69,114137.66
101573,2023-11-05,19,6,23,19,8457.66,152660.76
101574,2024-07-03,108,9,16,18,2112.21,36118.79
101575,2024-04-27,165,8,23,16,8152.69,123920.89
101576,2023-06-16,54,7,23,3,11044.9,33134.7
101577,2023-11-28,267,12,4,6,1192.37,7154.22
101578,2023-08-21,20,7,16,6,11044.9,62955.93
101579,2023-10-14,281,7,13,1,11044.9,11044.9
101580,2024-08-25,139,9,11,20,2112.21,35907.57
101581,2023-12-06,73,5,17,7,12606.96,79423.85
101582,2025-01-30,266,10,9,16,4677.47,71097.54
101583,2023-10-05,85,9,23,16,2112.21,33795.36
101584,2023-11-04,241,2,1,10,576.14,5185.26
101585,2023-07-12,276,8,11,4,8152.69,32610.76
101586,2023-11-17,35,6,21,18,8457.66,129402.2
101587,2023-01-29,99,5,10,14,12606.96,167672.57
101588,2025-04-05,131,9,18,7,2112.21,14785.47
101589,2024-03-19,144,3,9,19,1648.77,31326.63
101590,2025-02-23,170,10,25,19,4677.47,84428.33
101591,2025-08-27,108,3,1,8,1648.77,10552.13
101592,2023-10-28,74,3,16,1,1648.77,1648.77
101593,2023-04-17,71,9,15,14,2112.21,26613.85
101594,2025-10-21,61,4,18,13,4210.9,54741.7
101595,2025-08-29,182,5,17,11,12606.96,131742.73
101596,2024-03-14,86,11,9,5,4866.69,21900.1
101597,2025-09-30,129,11,4,18,4866.69,74460.36
101598,2023-12-31,13,6,15,12,8457.66,91342.73
101599,2024-01-27,196,6,6,1,8457.66,8457.66
101600,2024-02-04,3,10,10,11,4677.47,51452.17
101601,2024-06-03,258,1,20,9,7004.72,63042.48
101602,2025-09-07,204,1,23,9,7004.72,63042.48
101603,2023-03-04,242,10,21,15,4677.47,66653.95
101604,2023-08-01,20,6,1,20,8457.66,143780.22
101605,2023-12-29,68,2,14,4,576.14,2304.56
101606,2023-05-08,161,2,18,9,576.14,4148.21
101607,2023-02-04,171,11,11,6,4866.69,24820.12
101608,2025-01-20,265,1,22,13,7004.72,86508.29
101609,2023-05-06,34,4,25,17,4210.9,71585.3
101610,2023-12-20,228,1,9,20,7004.72,140094.4
101611,2023-12-21,2,5,9,18,12606.96,226925.28
101612,2023-06-26,290,8,3,4,8152.69,27719.15
101613,2023-06-26,96,6,19,1,8457.66,7611.89
101614,2024-03-21,192,8,3,8,8152.69,65221.52
101615,2024-01-27,68,5,2,13,12606.96,147501.43
101616,2023-10-15,290,6,14,8,8457.66,60895.15
101617,2024-02-13,91,5,9,15,12606.96,189104.4
101618,2025-01-14,179,11,17,15,4866.69,65700.31
101619,2023-12-16,19,10,13,5,4677.47,22217.98
101620,2025-06-07,178,11,22,10,4866.69,48666.9
101621,2025-10-28,283,12,9,3,1192.37,3398.25
101622,2024-03-22,240,5,2,4,12606.96,47906.45
101623,2025-08-31,72,8,19,11,8152.69,89679.59
101624,2023-03-11,166,12,4,12,1192.37,12162.17
101625,2025-05-13,244,6,11,4,8457.66,33830.64
101626,2023-11-30,240,9,6,1,2112.21,2006.6
101627,2025-06-09,205,8,8,9,8152.69,66036.79
101628,2025-09-15,206,5,2,8,12606.96,90770.11
101629,2025-11-04,56,7,14,9,11044.9,79523.28
101630,2023-02-28,84,9,6,10,2112.21,17953.79
101631,2025-12-09,102,10,25,5,4677.47,23387.35
101632,2023-04-21,47,5,25,5,12606.96,56731.32
101633,2023-12-05,236,1,22,5,7004.72,35023.6
101634,2024-09-21,42,3,8,7,1648.77,10964.32
101635,2023-11-12,285,6,1,16,8457.66,135322.56
101636,2025-03-18,109,8,22,13,8152.69,95386.47
101637,2023-07-16,199,3,11,5,1648.77,8243.85
101638,2024-08-02,218,10,13,18,4677.47,84194.46
101639,2023-02-25,114,10,6,8,4677.47,37419.76
101640,2023-01-04,204,2,21,8,576.14,4609.12
101641,2024-03-08,155,7,3,11,11044.9,121493.9
101642,2023-11-05,146,5,13,16,12606.96,201711.36
101643,2025-05-13,92,3,13,17,1648.77,25226.18
101644,2023-06-19,178,11,24,4,4866.69,17520.08
101645,2023-01-26,83,6,5,19,8457.66,152660.76
101646,2023-01-24,249,11,22,13,4866.69,60103.62
101647,2025-05-20,133,12,21,4,1192.37,4531.01
101648,2025-07-11,258,6,25,16,8457.66,121790.3
101649,2025-01-17,58,3,14,18,1648.77,26710.07
101650,2023-06-13,77,1,11,19,7004.72,133089.68
101651,2025-07-20,223,1,15,10,7004.72,70047.2
101652,2025-07-31,188,1,20,12,7004.72,84056.64
101653,2024-08-29,13,9,9,6,2112.21,12673.26
101654,2025-07-03,167,5,21,2,12606.96,23953.22
101655,2023-03-16,273,12,13,8,1192.37,9538.96
101656,2023-09-16,75,11,16,14,4866.69,57913.61
101657,2025-07-27,125,12,17,19,1192.37,21522.28
101658,2025-02-02,20,3,20,4,1648.77,6595.08
101659,2023-06-11,173,11,24,10,4866.69,46233.55
101660,2024-06-10,41,7,4,7,11044.9,73448.58
101661,2025-11-18,277,4,23,2,4210.9,8421.8
101662,2025-06-13,141,12,23,6,1192.37,7154.22
101663,2025-03-27,93,11,10,9,4866.69,43800.21
101664,2025-04-28,67,5,9,15,12606.96,179649.18
101665,2024-10-13,50,4,8,1,4210.9,3789.81
101666,2024-08-12,236,10,14,20,4677.47,93549.4
101667,2023-01-26,176,6,11,12,8457.66,91342.73
101668,2025-10-18,108,9,23,6,2112.21,11405.93
101669,2023-03-08,293,2,21,16,576.14,8757.33
101670,2024-03-01,272,6,10,10,8457.66,76118.94
101671,2025-08-15,16,3,20,19,1648.77,31326.63
101672,2025-06-02,213,1,25,10,7004.72,66544.84
101673,2024-04-25,193,9,5,13,2112.21,26085.79
101674,2023-07-18,203,4,7,4,4210.9,16001.42
101675,2023-11-22,206,9,14,12,2112.21,22811.87
101676,2024-07-25,164,6,21,4,8457.66,30447.58
101677,2024-10-12,258,9,18,13,2112.21,27458.73
101678,2025-08-08,147,8,6,6,8152.69,46470.33
101679,2024-11-15,238,11,6,4,4866.69,19466.76
101680,2025-05-06,211,4,21,1,4210.9,4000.36
101681,2025-10-27,42,10,19,14,4677.47,55661.89
101682,2024-05-26,86,10,21,16,4677.47,67355.57
101683,2023-02-16,200,9,17,7,2112.21,12567.65
101684,2025-01-25,123,3,16,7,1648.77,11541.39
101685,2023-03-05,106,10,15,15,4677.47,70162.05
101686,2024-05-10,91,8,17,4,8152.69,29349.68
101687,2023-11-23,126,8,24,3,8152.69,24458.07
101688,2025-04-12,267,8,13,3,8152.69,22012.26
101689,2023-09-05,274,12,1,15,1192.37,16991.27
101690,2024-08-22,204,12,25,2,1192.37,2384.74
101691,2025-11-13,226,7,4,4,11044.9,44179.6
101692,2023-08-17,87,6,14,11,8457.66,93034.26
101693,2025-09-15,108,5,4,11,12606.96,131742.73
101694,2025-10-03,126,5,11,10,12606.96,113462.64
101695,2025-07-11,133,10,9,20,4677.47,93549.4
101696,2025-12-04,148,1,8,12,7004.72,79853.81
101697,2024-09-20,82,10,21,10,4677.47,44435.96
101698,2024-08-26,80,12,23,5,1192.37,5961.85
101699,2025-02-25,132,11,8,1,4866.69,4136.69
101700,2023-10-31,300,1,9,12,7004.72,75650.98
101701,2025-11-24,208,8,20,6,8152.69,39132.91
101702,2025-10-23,161,9,12,13,2112.21,23339.92
101703,2023-12-13,269,8,6,16,8152.69,110876.58
101704,2023-05-13,176,4,10,7,4210.9,29476.3
101705,2023-09-02,101,6,16,15,8457.66,120521.66
101706,2023-01-25,269,4,24,7,4210.9,29476.3
101707,2023-07-22,169,9,3,9,2112.21,18059.4
101708,2023-06-12,29,8,19,17,8152.69,138595.73
101709,2024-01-10,126,4,23,15,4210.9,63163.5
101710,2024-06-28,283,5,3,7,12606.96,79423.85
101711,2023-09-29,268,5,2,7,12606.96,88248.72
101712,2025-09-04,238,2,18,2,576.14,1152.28
101713,2024-02-07,245,2,15,3,576.14,1642.0
101714,2024-03-16,250,5,19,1,12606.96,11976.61
101715,2023-08-17,227,11,7,19,4866.69,83220.4
101716,2025-07-23,1,5,25,14,12606.96,167672.57
101717,2023-12-28,169,9,16,17,2112.21,35907.57
101718,2024-06-25,273,4,11,9,4210.9,34108.29
101719,2025-06-20,58,3,16,1,1648.77,1648.77
101720,2025-08-21,254,3,6,3,1648.77,4451.68
101721,2023-07-13,227,6,21,18,8457.66,137014.09
101722,2023-08-11,119,4,10,17,4210.9,71585.3
101723,2025-08-24,53,11,10,20,4866.69,97333.8
101724,2024-10-25,81,4,25,13,4210.9,49267.53
101725,2023-11-18,167,9,16,20,2112.21,38019.78
101726,2024-07-05,118,5,16,10,12606.96,126069.6
101727,2024-12-25,162,8,10,14,8152.69,108430.78
101728,2023-01-12,207,1,14,12,7004.72,79853.81
101729,2025-07-24,141,1,23,7,7004.72,49033.04
101730,2024-08-26,192,1,11,14,7004.72,88259.47
101731,2024-02-13,111,10,17,15,4677.47,59637.74
101732,2024-05-12,83,6,24,16,8457.66,115024.18
101733,2023-04-05,200,12,23,16,1192.37,19077.92
101734,2025-02-07,31,2,2,11,576.14,6337.54
101735,2024-08-05,57,8,5,3,8152.69,24458.07
101736,2025-04-27,78,3,19,10,1648.77,15663.31
101737,2025-06-16,126,6,19,18,8457.66,137014.09
101738,2025-12-23,150,12,1,5,1192.37,5365.66
101739,2024-10-04,185,8,24,7,8152.69,57068.83
101740,2025-08-01,186,6,7,9,8457.66,76118.94
101741,2023-02-17,72,2,21,14,576.14,7662.66
101742,2023-04-09,271,1,17,12,7004.72,84056.64
101743,2023-03-07,259,6,18,16,8457.66,135322.56
101744,2023-05-18,39,10,3,18,4677.47,75775.01
101745,2025-11-17,45,10,15,20,4677.47,84194.46
101746,2023-05-30,221,5,15,15,12606.96,160738.74
101747,2023-11-08,170,2,6,19,576.14,10946.66
101748,2025-06-04,11,7,19,10,11044.9,110449.0
101749,2023-02-08,5,4,11,14,4210.9,58952.6
101750,2024-10-30,273,8,21,7,8152.69,51361.95
101751,2024-12-27,296,3,7,5,1648.77,8243.85
101752,2023-02-23,274,10,2,5,4677.47,22217.98
101753,2024-11-01,162,4,22,7,4210.9,29476.3
101754,2024-07-09,120,4,25,12,4210.9,50530.8
101755,2025-06-19,64,7,1,15,11044.9,140822.48
101756,2024-03-03,195,1,15,15,7004.72,105070.8
101757,2025-02-18,64,2,6,17,576.14,8325.22
101758,2023-09-07,84,4,4,16,4210.9,60636.96
101759,2024-10-10,213,4,7,3,4210.9,11369.43
101760,2024-06-06,261,2,15,1,576.14,576.14
101761,2025-03-30,52,6,12,10,8457.66,76118.94
101762,2024-09-07,118,12,3,13,1192.37,13175.69
101763,2024-07-16,166,1,5,8,7004.72,56037.76
101764,2025-11-28,80,3,23,16,1648.77,23742.29
101765,2024-03-05,151,6,20,14,8457.66,106566.52
101766,2023-12-24,266,3,24,6,1648.77,9892.62
101767,2023-11-29,16,8,7,10,8152.69,77450.56
101768,2024-06-27,165,1,1,11,7004.72,77051.92
101769,2023-10-23,209,1,18,13,7004.72,81955.22
101770,2023-12-14,81,2,1,12,576.14,5876.63
101771,2023-05-16,58,8,15,14,8152.69,97017.01
101772,2023-10-03,1,5,16,16,12606.96,171454.66
101773,2024-10-23,277,6,20,4,8457.66,32139.11
101774,2024-02-06,65,4,17,5,4210.9,18949.05
101775,2023-06-18,49,12,13,10,1192.37,10135.14
101776,2024-04-08,129,3,24,10,1648.77,16487.7
101777,2025-11-30,265,10,9,5,4677.47,23387.35
101778,2023-10-25,297,12,2,13,1192.37,14725.77
101779,2024-01-09,8,3,21,2,1648.77,2967.79
101780,2025-03-23,166,1,19,16,7004.72,106471.74
101781,2025-04-10,232,4,15,20,4210.9,84218.0
101782,2024-07-26,264,6,11,6,8457.66,50745.96
101783,2025-09-25,282,8,22,4,8152.69,29349.68
101784,2025-11-29,135,2,12,14,576.14,7662.66
101785,2023-09-16,49,4,15,4,4210.9,16843.6
101786,2023-09-16,178,5,15,14,12606.96,167672.57
101787,2025-10-30,94,7,17,7,11044.9,77314.3
101788,2023-02-04,102,12,24,12,1192.37,13593.02
101789,2025-12-22,269,1,18,12,7004.72,79853.81
101790,2025-12-23,86,6,6,4,8457.66,30447.58
101791,2024-04-08,78,9,20,14,2112.21,25135.3
101792,2025-03-31,152,7,17,14,11044.9,131434.31
101793,2023-10-06,154,1,3,9,7004.72,56738.23
101794,2024-03-03,35,1,25,14,7004.72,98066.08
101795,2023-11-25,125,7,6,14,11044.9,154628.6
101796,2024-12-18,37,4,9,5,4210.9,17896.33
101797,2023-11-07,106,8,5,9,8152.69,66036.79
101798,2023-08-29,267,5,17,4,12606.96,45385.06
101799,2024-04-20,225,5,4,18,12606.96,204232.75
101800,2023-05-25,175,5,2,13,12606.96,147501.43
101801,2025-08-13,219,10,6,16,4677.47,67355.57
101802,2023-07-31,46,12,20,20,1192.37,20270.29
101803,2025-10-09,222,7,2,4,11044.9,37552.66
101804,2024-07-18,129,11,17,11,4866.69,50856.91
101805,2024-12-31,43,1,4,16,7004.72,112075.52
101806,2025-06-07,137,2,25,16,576.14,8757.33
101807,2025-02-08,266,11,13,2,4866.69,9246.71
101808,2023-07-21,295,2,4,8,576.14,4609.12
101809,2025-05-13,202,12,24,2,1192.37,2384.74
101810,2025-08-01,294,9,2,13,2112.21,24712.86
101811,2025-06-03,14,4,19,6,4210.9,25265.4
101812,2023-07-22,150,7,1,15,11044.9,149106.15
101813,2024-12-05,181,4,9,15,4210.9,56847.15
101814,2024-06-22,83,4,18,18,4210.9,72006.39
101815,2024-12-14,89,8,3,11,8152.69,89679.59
101816,2024-04-11,163,5,4,3,12606.96,35929.84
101817,2025-10-15,96,7,7,9,11044.9,84493.49
101818,2024-11-21,225,6,25,6,8457.66,40596.77
101819,2023-08-17,98,10,10,17,4677.47,71565.29
101820,2023-12-31,204,10,23,3,4677.47,14032.41
101821,2025-04-08,135,3,23,11,1648.77,17229.65
101822,2025-02-27,54,12,10,20,1192.37,22655.03
101823,2024-04-05,227,1,8,18,7004.72,126084.96
101824,2023-02-23,254,4,23,8,4210.9,33687.2
101825,2024-03-18,75,1,10,8,7004.72,44830.21
101826,2025-09-16,225,7,18,18,11044.9,159046.56
101827,2024-01-17,266,10,13,19,4677.47,75541.14
101828,2024-06-19,187,5,14,12,12606.96,151283.52
101829,2024-04-25,164,9,12,3,2112.21,5069.3
101830,2024-05-20,276,10,5,4,4677.47,14967.9
101831,2025-11-05,244,9,11,4,2112.21,7603.96
101832,2024-12-14,284,4,15,9,4210.9,36003.2
101833,2025-06-15,255,10,14,3,4677.47,11225.93
101834,2025-07-07,287,11,2,12,4866.69,55480.27
101835,2023-05-11,182,2,24,9,576.14,4926.0
101836,2023-02-26,252,7,23,5,11044.9,44179.6
101837,2025-07-14,159,9,23,10,2112.21,21122.1
101838,2025-11-06,209,3,25,18,1648.77,23742.29
101839,2023-01-14,28,12,25,12,1192.37,13593.02
101840,2023-05-26,33,9,14,6,2112.21,11405.93
101841,2024-01-03,93,1,21,16,7004.72,100867.97
101842,2023-07-12,207,10,23,13,4677.47,54726.4
101843,2025-08-29,71,6,6,4,8457.66,33830.64
101844,2025-05-31,130,8,3,6,8152.69,48916.14
101845,2024-12-20,42,6,15,4,8457.66,32139.11
101846,2023-05-05,286,1,22,12,7004.72,84056.64
101847,2025-12-19,7,1,11,13,7004.72,91061.36
101848,2025-02-06,36,3,7,20,1648.77,31326.63
101849,2024-12-08,50,11,5,20,4866.69,97333.8
101850,2025-06-21,91,9,5,15,2112.21,31683.15
101851,2023-09-04,160,5,4,12,12606.96,136155.17
101852,2023-12-09,52,8,7,20,8152.69,163053.8
101853,2024-11-21,233,11,18,13,4866.69,56940.27
101854,2023-05-15,174,4,12,5,4210.9,21054.5
101855,2024-01-21,207,1,12,2,7004.72,11908.02
101856,2023-07-22,267,2,22,11,576.14,5386.91
101857,2025-12-25,268,7,25,18,11044.9,188867.79
101858,2023-10-05,230,4,10,14,4210.9,56004.97
101859,2025-10-01,13,8,4,11,8152.69,85195.61
101860,2024-09-18,255,5,25,2,12606.96,23953.22
101861,2023-07-02,158,10,24,19,4677.47,84428.33
101862,2023-04-09,274,1,2,10,7004.72,70047.2
101863,2023-04-18,223,12,17,17,1192.37,18243.26
101864,2023-04-02,110,2,15,6,576.14,2938.31
101865,2023-05-30,105,8,7,19,8152.69,147156.05
101866,2025-02-20,106,12,4,10,1192.37,11923.7
101867,2024-11-08,91,7,8,12,11044.9,112657.98
101868,2023-11-16,73,10,8,20,4677.47,84194.46
101869,2025-05-15,293,12,21,10,1192.37,11923.7
101870,2024-07-12,210,12,1,14,1192.37,15023.86
101871,2024-01-24,250,5,20,1,12606.96,11976.61
101872,2025-07-08,66,11,23,8,4866.69,38933.52
101873,2023-11-22,251,2,6,18,576.14,10370.52
101874,2024-06-09,204,5,18,10,12606.96,126069.6
101875,2023-08-11,62,7,7,3,11044.9,31477.97
101876,2023-09-18,266,1,16,16,7004.72,112075.52
101877,2025-03-05,95,2,25,3,576.14,1728.42
101878,2025-06-16,74,8,20,2,8152.69,14674.84
101879,2024-01-23,108,12,11,2,1192.37,2265.5
101880,2024-11-30,129,3,12,15,1648.77,24731.55
101881,2025-03-12,195,3,10,17,1648.77,28029.09
101882,2024-02-03,172,11,24,15,4866.69,73000.35
101883,2024-05-18,271,5,18,6,12606.96,75641.76
101884,2023-04-27,58,11,3,14,4866.69,64726.98
101885,2023-12-14,165,6,2,5,8457.66,35945.06
101886,2023-01-13,196,1,19,2,7004.72,12608.5
101887,2023-09-03,115,11,2,19,4866.69,87843.75
101888,2025-09-02,293,11,13,10,4866.69,43800.21
101889,2024-05-01,252,10,9,12,4677.47,44903.71
101890,2025-09-08,79,8,18,12,8152.69,97832.28
101891,2023-12-24,199,5,6,12,12606.96,136155.17
101892,2024-09-06,74,1,15,14,7004.72,88259.47
101893,2024-04-09,206,3,21,12,1648.77,19785.24
101894,2025-05-05,236,12,15,15,1192.37,14308.44
101895,2024-11-22,167,11,13,5,4866.69,21900.1
101896,2024-03-20,98,10,7,20,4677.47,93549.4
101897,2025-04-16,192,11,10,7,4866.69,34066.83
101898,2025-07-15,154,10,14,2,4677.47,9354.94
101899,2023-11-17,197,9,14,6,2112.21,10772.27
101900,2024-02-27,198,10,22,6,4677.47,28064.82
101901,2023-11-16,206,10,7,5,4677.47,22217.98
101902,2023-09-25,250,6,20,20,8457.66,160695.54
101903,2023-03-14,50,2,3,1,576.14,576.14
101904,2023-04-19,170,2,11,12,576.14,6913.68
101905,2024-03-12,158,2,12,20,576.14,9794.38
101906,2025-07-03,244,6,23,6,8457.66,50745.96
101907,2023-11-24,78,3,14,4,1648.77,6265.33
101908,2023-11-21,288,9,21,16,2112.21,30415.82
101909,2024-05-25,59,11,5,15,4866.69,73000.35
101910,2025-02-19,243,7,16,6,11044.9,59642.46
101911,2025-01-12,226,10,19,6,4677.47,26661.58
101912,2025-10-04,291,6,11,3,8457.66,21567.03
101913,2023-10-04,154,11,13,5,4866.69,24333.45
101914,2024-02-08,165,5,23,3,12606.96,37820.88
101915,2025-10-10,9,10,19,14,4677.47,52387.66
101916,2024-06-01,99,9,9,17,2112.21,30521.43
101917,2024-10-14,86,1,21,8,7004.72,50433.98
101918,2025-06-05,173,1,9,15,7004.72,94563.72
101919,2023-03-06,67,10,1,19,4677.47,88871.93
101920,2025-08-20,195,7,2,9,11044.9,89463.69
101921,2025-11-15,218,7,23,11,11044.9,121493.9
101922,2024-06-19,283,4,16,10,4210.9,42109.0
101923,2023-06-23,164,9,4,1,2112.21,1900.99
101924,2023-08-08,125,2,6,12,576.14,6913.68
101925,2024-04-30,45,2,1,1,576.14,518.53
101926,2023-05-25,80,10,21,15,4677.47,66653.95
101927,2023-08-05,63,1,23,5,7004.72,35023.6
101928,2023-06-16,96,2,23,3,576.14,1728.42
101929,2024-04-22,108,1,23,3,7004.72,21014.16
101930,2024-01-30,244,4,23,16,4210.9,64005.68
101931,2024-08-12,32,8,6,17,8152.69,138595.73
101932,2024-02-09,135,3,18,19,1648.77,25061.3
101933,2023-06-05,97,3,11,8,1648.77,13190.16
101934,2024-08-30,212,9,21,10,2112.21,21122.1
101935,2024-12-07,124,9,1,9,2112.21,19009.89
101936,2023-05-07,33,8,12,2,8152.69,15490.11
101937,2023-06-13,229,1,24,3,7004.72,21014.16
101938,2025-01-10,34,10,9,11,4677.47,48879.56
101939,2025-09-10,190,8,10,16,8152.69,130443.04
101940,2024-01-25,117,10,6,2,4677.47,8419.45
101941,2025-08-03,167,7,15,15,11044.9,157389.82
101942,2025-02-28,215,1,5,11,7004.72,77051.92
101943,2023-11-02,205,6,1,14,8457.66,106566.52
101944,2023-12-20,78,10,6,7,4677.47,32742.29
101945,2023-11-03,139,6,7,1,8457.66,8034.78
101946,2024-07-22,117,4,16,20,4210.9,75796.2
101947,2023-11-24,250,11,2,12,4866.69,46720.22
101948,2024-10-24,245,10,10,5,4677.47,23387.35
101949,2024-03-19,214,8,1,10,8152.69,77450.56
101950,2024-09-28,220,10,4,20,4677.47,93549.4
101951,2025-02-03,66,6,19,16,8457.66,135322.56
101952,2025-05-04,127,4,11,8,4210.9,28634.12
101953,2025-09-02,144,9,11,19,2112.21,36118.79
101954,2023-09-18,165,11,19,8,4866.69,35040.17
101955,2024-05-25,251,10,16,1,4677.47,4677.47
101956,2025-02-25,76,10,11,3,4677.47,13330.79
101957,2024-06-28,35,8,13,7,8152.69,51361.95
101958,2023-10-21,187,1,16,8,7004.72,56037.76
101959,2024-12-30,248,9,5,9,2112.21,15207.91
101960,2024-10-05,275,4,21,7,4210.9,23581.04
101961,2023-09-04,152,12,2,7,1192.37,7929.26
101962,2024-05-23,193,7,23,1,11044.9,11044.9
101963,2024-08-29,13,1,21,14,7004.72,98066.08
101964,2023-10-30,229,11,13,18,4866.69,87600.42
101965,2024-10-05,56,5,15,9,12606.96,113462.64
101966,2024-08-06,84,10,5,11,4677.47,41161.74
101967,2024-10-30,283,8,12,5,8152.69,40763.45
101968,2023-02-22,223,11,11,13,4866.69,63266.97
101969,2023-03-12,145,6,19,19,8457.66,160695.54
101970,2023-09-28,255,2,3,5,576.14,2880.7
101971,2024-04-26,48,6,12,11,8457.66,93034.26
101972,2023-05-23,253,7,18,2,11044.9,20985.31
101973,2025-03-21,80,9,3,7,2112.21,14046.2
101974,2024-06-18,117,4,2,18,4210.9,75796.2
101975,2024-04-06,246,1,2,8,7004.72,50433.98
101976,2023-10-09,257,6,11,13,8457.66,98954.62
101977,2023-02-09,262,5,16,1,12606.96,11346.26
101978,2023-05-20,21,4,19,2,4210.9,8421.8
101979,2023-01-15,179,12,3,19,1192.37,19256.78
101980,2023-12-03,204,4,5,18,4210.9,75796.2
101981,2024-07-30,137,9,12,17,2112.21,35907.57
101982,2024-06-08,172,4,11,9,4210.9,37898.1
101983,2025-07-13,15,8,20,17,8152.69,124736.16
101984,2023-08-19,22,7,4,7,11044.9,77314.3
101985,2024-09-03,110,10,10,12,4677.47,53323.16
101986,2024-04-15,291,5,7,17,12606.96,214318.32
101987,2024-01-06,171,4,16,13,4210.9,49267.53
101988,2025-03-11,85,8,16,18,8152.69,139411.0
101989,2024-05-23,40,10,4,1,4677.47,3975.85
101990,2023-01-23,141,1,10,15,7004.72,105070.8
101991,2023-11-23,50,1,12,7,7004.72,46581.39
101992,2025-02-02,39,5,14,1,12606.96,12606.96
101993,2023-09-03,155,3,9,15,1648.77,21021.82
101994,2024-02-24,62,11,24,1,4866.69,4136.69
101995,2023-12-24,8,2,3,8,576.14,4378.66
101996,2024-07-13,139,1,23,19,7004.72,126435.2
101997,2023-11-10,111,2,13,13,576.14,7489.82
101998,2025-08-11,212,3,1,19,1648.77,26627.64
101999,2024-07-29,145,12,16,7,1192.37,7511.93
102000,2024-07-10,97,4,23,15,4210.9,56847.15
102001,2023-04-01,289,7,18,16,11044.9,159046.56
102002,2023-04-07,147,6,3,20,8457.66,169153.2
102003,2023-12-02,192,11,12,18,4866.69,83220.4
102004,2024-12-11,209,3,19,13,1648.77,21434.01
102005,2024-08-21,76,11,25,16,4866.69,70080.34
102006,2025-06-03,45,10,9,5,4677.47,23387.35
102007,2025-08-13,231,9,22,6,2112.21,10772.27
102008,2023-10-25,175,9,21,6,2112.21,10772.27
102009,2024-02-26,203,2,14,4,576.14,1843.65
102010,2025-11-30,54,10,1,9,4677.47,35782.65
102011,2023-12-04,117,11,23,11,4866.69,50856.91
102012,2025-02-03,281,7,17,13,11044.9,143583.7
102013,2025-04-15,55,4,21,15,4210.9,63163.5
102014,2024-01-21,1,9,4,16,2112.21,33795.36
102015,2024-09-19,124,7,10,7,11044.9,73448.58
102016,2024-01-27,13,1,1,10,7004.72,70047.2
102017,2023-05-27,35,5,15,4,12606.96,47906.45
102018,2025-04-05,6,12,20,10,1192.37,11923.7
102019,2024-09-14,220,10,19,16,4677.47,71097.54
102020,2025-10-03,17,8,11,12,8152.69,97832.28
102021,2025-02-24,276,2,14,19,576.14,10399.33
102022,2025-10-01,14,7,2,16,11044.9,159046.56
102023,2024-05-31,279,2,3,8,576.14,4148.21
102024,2023-07-12,233,7,24,11,11044.9,121493.9
102025,2023-03-12,166,5,18,15,12606.96,189104.4
102026,2023-01-22,66,10,22,1,4677.47,3975.85
102027,2025-10-25,93,8,9,19,8152.69,154901.11
102028,2023-04-10,130,10,4,17,4677.47,75541.14
102029,2024-08-23,84,1,10,20,7004.72,140094.4
102030,2023-11-14,40,4,16,16,4210.9,67374.4
102031,2023-12-28,193,1,10,6,7004.72,42028.32
102032,2025-10-07,118,12,15,4,1192.37,4769.48
102033,2023-02-18,225,8,12,14,8152.69,114137.66
102034,2025-01-24,279,2,14,16,576.14,9218.24
102035,2025-05-14,35,2,3,9,576.14,4407.47
102036,2025-08-30,206,9,8,5,2112.21,10561.05
102037,2024-01-18,101,8,22,18,8152.69,146748.42
102038,2023-05-17,95,10,14,4,4677.47,17774.39
102039,2023-10-29,154,3,24,13,1648.77,21434.01
102040,2023-01-25,58,9,22,9,2112.21,18059.4
102041,2023-10-08,164,4,16,7,4210.9,29476.3
102042,2025-09-07,110,2,6,13,576.14,7115.33
102043,2023-05-26,75,11,5,17,4866.69,82733.73
102044,2025-09-05,263,2,19,6,576.14,3456.84
102045,2025-01-10,116,5,14,2,12606.96,22692.53
102046,2024-10-18,203,1,7,12,7004.72,84056.64
102047,2024-04-05,66,8,20,17,8152.69,117806.37
102048,2023-11-19,124,10,17,10,4677.47,44435.96
102049,2023-03-05,214,2,18,3,576.14,1555.58
102050,2023-03-23,190,5,13,9,12606.96,107789.51
102051,2024-11-30,156,9,20,11,2112.21,19749.16
102052,2025-08-20,262,8,13,19,8152.69,139411.0
102053,2023-10-09,241,6,3,16,8457.66,108258.05
102054,2023-05-09,129,11,9,9,4866.69,37230.18
102055,2024-04-11,161,6,8,19,8457.66,160695.54
102056,2024-01-28,172,9,22,14,2112.21,29570.94
102057,2024-01-21,72,12,10,7,1192.37,7511.93
102058,2024-10-19,105,8,19,17,8152.69,138595.73
102059,2024-08-19,127,4,20,11,4210.9,46319.9
102060,2025-10-14,192,4,13,16,4210.9,60636.96
102061,2025-07-29,276,6,5,9,8457.66,72312.99
102062,2025-02-10,282,7,1,3,11044.9,33134.7
102063,2025-10-10,233,9,19,9,2112.21,18059.4
102064,2024-06-28,27,7,21,16,11044.9,167882.48
102065,2025-03-03,161,2,5,6,576.14,3456.84
102066,2023-04-22,22,2,9,4,576.14,2189.33
102067,2023-07-16,217,4,2,19,4210.9,80007.1
102068,2024-07-21,146,7,8,8,11044.9,88359.2
102069,2024-06-30,283,6,8,5,8457.66,42288.3
102070,2024-03-26,88,7,7,18,11044.9,188867.79
102071,2023-07-06,293,12,20,9,1192.37,9658.2
102072,2024-05-19,209,4,8,15,4210.9,60005.32
102073,2024-03-27,144,2,1,8,576.14,4148.21
102074,2025-03-02,229,4,8,4,4210.9,15159.24
102075,2025-06-28,227,3,24,13,1648.77,18218.91
102076,2023-02-17,278,5,7,16,12606.96,191625.79
102077,2024-12-02,165,1,16,17,7004.72,113126.23
102078,2024-02-25,191,3,23,3,1648.77,4698.99
102079,2025-02-12,87,7,7,7,11044.9,77314.3
102080,2024-05-24,149,4,13,20,4210.9,71585.3
102081,2024-05-14,34,8,23,1,8152.69,8152.69
102082,2025-02-19,11,8,14,15,8152.69,103946.8
102083,2024-06-06,179,4,9,12,4210.9,42951.18
102084,2023-11-20,87,4,19,17,4210.9,68006.03
102085,2023-03-16,196,6,2,8,8457.66,67661.28
102086,2023-07-09,284,1,9,3,7004.72,19963.45
102087,2023-11-02,151,3,14,9,1648.77,12613.09
102088,2025-04-18,160,3,17,3,1648.77,4946.31
102089,2023-04-17,294,11,24,6,4866.69,29200.14
102090,2025-05-16,86,4,1,7,4210.9,28002.48
102091,2023-07-27,138,3,18,4,1648.77,5935.57
102092,2025-01-25,92,3,18,6,1648.77,9892.62
102093,2023-12-18,140,9,1,17,2112.21,34112.19
102094,2023-10-04,86,1,16,5,7004.72,31521.24
102095,2025-01-22,294,5,15,8,12606.96,95812.9
102096,2024-05-23,83,11,20,2,4866.69,9733.38
102097,2023-01-02,148,8,17,16,8152.69,117398.74
102098,2025-04-07,269,8,21,17,8152.69,138595.73
102099,2025-04-09,129,9,14,6,2112.21,12039.6
102100,2023-03-16,106,2,20,12,576.14,6222.31
102101,2025-04-24,196,7,10,12,11044.9,132538.8
102102,2023-02-02,111,7,25,5,11044.9,52463.27
102103,2023-10-14,155,7,8,5,11044.9,55224.5
102104,2025-06-18,130,8,13,15,8152.69,110061.31
102105,2024-02-24,238,3,14,2,1648.77,3297.54
102106,2023-07-27,152,6,2,12,8457.66,96417.32
102107,2025-06-06,40,10,10,12,4677.47,50516.68
102108,2023-03-24,246,2,12,11,576.14,6337.54
102109,2023-12-06,6,2,5,18,576.14,10370.52
102110,2024-03-23,267,6,1,15,8457.66,120521.66
102111,2025-07-31,178,10,11,10,4677.47,46774.7
102112,2023-09-10,225,8,14,17,8152.69,138595.73
102113,2025-11-02,35,3,13,11,1648.77,16322.82
102114,2024-07-01,74,3,25,7,1648.77,11541.39
102115,2025-03-18,113,1,2,10,7004.72,70047.2
102116,2025-05-06,292,4,14,5,4210.9,20001.77
102117,2024-03-07,1,2,6,2,576.14,1152.28
102118,2023-05-16,113,8,6,16,8152.69,130443.04
102119,2024-12-02,191,8,9,19,8152.69,147156.05
102120,2024-11-08,168,9,5,19,2112.21,38125.39
102121,2024-05-17,116,1,14,16,7004.72,112075.52
102122,2024-09-07,256,12,13,2,1192.37,1907.79
102123,2024-06-11,55,3,18,8,1648.77,11871.14
102124,2024-05-24,238,3,4,18,1648.77,28193.97
102125,2025-03-29,215,10,11,10,4677.47,46774.7
102126,2025-09-12,34,6,2,14,8457.66,112486.88
102127,2025-04-28,243,1,11,12,7004.72,84056.64
102128,2025-10-04,203,10,7,13,4677.47,57766.75
102129,2024-05-13,85,6,6,20,8457.66,169153.2
102130,2023-06-19,52,2,3,1,576.14,576.14
102131,2023-07-09,78,1,1,16,7004.72,112075.52
102132,2025-01-21,183,11,19,3,4866.69,14600.07
102133,2024-11-07,52,1,19,3,7004.72,16811.33
102134,2024-01-29,88,7,16,4,11044.9,44179.6
102135,2025-12-13,37,10,10,5,4677.47,23387.35
102136,2024-06-16,81,11,25,17,4866.69,82733.73
102137,2024-08-04,17,7,11,6,11044.9,59642.46
102138,2025-01-04,261,5,10,13,12606.96,155695.96
102139,2024-09-25,168,4,8,15,4210.9,63163.5
102140,2023-06-12,31,10,4,5,4677.47,23387.35
102141,2023-11-02,38,5,25,11,12606.96,124808.9
102142,2025-09-13,223,7,4,18,11044.9,178927.38
102143,2024-03-05,243,11,2,12,4866.69,58400.28
102144,2023-05-16,26,1,9,13,7004.72,91061.36
102145,2025-03-25,166,8,5,11,8152.69,80711.63
102146,2024-10-06,291,12,6,1,1192.37,1013.51
102147,2024-05-28,213,2,16,11,576.14,6337.54
102148,2024-05-06,263,10,16,9,4677.47,35782.65
102149,2025-05-05,20,1,21,12,7004.72,75650.98
102150,2025-02-02,173,1,4,16,7004.72,100867.97
102151,2024-02-18,109,3,11,17,1648.77,28029.09
102152,2025-12-18,101,7,25,2,11044.9,20985.31
102153,2024-08-17,276,8,2,10,8152.69,81526.9
102154,2023-05-09,243,7,15,20,11044.9,209853.1
102155,2024-04-01,231,5,10,2,12606.96,22692.53
102156,2024-06-04,203,5,1,17,12606.96,214318.32
102157,2025-07-09,123,7,1,14,11044.9,154628.6
102158,2024-07-14,275,9,14,1,2112.21,2006.6
102159,2024-09-19,27,8,19,7,8152.69,54215.39
102160,2023-08-26,121,7,18,11,11044.9,121493.9
102161,2023-01-30,220,2,11,8,576.14,3917.75
102162,2023-09-23,133,3,22,10,1648.77,14838.93
102163,2025-05-23,105,12,6,12,1192.37,14308.44
102164,2024-09-25,278,12,18,3,1192.37,3577.11
102165,2023-09-06,2,4,3,9,4210.9,30318.48
102166,2025-07-13,173,2,17,18,576.14,9851.99
102167,2024-07-23,43,6,3,12,8457.66,101491.92
102168,2024-05-27,10,10,25,3,4677.47,11225.93
102169,2024-12-01,83,9,23,18,2112.21,38019.78
102170,2024-12-20,16,6,13,14,8457.66,118407.24
102171,2025-04-04,109,3,7,20,1648.77,31326.63
102172,2023-05-18,117,11,25,16,4866.69,73973.69
102173,2024-10-21,189,4,2,2,4210.9,8000.71
102174,2024-12-28,9,11,12,11,4866.69,50856.91
102175,2024-10-07,238,2,5,4,576.14,2189.33
102176,2023-08-27,70,8,16,18,8152.69,117398.74
102177,2024-11-28,62,10,2,11,4677.47,51452.17
102178,2025-05-21,151,1,4,2,7004.72,11908.02
102179,2023-10-08,133,7,5,9,11044.9,99404.1
102180,2023-06-02,272,6,3,16,8457.66,135322.56
102181,2023-02-16,14,5,11,6,12606.96,68077.58
102182,2025-12-11,52,6,4,4,8457.66,27064.51
102183,2024-10-13,64,3,19,7,1648.77,10964.32
102184,2023-04-11,142,5,25,18,12606.96,204232.75
102185,2023-06-13,282,10,23,18,4677.47,84194.46
102186,2024-09-01,52,7,25,2,11044.9,22089.8
102187,2023-07-10,171,5,24,2,12606.96,25213.92
102188,2023-01-09,55,8,2,16,8152.69,117398.74
102189,2023-08-07,136,3,19,18,1648.77,25226.18
102190,2024-11-15,87,3,21,19,1648.77,28193.97
102191,2023-02-04,241,4,24,5,4210.9,21054.5
102192,2025-11-09,123,7,1,17,11044.9,159598.81
102193,2024-01-20,253,9,8,2,2112.21,4013.2
102194,2025-03-06,99,9,10,12,2112.21,25346.52
102195,2025-04-22,297,5,9,8,12606.96,95812.9
102196,2025-05-10,131,11,20,16,4866.69,77867.04
102197,2024-01-27,130,12,5,19,1192.37,22655.03
102198,2023-09-03,128,3,23,2,1648.77,3297.54
102199,2023-04-06,37,11,13,5,4866.69,19466.76
102200,2023-08-19,295,1,21,7,7004.72,44129.74
102201,2023-01-29,212,2,11,7,576.14,3831.33
102202,2023-09-10,189,6,14,13,8457.66,98954.62
102203,2025-06-27,104,11,5,7,4866.69,34066.83
102204,2024-05-12,251,8,9,14,8152.69,114137.66
102205,2025-08-07,82,1,2,15,7004.72,99817.26
102206,2023-08-15,148,3,10,9,1648.77,14838.93
102207,2025-08-27,272,2,19,15,576.14,8642.1
102208,2025-07-09,103,12,9,16,1192.37,15262.34
102209,2025-09-10,113,8,5,1,8152.69,7337.42
102210,2025-02-26,113,9,17,5,2112.21,10561.05
102211,2025-12-05,131,12,4,9,1192.37,9121.63
102212,2024-09-27,207,1,3,19,7004.72,106471.74
102213,2024-08-02,130,4,25,18,4210.9,64426.77
102214,2025-12-21,94,11,16,17,4866.69,82733.73
102215,2024-11-01,284,7,19,11,11044.9,121493.9
102216,2023-08-11,157,12,25,14,1192.37,16693.18
102217,2024-02-13,206,11,20,19,4866.69,87843.75
102218,2025-08-24,101,4,11,2,4210.9,7158.53
102219,2024-05-08,273,6,16,8,8457.66,64278.22
102220,2023-06-06,53,10,5,8,4677.47,35548.77
102221,2025-08-14,212,9,24,3,2112.21,6336.63
102222,2025-06-22,70,4,24,7,4210.9,29476.3
102223,2024-06-09,6,10,14,4,4677.47,14967.9
102224,2025-07-10,108,2,11,8,576.14,4378.66
102225,2024-05-27,275,12,21,8,1192.37,9538.96
102226,2023-12-09,4,8,7,14,8152.69,97017.01
102227,2025-10-28,299,4,19,9,4210.9,37898.1
102228,2024-12-31,232,9,23,6,2112.21,12673.26
102229,2023-02-13,141,4,6,6,4210.9,25265.4
102230,2024-01-03,101,4,7,5,4210.9,21054.5
102231,2025-07-09,116,10,5,2,4677.47,9354.94
102232,2024-02-23,188,11,25,10,4866.69,43800.21
102233,2023-05-10,82,8,13,1,8152.69,8152.69
102234,2023-12-25,216,2,3,6,576.14,3456.84
102235,2023-08-11,223,4,23,6,4210.9,25265.4
102236,2025-12-23,300,6,15,6,8457.66,45671.36
102237,2024-03-17,230,7,6,20,11044.9,198808.2
102238,2024-10-08,134,10,7,1,4677.47,4677.47
102239,2025-08-10,47,10,4,5,4677.47,19879.25
102240,2025-12-28,58,9,16,13,2112.21,23339.92
102241,2023-10-04,28,9,6,18,2112.21,32316.81
102242,2024-05-07,26,9,20,18,2112.21,32316.81
102243,2023-06-21,174,9,18,3,2112.21,6336.63
102244,2023-10-06,92,1,14,16,7004.72,95264.19
102245,2024-03-27,46,9,5,20,2112.21,40131.99
102246,2023-06-14,165,8,6,9,8152.69,58699.37
102247,2023-03-09,6,1,25,1,7004.72,5954.01
102248,2023-06-21,166,3,25,19,1648.77,31326.63
102249,2025-09-11,51,8,18,12,8152.69,97832.28
102250,2023-02-22,77,6,11,13,8457.66,98954.62
102251,2025-10-29,149,5,9,6,12606.96,75641.76
102252,2025-09-03,148,8,17,3,8152.69,24458.07
102253,2024-08-14,257,10,2,11,4677.47,51452.17
102254,2025-06-09,240,1,2,20,7004.72,140094.4
102255,2024-05-18,194,6,21,11,8457.66,93034.26
102256,2024-07-17,272,3,13,13,1648.77,20362.31
102257,2023-11-02,138,9,8,11,2112.21,23234.31
102258,2024-09-27,88,10,13,2,4677.47,8887.19
102259,2025-08-20,28,7,7,8,11044.9,83941.24
102260,2025-07-31,182,1,25,20,7004.72,126084.96
102261,2025-12-12,95,3,3,2,1648.77,3297.54
102262,2023-09-08,201,5,17,4,12606.96,42863.66
102263,2023-01-11,134,11,24,9,4866.69,35040.17
102264,2025-08-28,256,4,17,7,4210.9,29476.3
102265,2025-12-18,33,7,9,8,11044.9,88359.2
102266,2025-03-30,152,12,6,17,1192.37,19256.78
102267,2024-09-21,209,5,6,1,12606.96,12606.96
102268,2023-09-25,189,12,24,17,1192.37,19256.78
102269,2024-05-30,43,8,2,13,8152.69,105984.97
102270,2025-03-09,81,6,25,12,8457.66,91342.73
102271,2023-03-28,96,7,8,12,11044.9,132538.8
102272,2024-08-24,99,12,1,3,1192.37,3398.25
102273,2024-07-27,149,9,19,17,2112.21,34112.19
102274,2024-04-07,56,6,8,18,8457.66,137014.09
102275,2024-07-18,170,12,5,15,1192.37,16991.27
102276,2024-11-27,20,5,22,2,12606.96,20171.14
102277,2024-02-24,111,4,25,12,4210.9,50530.8
102278,2024-10-07,63,7,24,8,11044.9,79523.28
102279,2023-07-04,49,12,20,15,1192.37,16991.27
102280,2023-09-11,279,1,20,7,7004.72,49033.04
102281,2024-02-10,253,4,5,13,4210.9,52004.61
102282,2023-03-22,209,1,24,3,7004.72,16811.33
102283,2025-10-31,255,6,13,4,8457.66,32139.11
102284,2025-04-13,283,12,17,1,1192.37,1192.37
102285,2023-02-24,16,10,4,11,4677.47,46306.95
102286,2023-09-19,269,1,8,13,7004.72,91061.36
102287,2025-10-15,136,12,10,20,1192.37,23847.4
102288,2025-04-30,2,10,22,7,4677.47,32742.29
102289,2024-12-09,69,1,3,10,7004.72,66544.84
102290,2025-12-13,295,5,4,18,12606.96,226925.28
102291,2025-12-21,245,6,1,19,8457.66,160695.54
102292,2024-02-03,88,12,6,7,1192.37,7929.26
102293,2023-05-31,123,8,9,11,8152.69,89679.59
102294,2024-06-06,19,12,24,10,1192.37,11923.7
102295,2023-03-29,188,11,1,11,4866.69,53533.59
102296,2025-05-27,223,12,2,17,1192.37,18243.26
102297,2023-09-21,219,1,2,7,7004.72,41678.08
102298,2024-02-21,185,7,13,20,11044.9,220898.0
102299,2023-02-25,198,3,22,15,1648.77,24731.55
102300,2024-03-11,52,3,25,7,1648.77,11541.39
102301,2023-04-17,221,9,18,6,2112.21,12039.6
102302,2025-09-20,218,9,21,5,2112.21,10033.0
102303,2024-06-24,149,12,2,4,1192.37,4769.48
102304,2023-01-11,271,8,25,7,8152.69,57068.83
102305,2025-12-18,70,7,2,7,11044.9,77314.3
102306,2023-09-12,28,2,22,12,576.14,6568.0
102307,2023-04-08,260,6,19,19,8457.66,144625.99
102308,2024-08-08,294,3,1,15,1648.77,19785.24
102309,2023-12-06,207,10,23,19,4677.47,84428.33
102310,2025-02-08,152,9,21,20,2112.21,38019.78
102311,2025-07-23,46,9,10,5,2112.21,10033.0
102312,2025-02-25,292,4,5,11,4210.9,44003.9
102313,2025-10-21,159,10,20,7,4677.47,26193.83
102314,2023-08-10,95,4,10,5,4210.9,18949.05
102315,2023-04-23,209,10,23,1,4677.47,3741.98
102316,2025-03-26,61,8,25,14,8152.69,91310.13
102317,2025-06-24,90,12,7,10,1192.37,11327.51
102318,2024-04-12,267,10,8,11,4677.47,46306.95
102319,2025-01-10,125,9,5,18,2112.21,34217.8
102320,2024-08-06,2,6,14,4,8457.66,27064.51
102321,2025-06-08,175,1,18,5,7004.72,33272.42
102322,2023-10-28,223,11,9,3,4866.69,13140.06
102323,2025-02-13,177,7,21,3,11044.9,28164.5
102324,2025-09-13,219,2,22,5,576.14,2592.63
102325,2024-10-04,293,6,25,4,8457.66,33830.64
102326,2024-06-30,205,9,5,8,2112.21,16052.8
102327,2025-11-08,140,11,2,1,4866.69,4380.02
102328,2024-04-03,1,1,22,17,7004.72,113126.23
102329,2025-03-08,33,1,4,13,7004.72,86508.29
102330,2024-01-31,172,1,2,3,7004.72,21014.16
102331,2024-07-25,42,5,21,20,12606.96,252139.2
102332,2023-04-22,233,7,25,6,11044.9,56328.99
102333,2025-06-26,211,11,5,2,4866.69,8760.04
102334,2024-07-27,139,1,16,15,7004.72,99817.26
102335,2023-11-29,30,12,15,5,1192.37,5365.66
102336,2025-04-23,67,10,5,12,4677.47,56129.64
102337,2025-10-04,243,7,2,6,11044.9,62955.93
102338,2023-05-17,135,1,13,17,7004.72,107172.22
102339,2024-02-04,102,4,15,8,4210.9,33687.2
102340,2024-10-05,184,12,6,7,1192.37,8346.59
102341,2023-08-11,240,9,3,15,2112.21,31683.15
102342,2023-12-03,53,2,20,6,576.14,3456.84
102343,2025-05-14,122,9,22,11,2112.21,23234.31
102344,2024-12-07,193,2,7,7,576.14,3831.33
102345,2024-08-30,158,5,19,2,12606.96,22692.53
102346,2024-10-23,25,3,13,10,1648.77,15663.31
102347,2023-07-13,221,5,10,2,12606.96,25213.92
102348,2024-05-27,53,7,16,18,11044.9,198808.2
102349,2025-08-06,256,11,17,6,4866.69,24820.12
102350,2023-11-27,48,8,19,18,8152.69,132073.58
102351,2024-02-01,134,9,14,6,2112.21,12039.6
102352,2025-10-03,225,4,25,14,4210.9,50109.71
102353,2024-05-12,59,9,6,18,2112.21,34217.8
102354,2023-03-01,174,4,19,15,4210.9,50530.8
102355,2025-05-27,207,11,4,15,4866.69,69350.33
102356,2025-10-13,121,7,17,5,11044.9,46940.83
102357,2023-01-05,193,9,5,3,2112.21,5702.97
102358,2024-04-03,179,6,22,6,8457.66,50745.96
102359,2025-01-19,8,6,18,15,8457.66,107835.17
102360,2025-04-09,292,3,24,3,1648.77,4698.99
102361,2023-12-23,38,10,5,11,4677.47,48879.56
102362,2023-03-22,286,10,18,9,4677.47,42097.23
102363,2024-08-14,280,1,6,5,7004.72,29770.06
102364,2024-11-08,18,10,23,8,4677.47,33677.78
102365,2024-05-28,260,5,21,5,12606.96,63034.8
102366,2025-11-14,284,11,3,3,4866.69,14600.07
102367,2025-11-05,235,1,23,15,7004.72,105070.8
102368,2024-04-26,279,7,15,13,11044.9,136404.51
102369,2024-01-18,14,10,15,9,4677.47,42097.23
102370,2023-05-11,237,8,20,18,8152.69,139411.0
102371,2025-06-12,259,8,23,5,8152.69,36687.11
102372,2025-11-23,296,4,16,2,4210.9,7579.62
102373,2025-12-09,1,7,21,6,11044.9,59642.46
102374,2025-01-25,27,12,9,1,1192.37,1073.13
102375,2025-03-10,196,12,20,11,1192.37,11804.46
102376,2023-03-04,64,3,9,18,1648.77,29677.86
102377,2025-02-06,138,5,6,17,12606.96,214318.32
102378,2024-02-06,72,6,20,10,8457.66,84576.6
102379,2023-09-30,273,12,19,9,1192.37,9658.2
102380,2024-03-31,100,9,19,4,2112.21,8448.84
102381,2023-06-13,168,3,18,11,1648.77,16322.82
102382,2023-12-31,176,7,6,19,11044.9,209853.1
102383,2024-03-29,114,6,17,20,8457.66,152237.88
102384,2024-04-02,259,2,18,13,576.14,7489.82
102385,2025-09-29,266,5,13,18,12606.96,226925.28
102386,2025-09-25,148,5,8,1,12606.96,12606.96
102387,2023-09-03,263,10,3,4,4677.47,15903.4
102388,2023-12-04,25,4,17,11,4210.9,44003.9
102389,2023-03-19,45,6,7,13,8457.66,109949.58
102390,2025-07-18,56,6,11,7,8457.66,59203.62
102391,2025-01-19,110,7,16,17,11044.9,187763.3
102392,2025-07-05,163,1,1,20,7004.72,140094.4
102393,2023-08-12,146,2,2,12,576.14,6913.68
102394,2025-12-19,63,12,19,17,1192.37,19256.78
102395,2023-09-27,245,1,9,12,7004.72,84056.64
102396,2025-12-14,286,6,13,6,8457.66,43134.07
102397,2025-05-26,214,1,11,19,7004.72,126435.2
102398,2025-07-10,276,8,9,10,8152.69,69297.87
102399,2024-11-22,262,6,24,9,8457.66,72312.99
102400,2025-05-14,187,6,23,20,8457.66,169153.2
102401,2024-09-15,61,2,23,14,576.14,6452.77
102402,2023-01-13,21,1,5,10,7004.72,70047.2
102403,2024-04-20,38,4,5,4,4210.9,15159.24
102404,2023-05-22,107,1,11,11,7004.72,73199.32
102405,2025-05-21,285,12,6,4,1192.37,4769.48
102406,2025-11-30,269,10,13,13,4677.47,57766.75
102407,2025-10-01,74,8,23,8,8152.69,61960.44
102408,2025-06-22,150,11,14,5,4866.69,21900.1
102409,2025-11-21,86,6,10,7,8457.66,50323.08
102410,2024-03-23,89,12,18,4,1192.37,4292.53
102411,2023-05-09,65,4,20,5,4210.9,17896.33
102412,2024-09-16,48,1,13,1,7004.72,5954.01
102413,2025-04-30,135,8,6,7,8152.69,51361.95
102414,2023-02-19,273,3,25,16,1648.77,25061.3
102415,2025-07-22,91,3,12,16,1648.77,25061.3
102416,2025-01-13,288,11,9,16,4866.69,77867.04
102417,2023-03-08,167,3,20,3,1648.77,4698.99
102418,2025-07-17,196,11,18,8,4866.69,35040.17
102419,2024-01-08,226,2,21,16,576.14,9218.24
102420,2024-03-16,102,8,23,7,8152.69,48508.51
102421,2024-01-17,15,6,6,6,8457.66,50745.96
102422,2024-03-14,211,3,4,14,1648.77,20774.5
102423,2023-06-04,156,4,18,18,4210.9,75796.2
102424,2024-10-27,187,12,8,19,1192.37,19256.78
102425,2024-10-17,285,5,9,14,12606.96,176497.44
102426,2025-08-06,253,4,6,13,4210.9,54741.7
102427,2024-11-12,134,5,19,16,12606.96,191625.79
102428,2024-01-05,229,10,19,15,4677.47,70162.05
102429,2025-06-20,36,3,2,11,1648.77,18136.47
102430,2025-08-17,270,8,24,4,8152.69,32610.76
102431,2024-10-31,71,10,18,17,4677.47,79516.99
102432,2023-07-21,69,6,13,2,8457.66,16069.55
102433,2023-04-02,136,9,16,20,2112.21,38019.78
102434,2025-08-11,266,9,17,19,2112.21,38125.39
102435,2025-02-01,264,6,6,8,8457.66,64278.22
102436,2023-05-05,21,4,1,9,4210.9,30318.48
102437,2025-03-05,42,10,19,11,4677.47,51452.17
102438,2023-11-30,108,12,19,3,1192.37,3577.11
102439,2023-12-09,179,11,1,3,4866.69,14600.07
102440,2025-11-13,99,1,20,7,7004.72,41678.08
102441,2025-08-20,43,4,22,19,4210.9,76006.74
102442,2023-08-24,75,7,2,5,11044.9,49702.05
102443,2023-11-19,61,11,23,15,4866.69,69350.33
102444,2023-10-13,28,2,20,3,576.14,1728.42
102445,2023-08-03,67,3,2,4,1648.77,6265.33
102446,2023-10-06,176,11,24,17,4866.69,74460.36
102447,2024-02-10,110,1,10,19,7004.72,133089.68
102448,2024-03-02,275,1,22,6,7004.72,39926.9
102449,2024-09-09,267,2,5,10,576.14,5761.4
102450,2023-02-16,286,11,13,17,4866.69,82733.73
102451,2023-01-18,296,11,11,5,4866.69,24333.45
102452,2023-09-21,9,10,7,12,4677.47,44903.71
102453,2025-02-18,34,12,24,1,1192.37,1073.13
102454,2024-12-08,66,12,19,16,1192.37,17170.13
102455,2024-04-13,233,2,5,9,576.14,5185.26
102456,2024-10-30,277,6,13,10,8457.66,76118.94
102457,2023-02-25,133,2,24,5,576.14,2880.7
102458,2023-04-21,217,2,12,20,576.14,11522.8
102459,2025-10-10,143,1,6,20,7004.72,133089.68
102460,2023-06-24,221,7,19,1,11044.9,10492.65
102461,2024-07-30,272,11,4,11,4866.69,53533.59
102462,2023-11-21,4,4,23,10,4210.9,42109.0
102463,2023-02-04,186,7,16,19,11044.9,178375.13
102464,2025-01-24,217,5,20,3,12606.96,37820.88
102465,2024-12-13,191,5,14,6,12606.96,64295.5
102466,2023-08-06,71,5,15,14,12606.96,176497.44
102467,2023-05-02,61,9,4,2,2112.21,4224.42
102468,2025-04-24,284,4,4,15,4210.9,63163.5
102469,2023-07-04,251,3,14,17,1648.77,28029.09
102470,2023-07-19,188,8,4,5,8152.69,38725.28
102471,2023-08-10,176,12,2,15,1192.37,17885.55
102472,2025-04-16,232,2,8,2,576.14,1094.67
102473,2023-06-13,25,5,12,17,12606.96,171454.66
102474,2024-02-13,206,3,4,7,1648.77,11541.39
102475,2024-01-08,179,9,17,12,2112.21,24079.19
102476,2024-06-03,255,1,7,4,7004.72,26617.94
102477,2024-02-15,207,3,15,9,1648.77,13355.04
102478,2025-06-13,77,2,12,19,576.14,10946.66
102479,2023-10-11,244,1,2,2,7004.72,11207.55
102480,2025-05-21,52,5,11,19,12606.96,239532.24
102481,2023-08-27,26,8,19,16,8152.69,117398.74
102482,2024-05-31,20,1,24,9,7004.72,59890.36
102483,2023-05-20,289,12,23,9,1192.37,10194.76
102484,2023-05-15,163,3,2,9,1648.77,14096.98
102485,2024-09-01,255,7,20,17,11044.9,150210.64
102486,2023-05-14,102,8,19,15,8152.69,110061.31
102487,2025-02-21,285,12,10,4,1192.37,4531.01
102488,2023-07-23,77,4,16,10,4210.9,33687.2
102489,2024-06-29,128,4,6,11,4210.9,44003.9
102490,2025-11-21,149,10,19,4,4677.47,14967.9
102491,2023-01-31,35,12,9,6,1192.37,6081.09
102492,2023-10-13,14,4,15,2,4210.9,8000.71
102493,2023-12-18,55,2,14,2,576.14,1037.05
102494,2023-02-26,133,2,18,3,576.14,1728.42
102495,2025-11-16,259,10,15,5,4677.47,19879.25
102496,2025-06-29,12,12,18,17,1192.37,19256.78
102497,2025-11-06,16,2,18,13,576.14,6366.35
102498,2023-10-11,83,2,15,12,576.14,6568.0
102499,2024-04-22,293,8,17,12,8152.69,92940.67
102500,2023-12-20,32,1,9,18,7004.72,126084.96
102501,2025-08-27,48,3,7,13,1648.77,20362.31
102502,2025-04-05,47,11,22,3,4866.69,12410.06
102503,2025-10-20,139,3,20,14,1648.77,21928.64
102504,2025-08-06,201,10,22,16,4677.47,67355.57
102505,2023-03-30,182,4,23,4,4210.9,16843.6
102506,2025-05-17,58,6,14,2,8457.66,16069.55
102507,2024-05-23,91,8,10,18,8152.69,139411.0
102508,2025-02-11,182,2,25,15,576.14,8209.99
102509,2025-03-26,94,5,21,2,12606.96,21431.83
102510,2024-08-02,193,7,18,8,11044.9,79523.28
102511,2025-05-29,14,5,15,17,12606.96,214318.32
102512,2023-01-24,79,9,11,4,2112.21,8448.84
102513,2024-12-29,297,4,21,14,4210.9,58952.6
102514,2023-01-01,258,10,25,8,4677.47,37419.76
102515,2025-10-24,117,10,2,14,4677.47,65484.58
102516,2025-09-09,78,9,15,20,2112.21,40131.99
102517,2023-05-10,46,5,3,7,12606.96,70598.98
102518,2024-05-23,184,11,25,20,4866.69,92467.11
102519,2024-02-23,209,2,8,7,576.14,3831.33
102520,2023-01-01,175,3,8,2,1648.77,2802.91
102521,2025-11-12,49,7,11,1,11044.9,9388.17
102522,2024-07-24,155,8,5,9,8152.69,73374.21
102523,2024-10-13,17,4,23,10,4210.9,42109.0
102524,2025-05-02,206,2,16,16,576.14,7835.5
102525,2023-05-14,265,3,23,9,1648.77,14096.98
102526,2023-03-27,280,9,24,1,2112.21,1795.38
102527,2023-10-25,50,5,3,15,12606.96,189104.4
102528,2023-08-03,116,6,20,6,8457.66,43134.07
102529,2024-06-26,280,7,20,18,11044.9,188867.79
102530,2025-03-21,282,8,10,17,8152.69,138595.73
102531,2023-07-04,168,6,19,9,8457.66,60895.15
102532,2023-04-11,57,2,20,5,576.14,2592.63
102533,2023-04-30,245,6,8,13,8457.66,93457.14
102534,2023-08-21,37,8,3,14,8152.69,102723.89
102535,2025-03-19,107,7,11,8,11044.9,83941.24
102536,2023-09-15,52,9,19,9,2112.21,19009.89
102537,2025-02-15,249,1,2,1,7004.72,6654.48
102538,2024-09-08,70,5,17,19,12606.96,239532.24
102539,2025-02-09,193,11,9,18,4866.69,83220.4
102540,2025-04-20,26,6,14,9,8457.66,76118.94
102541,2024-09-28,162,7,12,16,11044.9,159046.56
102542,2023-03-01,293,8,10,11,8152.69,71743.67
102543,2025-11-03,15,7,5,8,11044.9,75105.32
102544,2025-04-08,196,3,21,6,1648.77,8903.36
102545,2024-08-15,28,2,13,11,576.14,6020.66
102546,2023-04-20,5,12,22,14,1192.37,16693.18
102547,2023-12-25,78,5,6,15,12606.96,179649.18
102548,2025-08-28,160,7,5,11,11044.9,115419.21
102549,2023-08-01,41,3,9,4,1648.77,6595.08
102550,2025-10-27,129,9,17,13,2112.21,21966.98
102551,2023-01-31,56,8,19,17,8152.69,110876.58
102552,2025-10-09,287,3,7,3,1648.77,4946.31
102553,2025-01-03,228,1,9,15,7004.72,105070.8
102554,2024-06-22,85,11,14,3,4866.69,14600.07
102555,2023-12-04,28,4,17,9,4210.9,37898.1
102556,2025-09-07,176,4,14,12,4210.9,45477.72
102557,2025-12-26,25,8,18,12,8152.69,78265.82
102558,2025-01-24,136,9,6,10,2112.21,21122.1
102559,2024-04-21,258,6,9,12,8457.66,91342.73
102560,2024-07-03,25,1,22,14,7004.72,98066.08
102561,2024-08-07,240,6,24,5,8457.66,35945.06
102562,2023-06-07,58,3,7,5,1648.77,7007.27
102563,2024-08-07,276,10,25,16,4677.47,67355.57
102564,2023-06-23,231,8,25,13,8152.69,95386.47
102565,2024-08-24,86,8,6,1,8152.69,8152.69
102566,2025-02-16,87,2,16,12,576.14,6222.31
102567,2023-05-05,35,10,13,8,4677.47,33677.78
102568,2024-02-03,17,7,20,8,11044.9,88359.2
102569,2023-10-24,137,10,8,11,4677.47,46306.95
102570,2023-01-25,19,12,21,4,1192.37,4531.01
102571,2025-03-22,226,8,17,10,8152.69,77450.56
102572,2025-05-20,177,3,9,9,1648.77,14838.93
102573,2025-01-06,134,5,14,2,12606.96,22692.53
102574,2025-12-31,186,12,3,16,1192.37,18124.02
102575,2023-08-08,8,11,22,11,4866.69,53533.59
102576,2023-10-29,275,8,17,17,8152.69,124736.16
102577,2025-03-01,291,10,14,19,4677.47,84428.33
102578,2023-05-05,157,6,16,19,8457.66,144625.99
102579,2023-08-03,141,8,22,5,8152.69,40763.45
102580,2023-07-03,277,12,13,9,1192.37,10731.33
102581,2024-02-22,286,11,8,19,4866.69,87843.75
102582,2024-05-02,291,2,5,4,576.14,1843.65
102583,2025-10-20,16,7,6,19,11044.9,209853.1
102584,2025-11-20,26,12,19,18,1192.37,18243.26
102585,2023-09-06,23,2,1,6,576.14,3456.84
102586,2023-02-03,33,12,17,13,1192.37,14725.77
102587,2023-04-03,16,9,21,20,2112.21,38019.78
102588,2025-09-11,198,2,1,18,576.14,10370.52
102589,2025-02-02,197,2,10,2,576.14,979.44
102590,2024-08-15,164,11,8,3,4866.69,13870.07
102591,2025-09-15,142,7,25,18,11044.9,188867.79
102592,2024-09-25,210,10,11,4,4677.47,18709.88
102593,2023-02-04,235,7,6,1,11044.9,11044.9
102594,2024-11-05,195,8,3,11,8152.69,89679.59
102595,2025-06-11,222,11,13,14,4866.69,68133.66
102596,2025-03-15,190,5,3,3,12606.96,34038.79
102597,2024-04-05,145,1,15,18,7004.72,126084.96
102598,2024-07-04,241,1,17,20,7004.72,140094.4
102599,2024-02-03,221,7,18,7,11044.9,77314.3
102600,2025-12-30,291,10,20,13,4677.47,60807.11
102601,2023-02-01,271,4,18,14,4210.9,56004.97
102602,2023-08-31,242,9,22,16,2112.21,30415.82
102603,2023-03-04,190,10,14,6,4677.47,28064.82
102604,2025-07-19,194,1,23,20,7004.72,140094.4
102605,2023-06-28,68,7,23,12,11044.9,125911.86
102606,2025-12-05,296,9,6,13,2112.21,27458.73
102607,2023-01-12,293,6,5,3,8457.66,22835.68
102608,2025-11-11,161,2,15,16,576.14,8757.33
102609,2023-10-10,250,5,13,20,12606.96,252139.2
102610,2023-10-24,144,2,20,19,576.14,10399.33
102611,2024-06-29,91,3,5,20,1648.77,28029.09
102612,2023-06-02,231,1,23,9,7004.72,56738.23
102613,2023-09-28,54,9,12,10,2112.21,21122.1
102614,2023-04-03,164,7,25,17,11044.9,187763.3
102615,2023-10-17,65,6,16,1,8457.66,7611.89
102616,2023-04-12,33,11,13,8,4866.69,33093.49
102617,2025-04-19,141,1,15,6,7004.72,42028.32
102618,2025-08-20,91,9,6,18,2112.21,36118.79
102619,2024-07-27,3,1,3,16,7004.72,106471.74
102620,2025-11-24,94,3,23,9,1648.77,13355.04
102621,2023-10-07,215,2,13,18,576.14,8814.94
102622,2025-02-03,4,8,3,2,8152.69,14674.84
102623,2023-05-01,47,2,19,12,576.14,5530.94
102624,2025-08-07,56,11,3,11,4866.69,53533.59
102625,2023-03-31,186,4,15,2,4210.9,7579.62
102626,2023-03-31,17,8,3,14,8152.69,108430.78
102627,2023-01-10,248,5,23,3,12606.96,32147.75
102628,2024-10-01,288,12,11,10,1192.37,11923.7
102629,2025-12-04,240,7,19,18,11044.9,188867.79
102630,2025-04-24,177,3,20,9,1648.77,14838.93
102631,2023-08-25,212,12,3,20,1192.37,21462.66
102632,2023-10-17,243,4,10,18,4210.9,75796.2
102633,2023-05-25,19,5,11,2,12606.96,25213.92
102634,2025-04-05,114,11,6,3,4866.69,13870.07
102635,2025-01-07,225,5,17,8,12606.96,100855.68
102636,2025-05-11,272,1,13,9,7004.72,50433.98
102637,2025-05-29,230,4,19,18,4210.9,75796.2
102638,2024-05-29,154,9,17,7,2112.21,14046.2
102639,2024-10-13,117,7,21,10,11044.9,104926.55
102640,2023-04-08,170,6,2,15,8457.66,114178.41
102641,2023-04-13,202,6,15,20,8457.66,169153.2
102642,2025-03-24,82,4,19,6,4210.9,22738.86
102643,2023-03-11,277,6,25,11,8457.66,93034.26
102644,2024-09-25,15,11,20,4,4866.69,16546.75
102645,2023-06-20,52,8,25,17,8152.69,117806.37
102646,2023-02-09,73,6,10,15,8457.66,114178.41
102647,2023-12-29,87,11,1,13,4866.69,56940.27
102648,2024-04-23,162,5,23,3,12606.96,34038.79
102649,2023-06-19,70,3,15,11,1648.77,16322.82
102650,2025-01-01,31,1,6,14,7004.72,88259.47
102651,2023-04-14,41,6,4,11,8457.66,93034.26
102652,2024-01-10,178,11,22,19,4866.69,92467.11
102653,2024-11-26,17,8,10,2,8152.69,13044.3
102654,2025-06-26,98,3,15,20,1648.77,31326.63
102655,2025-01-19,15,4,22,3,4210.9,12632.7
102656,2024-08-12,111,5,25,1,12606.96,12606.96
102657,2023-08-31,2,5,12,5,12606.96,53579.58
102658,2025-05-27,24,9,20,10,2112.21,21122.1
102659,2023-07-12,114,11,11,20,4866.69,92467.11
102660,2025-01-05,178,4,12,19,4210.9,80007.1
102661,2025-03-05,37,1,2,14,7004.72,78452.86
102662,2023-01-27,10,7,19,14,11044.9,131434.31
102663,2023-05-01,38,9,13,15,2112.21,30098.99
102664,2024-05-09,246,9,9,5,2112.21,9504.94
102665,2024-02-01,292,5,10,19,12606.96,215579.02
102666,2024-04-05,11,1,13,16,7004.72,106471.74
102667,2023-11-18,172,6,1,7,8457.66,59203.62
102668,2023-01-23,38,8,7,13,8152.69,105984.97
102669,2025-03-12,95,5,4,15,12606.96,179649.18
102670,2023-05-06,96,11,19,5,4866.69,24333.45
102671,2024-11-08,49,2,1,2,576.14,1094.67
102672,2025-05-13,24,6,8,1,8457.66,8034.78
102673,2025-04-27,262,5,8,1,12606.96,12606.96
102674,2023-07-01,197,7,15,8,11044.9,79523.28
102675,2023-01-14,145,11,11,15,4866.69,73000.35
102676,2025-07-12,166,10,6,3,4677.47,14032.41
102677,2025-05-17,160,3,13,2,1648.77,3297.54
102678,2025-05-08,92,1,23,5,7004.72,33272.42
102679,2024-01-18,40,5,15,15,12606.96,160738.74
102680,2023-09-16,1,8,4,3,8152.69,22012.26
102681,2024-04-07,282,1,6,7,7004.72,46581.39
102682,2023-07-22,88,2,12,17,576.14,8814.94
102683,2025-09-28,3,11,12,19,4866.69,92467.11
102684,2023-08-18,258,7,7,18,11044.9,198808.2
102685,2023-06-17,161,10,24,15,4677.47,63145.84
102686,2023-07-12,196,9,17,2,2112.21,3801.98
102687,2024-11-26,122,8,18,20,8152.69,138595.73
102688,2025-02-07,80,9,19,16,2112.21,28726.06
102689,2024-07-19,170,5,2,4,12606.96,40342.27
102690,2025-09-03,84,1,2,6,7004.72,39926.9
102691,2023-09-19,118,3,22,5,1648.77,8243.85
102692,2024-07-24,250,5,21,7,12606.96,79423.85
102693,2025-12-10,57,2,14,12,576.14,6568.0
102694,2023-01-21,65,12,21,1,1192.37,1192.37
102695,2023-04-14,142,12,23,5,1192.37,5961.85
102696,2025-06-17,255,6,5,4,8457.66,33830.64
102697,2023-03-26,67,9,3,14,2112.21,29570.94
102698,2024-06-03,203,4,1,2,4210.9,8421.8
102699,2024-04-17,226,8,15,12,8152.69,97832.28
102700,2024-04-04,68,2,22,1,576.14,518.53
102701,2023-07-03,213,11,22,3,4866.69,13870.07
102702,2023-03-25,82,10,24,17,4677.47,79516.99
102703,2023-03-01,135,4,24,18,4210.9,68216.58
102704,2025-03-03,201,3,5,19,1648.77,31326.63
102705,2023-08-31,215,8,1,17,8152.69,138595.73
102706,2025-01-24,214,7,15,2,11044.9,22089.8
102707,2023-11-10,44,10,17,13,4677.47,60807.11
102708,2024-08-10,131,5,21,2,12606.96,23953.22
102709,2024-02-07,157,10,25,7,4677.47,29468.06
102710,2024-12-05,5,5,21,20,12606.96,252139.2
102711,2023-09-23,87,7,5,14,11044.9,131434.31
102712,2024-08-28,76,5,7,14,12606.96,158847.7
102713,2024-12-04,285,12,11,9,1192.37,9658.2
102714,2025-11-20,263,11,2,18,4866.69,78840.38
102715,2023-07-20,209,3,21,8,1648.77,11871.14
102716,2023-06-23,293,11,13,9,4866.69,43800.21
102717,2024-05-05,69,12,10,15,1192.37,14308.44
102718,2025-01-18,30,6,18,8,8457.66,67661.28
102719,2024-02-19,18,12,8,3,1192.37,3577.11
102720,2025-12-19,256,7,1,12,11044.9,106031.04
102721,2025-08-14,200,12,19,9,1192.37,10194.76
102722,2025-04-02,138,12,25,11,1192.37,11148.66
102723,2024-05-06,224,6,19,16,8457.66,108258.05
102724,2025-03-02,258,7,3,14,11044.9,154628.6
102725,2023-06-11,91,6,10,12,8457.66,101491.92
102726,2023-01-17,294,6,20,10,8457.66,80347.77
102727,2024-01-15,205,10,5,11,4677.47,46306.95
102728,2025-02-19,204,5,15,6,12606.96,75641.76
102729,2023-01-28,233,5,5,8,12606.96,100855.68
102730,2023-09-01,137,3,13,4,1648.77,5605.82
102731,2024-06-26,279,10,7,8,4677.47,33677.78
102732,2025-04-30,60,5,25,11,12606.96,117875.08
102733,2023-04-25,232,10,14,8,4677.47,33677.78
102734,2023-08-02,10,1,18,4,7004.72,26617.94
102735,2024-12-30,86,3,4,3,1648.77,4946.31
102736,2023-07-09,286,5,11,6,12606.96,75641.76
102737,2024-07-26,91,7,17,15,11044.9,165673.5
102738,2025-10-17,25,2,16,7,576.14,3831.33
102739,2023-02-21,271,7,11,5,11044.9,55224.5
102740,2025-07-16,68,10,14,13,4677.47,54726.4
102741,2024-02-04,240,1,4,9,7004.72,53586.11
102742,2023-04-06,183,3,15,18,1648.77,29677.86
102743,2025-01-22,167,11,17,2,4866.69,9733.38
102744,2025-09-17,92,12,5,3,1192.37,3577.11
102745,2024-02-04,62,7,1,20,11044.9,220898.0
102746,2023-09-10,112,7,17,3,11044.9,31477.97
102747,2023-03-13,102,2,7,13,576.14,7115.33
102748,2023-11-12,266,7,6,1,11044.9,10492.65
102749,2025-09-19,127,6,5,12,8457.66,81193.54
102750,2024-03-12,121,3,6,5,1648.77,7831.66
102751,2025-06-25,117,12,20,7,1192.37,7094.6
102752,2023-12-23,1,5,12,16,12606.96,181540.22
102753,2024-03-30,182,4,5,8,4210.9,32002.84
102754,2024-12-17,18,8,13,3,8152.69,20789.36
102755,2025-07-29,24,9,6,13,2112.21,26085.79
102756,2023-09-05,259,3,7,13,1648.77,21434.01
102757,2023-09-13,80,7,4,12,11044.9,125911.86
102758,2024-03-31,286,11,18,6,4866.69,26280.13
102759,2025-10-06,223,12,25,9,1192.37,10194.76
102760,2025-04-04,245,4,11,15,4210.9,56847.15
102761,2024-03-05,111,12,5,5,1192.37,4769.48
102762,2025-11-07,9,11,4,20,4866.69,97333.8
102763,2024-12-09,287,11,24,19,4866.69,92467.11
102764,2024-01-13,92,12,12,13,1192.37,15500.81
102765,2024-11-22,109,6,21,2,8457.66,14378.02
102766,2025-09-07,126,2,21,4,576.14,2189.33
102767,2025-10-04,142,2,8,1,576.14,547.33
102768,2024-09-16,63,11,18,11,4866.69,53533.59
102769,2023-05-27,113,7,6,13,11044.9,129225.33
102770,2024-08-10,205,4,19,16,4210.9,60636.96
102771,2024-10-04,142,8,2,12,8152.69,97832.28
102772,2023-12-23,35,6,3,14,8457.66,94725.79
102773,2023-06-08,290,11,11,11,4866.69,50856.91
102774,2023-07-07,296,12,13,19,1192.37,18124.02
102775,2025-07-12,281,8,12,6,8152.69,48916.14
102776,2023-10-08,10,5,6,14,12606.96,141197.95
102777,2023-05-26,255,2,5,3,576.14,1728.42
102778,2024-02-18,293,4,25,14,4210.9,50109.71
102779,2025-08-05,273,10,21,15,4677.47,66653.95
102780,2025-12-07,243,4,3,6,4210.9,24002.13
102781,2024-04-18,41,10,25,6,4677.47,28064.82
102782,2023-02-27,236,6,23,19,8457.66,128556.43
102783,2025-08-31,279,7,12,8,11044.9,79523.28
102784,2024-09-24,104,2,20,3,576.14,1642.0
102785,2024-09-24,97,1,17,19,7004.72,126435.2
102786,2023-09-13,75,1,6,4,7004.72,26617.94
102787,2023-02-18,179,8,13,9,8152.69,58699.37
102788,2025-07-23,146,8,1,2,8152.69,16305.38
102789,2025-08-08,203,5,10,18,12606.96,204232.75
102790,2025-04-01,153,10,15,19,4677.47,84428.33
102791,2023-07-02,215,4,13,12,4210.9,48004.26
102792,2024-06-10,170,1,1,14,7004.72,98066.08
102793,2024-03-27,241,4,2,19,4210.9,72006.39
102794,2025-05-23,96,8,15,3,8152.69,24458.07
102795,2025-01-03,71,10,23,13,4677.47,60807.11
102796,2025-01-29,239,12,1,6,1192.37,7154.22
102797,2025-12-19,83,8,14,7,8152.69,54215.39
102798,2023-06-10,161,10,10,17,4677.47,75541.14
102799,2024-11-17,202,6,10,14,8457.66,106566.52
102800,2024-11-07,135,5,24,8,12606.96,100855.68
102801,2023-05-30,157,10,4,13,4677.47,57766.75
102802,2024-05-15,125,12,9,9,1192.37,10194.76
102803,2024-07-06,210,5,1,17,12606.96,192886.49
102804,2023-12-17,75,4,2,19,4210.9,80007.1
102805,2025-09-03,112,10,22,18,4677.47,79984.74
102806,2024-07-06,52,4,6,4,4210.9,13474.88
102807,2025-07-01,67,1,23,6,7004.72,42028.32
102808,2023-03-30,246,6,10,17,8457.66,143780.22
102809,2025-04-25,190,6,16,19,8457.66,160695.54
102810,2023-03-18,126,1,2,10,7004.72,70047.2
102811,2024-09-15,196,2,5,20,576.14,11522.8
102812,2023-02-26,73,12,12,4,1192.37,4769.48
102813,2025-08-03,171,7,12,17,11044.9,168986.97
102814,2024-11-08,299,6,21,16,8457.66,108258.05
102815,2025-05-31,41,10,20,7,4677.47,27830.95
102816,2025-01-08,283,5,7,9,12606.96,102116.38
102817,2024-03-29,44,2,8,18,576.14,9851.99
102818,2024-02-24,152,3,7,14,1648.77,23082.78
102819,2023-10-05,18,4,7,10,4210.9,40003.55
102820,2025-04-12,107,11,4,1,4866.69,4866.69
102821,2025-05-01,259,12,23,13,1192.37,13950.73
102822,2023-02-27,17,9,21,11,2112.21,20910.88
102823,2024-07-28,196,10,2,5,4677.47,19879.25
102824,2025-09-24,225,5,3,15,12606.96,189104.4
102825,2024-09-10,107,6,2,5,8457.66,42288.3
102826,2025-01-20,25,3,6,18,1648.77,28193.97
102827,2025-03-11,174,3,15,11,1648.77,16322.82
102828,2023-11-23,102,4,5,17,4210.9,57268.24
102829,2024-04-23,5,3,1,5,1648.77,8243.85
102830,2023-08-09,111,4,1,8,4210.9,33687.2
102831,2025-04-16,240,8,3,4,8152.69,29349.68
102832,2025-07-23,187,1,15,14,7004.72,98066.08
102833,2024-12-12,162,4,24,2,4210.9,8421.8
102834,2024-03-07,29,2,6,8,576.14,4148.21
102835,2024-06-13,250,3,8,1,1648.77,1648.77
102836,2023-09-27,24,3,18,10,1648.77,15663.31
102837,2023-02-03,47,8,23,6,8152.69,39132.91
102838,2023-09-29,150,1,12,2,7004.72,13308.97
102839,2025-04-27,133,11,18,15,4866.69,65700.31
102840,2025-09-02,254,6,9,14,8457.66,118407.24
102841,2024-01-10,136,1,13,12,7004.72,79853.81
102842,2025-06-21,79,11,16,5,4866.69,24333.45
102843,2023-05-12,93,3,11,20,1648.77,32975.4
102844,2024-12-03,198,7,25,18,11044.9,198808.2
102845,2025-11-04,76,4,16,8,4210.9,32002.84
102846,2023-06-06,96,2,5,3,576.14,1728.42
102847,2025-12-23,235,9,2,8,2112.21,15207.91
102848,2025-05-01,26,11,3,15,4866.69,62050.3
102849,2025-09-19,150,12,2,8,1192.37,9062.01
102850,2024-05-30,182,3,20,11,1648.77,16322.82
102851,2023-08-13,253,2,6,6,576.14,3456.84
102852,2025-03-05,131,4,8,18,4210.9,72006.39
102853,2025-01-08,149,3,5,4,1648.77,6595.08
102854,2024-10-18,134,10,21,13,4677.47,54726.4
102855,2024-02-04,1,12,18,7,1192.37,8346.59
102856,2024-09-10,227,1,10,17,7004.72,107172.22
102857,2024-11-08,7,5,15,1,12606.96,11346.26
102858,2025-02-05,194,9,22,12,2112.21,25346.52
102859,2024-10-03,98,11,15,16,4866.69,77867.04
102860,2024-01-08,204,7,21,7,11044.9,77314.3
102861,2024-10-10,213,4,9,6,4210.9,24002.13
102862,2024-10-15,88,3,12,19,1648.77,31326.63
102863,2025-03-28,179,9,3,5,2112.21,9504.94
102864,2025-01-25,294,12,6,5,1192.37,5663.76
102865,2024-10-22,211,4,2,5,4210.9,20001.77
102866,2025-04-03,120,7,8,15,11044.9,149106.15
102867,2025-04-16,89,10,24,10,4677.47,42097.23
102868,2023-03-29,221,7,3,11,11044.9,109344.51
102869,2023-02-25,283,6,4,7,8457.66,59203.62
102870,2023-03-24,23,5,19,18,12606.96,192886.49
102871,2023-11-18,33,11,3,6,4866.69,24820.12
102872,2023-12-21,40,6,24,10,8457.66,80347.77
102873,2023-08-19,191,9,5,14,2112.21,28092.39
102874,2025-04-02,153,1,4,19,7004.72,133089.68
102875,2023-04-30,200,5,10,5,12606.96,56731.32
102876,2023-03-29,199,3,19,17,1648.77,23824.73
102877,2025-12-10,246,4,11,17,4210.9,71585.3
102878,2025-03-05,206,5,13,10,12606.96,113462.64
102879,2025-06-10,67,4,10,6,4210.9,25265.4
102880,2025-06-12,75,3,3,7,1648.77,11541.39
102881,2023-05-11,24,5,6,20,12606.96,252139.2
102882,2023-08-19,145,12,16,17,1192.37,17229.75
102883,2023-08-18,47,8,20,15,8152.69,122290.35
102884,2024-07-22,295,12,17,4,1192.37,4292.53
102885,2024-02-12,57,12,18,1,1192.37,1192.37
102886,2025-05-14,210,1,24,6,7004.72,37825.49
102887,2024-12-13,101,12,6,18,1192.37,21462.66
102888,2024-01-22,50,1,11,2,7004.72,14009.44
102889,2024-05-15,272,4,18,1,4210.9,3579.27
102890,2023-11-28,214,10,6,19,4677.47,79984.74
102891,2025-07-12,204,9,23,14,2112.21,29570.94
102892,2025-06-12,125,4,6,18,4210.9,60636.96
102893,2025-10-24,198,11,7,7,4866.69,30660.15
102894,2023-06-20,259,6,21,4,8457.66,28756.04
102895,2025-04-04,91,7,15,4,11044.9,44179.6
102896,2023-08-11,1,2,7,5,576.14,2592.63
102897,2024-02-16,116,12,20,5,1192.37,5961.85
102898,2025-11-06,115,6,6,15,8457.66,114178.41
102899,2023-05-10,271,8,11,1,8152.69,7745.06
102900,2025-10-06,198,2,21,2,576.14,1094.67
102901,2025-01-28,298,3,1,18,1648.77,28193.97
102902,2024-06-29,127,2,20,5,576.14,2736.67
102903,2025-04-19,60,8,17,4,8152.69,32610.76
102904,2025-12-28,127,9,23,10,2112.21,21122.1
102905,2023-02-04,78,12,13,13,1192.37,15500.81
102906,2025-03-28,274,7,25,6,11044.9,62955.93
102907,2023-07-12,71,6,15,7,8457.66,59203.62
102908,2023-11-29,176,6,8,20,8457.66,169153.2
102909,2023-01-19,228,12,10,5,1192.37,5663.76
102910,2025-06-30,138,11,16,5,4866.69,21900.1
102911,2024-09-15,33,8,19,20,8152.69,163053.8
102912,2023-01-08,284,10,15,10,4677.47,42097.23
102913,2024-12-21,293,5,13,9,12606.96,113462.64
102914,2025-10-29,155,2,14,15,576.14,8642.1
102915,2025-11-28,176,4,13,19,4210.9,76006.74
102916,2025-02-18,150,10,18,1,4677.47,4677.47
102917,2023-12-08,264,7,1,11,11044.9,97195.12
102918,2023-03-06,84,7,5,15,11044.9,165673.5
102919,2023-05-06,10,9,6,9,2112.21,18059.4
102920,2025-12-01,54,4,1,18,4210.9,64426.77
102921,2024-01-25,22,6,16,10,8457.66,76118.94
102922,2024-04-30,243,5,24,4,12606.96,47906.45
102923,2024-04-29,8,3,15,12,1648.77,16817.45
102924,2024-03-11,24,11,12,13,4866.69,56940.27
102925,2024-12-29,105,1,12,13,7004.72,91061.36
102926,2024-01-28,225,9,22,10,2112.21,20065.99
102927,2025-10-26,246,12,1,4,1192.37,4531.01
102928,2023-03-13,16,2,21,7,576.14,3831.33
102929,2023-09-09,25,4,9,10,4210.9,42109.0
102930,2023-09-27,23,7,16,9,11044.9,89463.69
102931,2025-03-31,192,3,10,2,1648.77,3297.54
102932,2023-09-16,60,6,12,20,8457.66,160695.54
102933,2023-10-08,162,7,25,6,11044.9,66269.4
102934,2023-09-13,5,6,8,7,8457.66,50323.08
102935,2024-08-26,226,1,9,16,7004.72,112075.52
102936,2024-09-13,278,5,22,11,12606.96,138676.56
102937,2025-06-14,168,3,4,8,1648.77,12530.65
102938,2025-09-28,42,3,10,11,1648.77,16322.82
102939,2023-12-07,29,1,24,8,7004.72,56037.76
102940,2023-07-07,35,12,25,16,1192.37,19077.92
102941,2023-10-21,238,8,6,14,8152.69,102723.89
102942,2024-05-19,178,9,11,11,2112.21,22072.59
102943,2024-09-17,88,11,12,5,4866.69,21900.1
102944,2025-04-11,60,9,11,16,2112.21,33795.36
102945,2023-05-17,29,6,2,17,8457.66,122213.19
102946,2024-09-23,48,5,15,15,12606.96,189104.4
102947,2025-01-19,110,6,25,5,8457.66,42288.3
102948,2024-08-28,58,8,4,12,8152.69,92940.67
102949,2025-07-29,103,5,10,20,12606.96,252139.2
102950,2025-09-27,262,9,1,8,2112.21,16897.68
102951,2025-05-12,43,2,23,7,576.14,4032.98
102952,2024-01-09,219,1,17,16,7004.72,106471.74
102953,2023-05-20,181,3,16,18,1648.77,28193.97
102954,2025-06-09,95,6,22,3,8457.66,25372.98
102955,2024-09-18,210,6,22,7,8457.66,50323.08
102956,2025-09-15,263,1,4,17,7004.72,113126.23
102957,2025-05-20,245,4,10,9,4210.9,32213.39
102958,2025-09-08,227,12,13,6,1192.37,6796.51
102959,2023-05-14,159,4,7,13,4210.9,54741.7
102960,2024-06-10,193,11,14,9,4866.69,35040.17
102961,2023-03-01,19,2,2,18,576.14,9851.99
102962,2024-04-11,296,1,18,8,7004.72,50433.98
102963,2024-11-28,84,2,23,3,576.14,1642.0
102964,2025-12-05,149,5,6,10,12606.96,126069.6
102965,2025-11-19,265,5,20,20,12606.96,226925.28
102966,2025-06-16,88,9,12,16,2112.21,33795.36
102967,2024-12-14,267,3,17,4,1648.77,5935.57
102968,2023-10-21,37,8,24,19,8152.69,147156.05
102969,2023-06-01,71,5,17,18,12606.96,226925.28
102970,2025-07-14,42,8,1,11,8152.69,80711.63
102971,2024-06-21,169,2,9,7,576.14,3831.33
102972,2023-11-24,268,7,17,4,11044.9,44179.6
102973,2023-03-02,108,9,17,11,2112.21,20910.88
102974,2023-08-22,42,10,8,20,4677.47,74839.52
102975,2023-06-13,141,6,19,1,8457.66,7189.01
102976,2023-12-08,54,8,15,19,8152.69,154901.11
102977,2025-05-20,217,10,7,8,4677.47,33677.78
102978,2024-10-03,259,9,25,1,2112.21,1900.99
102979,2023-01-25,164,4,5,13,4210.9,54741.7
102980,2023-09-07,295,4,19,3,4210.9,12632.7
102981,2025-12-26,65,10,16,10,4677.47,46774.7
102982,2024-12-16,63,4,24,14,4210.9,58952.6
102983,2025-12-23,168,9,4,17,2112.21,32316.81
102984,2024-11-02,32,3,10,7,1648.77,10387.25
102985,2023-05-23,176,12,17,16,1192.37,19077.92
102986,2023-10-14,226,2,7,12,576.14,6568.0
102987,2024-05-17,108,6,8,20,8457.66,169153.2
102988,2024-11-14,279,6,25,14,8457.66,118407.24
102989,2024-08-20,231,11,8,3,4866.69,13140.06
102990,2025-02-08,123,10,16,19,4677.47,88871.93
102991,2023-08-25,52,7,10,8,11044.9,88359.2
102992,2023-03-29,69,9,8,16,2112.21,32105.59
102993,2023-11-21,279,10,14,13,4677.47,57766.75
102994,2024-05-25,152,3,17,3,1648.77,4946.31
102995,2023-05-21,212,2,2,4,576.14,2189.33
102996,2024-10-24,105,6,18,10,8457.66,80347.77
102997,2025-02-03,64,1,7,18,7004.72,119780.71
102998,2024-03-14,5,5,5,16,12606.96,191625.79
102999,2025-11-08,53,5,21,9,12606.96,102116.38
103000,2025-12-19,297,4,19,11,4210.9,41687.91
